id,debate_id,speaker,text,check_worthy,spans,error
2000100300015,20001003_gore_bush,BUSH,"Actually what I’ve said, Jim. I’ve said that eight years ago they campaigned on prescription drugs for seniors. And four years ago they campaigned on getting prescription drugs for seniors. And now they’re campaigning on getting prescription drugs for seniors. It seems like they can’t get it done. Now, they may blame other folks, but it’s time to get somebody in Washington who is going to work with both Republicans and Democrats to get some positive things done when it comes to our seniors. And so what I’ve said is that there’s been some missed opportunities. They’ve had a chance. They’ve had a chance to form consensus. I’ve got a plan on Medicare, for example, that’s a two-stage plan that says we’ll have immediate help for seniors and what I call immediate Helping Hand, a $48 billion program. But I also want to say to seniors, if you’re happy with Medicare the way it is, fine, you can stay in the program. But we’re going to give you additional choices like they give federal employees in the federal employee health plan. They have a variety of choices to choose, so should seniors. And my point has been, as opposed to politicizing an issue like Medicare, in other words, holding it up as an issue, hoping somebody bites it and try to clobber them over the head with it for political purposes, this year, in the year 2000, it’s time to get it done once and for all. That’s what I’ve been critical about the administration for. Same with Social Security. I think there was a good opportunity to bring Republicans and Democrats together to reform the Social Security system so seniors will never go without. Those on Social Security today will have their promise made, but also to give younger workers the option at their choice of being able to manage some of their own money in the private sector to make sure there’s a Social Security system around tomorrow. There are a lot of young workers at our rallies we go to that when they hear I’ll trust them at their option to be able to manage, under certain guidelines, some of their own money to get a better rate of return so that they’ll have a retirement plan in the future, they begin to nod their heads and they want a different attitude in Washington.",True,"[{""start"": 45, ""end"": 259, ""text"": ""eight years ago they campaigned on prescription drugs for seniors. And four years ago they campaigned on getting prescription drugs for seniors. And now they’re campaigning on getting prescription drugs for seniors"", ""reason_text"": """", ""reason_choices"": [""comparative/temporal"", ""stance/support"", ""medicine"", ""politics""]}, {""start"": 967, ""end"": 1077, ""text"": ""like they give federal employees in the federal employee health plan. They have a variety of choices to choose"", ""reason_text"": """", ""reason_choices"": [""vague quantitative"", ""medicine""]}]",
2000100300085,20001003_gore_bush,BUSH,"I agree our military is the strongest in the world today, that’s not the question. The question is will it be the strongest in the years to come? The warning signs are real. Everywhere I go on the campaign trail I see moms and dads whose son or daughter may wear the uniform and they tell me about how discouraged their son or daughter may be. A recent poll was taken among 1,000 enlisted personnel, as well as officers, over half of whom will leave the service when their time of enlistment is up. The captains are leaving the service. There is a problem. And it’s going to require a new commander in chief to rebuild the military power. The other day I was honored to be flanked by Colin Powell and General Norman Schwartzkopf recently stood by me side and agreed with me. They said even if we are the strongest if we don't do something if we don’t have a clear vision of the military, if we don’t stop extending our troops all around the world and nation building missions, then we’re going to have a serious problem coming down the road, and I’m going to prevent that. I’m going to rebuild our military power. It’s one of the major priorities of my administration.",True,"[{""start"": 344, ""end"": 497, ""text"": ""A recent poll was taken among 1,000 enlisted personnel, as well as officers, over half of whom will leave the service when their time of enlistment is up"", ""reason_text"": """", ""reason_choices"": [""numerical absolute"", ""statistic"", ""epistemic"", ""defense/military""]}, {""start"": 701, ""end"": 773, ""text"": ""General Norman Schwartzkopf recently stood by me side and agreed with me"", ""reason_text"": """", ""reason_choices"": [""attribution"", ""stance/support"", ""defense/military""]}]",
2000100300020,20001003_gore_bush,BUSH,"I cannot let this go by, the old-style Washington politics, of we’re going to scare you in the voting booth. Under my plan the man gets immediate help with prescription drugs. It’s called Immediate Helping Hand. Instead of squabbling and finger pointing, he gets immediate help. Let me say something.",False,[],
2000100300134,20001003_gore_bush,BUSH,I can’t let the man continue with fuzzy math. It is 1.3 trillion Mr. Vice President. It will go to everybody who pays taxes. I’m not going to be the kind of president that says you get tax relief and you don’t. I’m not going to be a picker and chooser. What is fair is everybody who pays taxes ought to get relief.,True,"[{""start"": 46, ""end"": 64, ""text"": ""It is 1.3 trillion"", ""reason_text"": """", ""reason_choices"": [""numerical absolute"", ""economy""]}]",
2000100300047,20001003_gore_bush,BUSH,"I don’t think a president can do that. I was disappointed in the ruling because I think abortions ought to be more rare in America, and I’m worried that that pill will create more abortions and cause more people to have abortions. This is a very important topic and it’s a very sensitive topic, because a lot of good people disagree on the issue. I think what the next president ought to do is to promote a culture of life in America. Life of the elderly and life of those living all across the country. Life of the unborn. As a matter of fact, I think a noble goal for this country is that every child, born or unborn, need to be protected by law and welcomed to life. I know we need to change a lot of minds before we get there in America. What I do believe is that we can find good, common ground on issues of parental consent or parental notification. I know we need to ban partial birth abortions. This is a place where my opponent and I have strong disagreement. I believe banning partial birth abortions would be a positive step to reducing the number of abortions in America. This is an issue that will require a new attitude. We’ve been battling over abortion for a long period of time. Surely this nation can come together to promote the value of life. Surely we can fight off these laws that will encourage doctors to — to allow doctors to take the lives of our seniors. Surely we can work together to create a cultural life so some of these youngsters who feel like they can take a neighbor’s life with a gun will understand that that’s not the way America is meant to be. Surely we can find common ground to reduce the number of abortions in America. As to the drug itself, I mentioned I was disappointed. I hope the FDA took its time to make sure that American women will be safe who use this drug.",True,"[{""start"": 153, ""end"": 229, ""text"": ""that pill will create more abortions and cause more people to have abortions"", ""reason_text"": """", ""reason_choices"": [""forecast/projection"", ""abortion""]}, {""start"": 878, ""end"": 901, ""text"": ""partial birth abortions"", ""reason_text"": """", ""reason_choices"": [""abortion""]}, {""start"": 987, ""end"": 1010, ""text"": ""partial birth abortions"", ""reason_text"": """", ""reason_choices"": [""abortion""]}, {""start"": 1287, ""end"": 1380, ""text"": ""these laws that will encourage doctors to — to allow doctors to take the lives of our seniors"", ""reason_text"": """", ""reason_choices"": [""medicine"", ""euthanasia""]}]",
2000100300051,20001003_gore_bush,BUSH,I don’t think a president can unilaterally overturn it. The FDA has made its decision.,False,[],
2000100300018,20001003_gore_bush,BUSH,"I guess my answer to that is the man is running on Medi-scare. Trying to frighten people in the voting booth. It’s just not the way I think and it’s not my intentions and not my plan. I want all seniors to have prescription drugs in Medicare. We need to reform Medicare. There's been opportunity to do so but this administration has failed to do it. And so seniors will have not only a Medicare plan where the poor seniors will have prescription drugs paid for, but there will be a variety of options. The current system today has meant a lot for a lot of seniors, and I really appreciate the intentions of the current system as I mentioned. If you’re happy with the system you can stay in it. But there are a lot of procedures that haven’t kept up in Medicare with the current times. No prescription drug benefits, no drug therapy, no preventative medicines, no vision care. We need to have a modern system to help seniors, and the idea of supporting a federally controlled 132,000-page document bureaucracy as being a compassionate way for seniors, and the only compassionate source of care for seniors is not my vision. I believe we ought to give seniors more options. I believe we ought to make the system work better. I know this. I know it will require a different kind of leader to go to Washington to say to both Republicans and Democrats, let’s come together. You’ve had your chance, Vice President, you’ve been there for eight years and nothing has been done. My point is, is that my plan not only trusts seniors with options, my plan sets aside $3.4 trillion for Medicare over the next ten years. My plan also says it requires a new approach in Washington, D.C. It’s going to require somebody who can work across the partisan divide.",True,"[{""start"": 785, ""end"": 874, ""text"": ""No prescription drug benefits, no drug therapy, no preventative medicines, no vision care"", ""reason_text"": """", ""reason_choices"": [""medicine""]}, {""start"": 952, ""end"": 1008, ""text"": ""a federally controlled 132,000-page document bureaucracy"", ""reason_text"": """", ""reason_choices"": [""numerical absolute"", ""medicine"", ""politics""]}, {""start"": 1409, ""end"": 1468, ""text"": ""you’ve been there for eight years and nothing has been done"", ""reason_text"": """", ""reason_choices"": [""comparative/temporal"", ""attribution"", ""medicine""]}, {""start"": 1537, ""end"": 1606, ""text"": ""my plan sets aside $3.4 trillion for Medicare over the next ten years"", ""reason_text"": """", ""reason_choices"": [""numerical absolute"", ""comparative/temporal"", ""stance/support"", ""medicine""]}]",
2000100300013,20001003_gore_bush,BUSH,I hope it's about wealthy people.,False,[],
2000100300055,20001003_gore_bush,BUSH,I said I would make sure that women would be safe who used the drug.,False,[],
2000100300053,20001003_gore_bush,BUSH,"I think once a decision has been made, it’s been made unless it’s proven to be unsafe to women.",False,[],
2000100300153,20001003_gore_bush,BUSH,"I think people need to be held responsible for the actions they take in life. I think that — well, I think that’s part of the need for a cultural change. We need to say we each need to be responsible for what we do. People in the highest office of the land must be responsible for decisions they make in life. And that’s the way I’ve conducted myself as Governor of Texas and that’s the way I’ll conduct myself as President of the United States, should I be fortunate enough to earn your vote.",False,[],
2000100300089,20001003_gore_bush,BUSH,"I think you’ve got to look at how one has handled responsibility in office. Whether or not it’s — the same in domestic policy as well. Whether or not you have the capacity to convince people to follow? Whether or not one makes decisions based on sound principles or whether or not you rely upon polls and focus groups on how to decide what the course of action is. We have too much polling and focus groups going on in Washington today. We need decisions made on sound principles. I’ve been the governor of a big state. I think one of the hallmarks of my relationship in Austin, Texas, is that I’ve had the capacity to work with both Republicans and Democrats. I think that’s an important part of leadership. I think what it means to build consensus. I’ve shown I know how to do so. Tonight in the audience there’s one elected state senator who is a Democrat, a former state-wide officer who is a Democrat, a lot of Democrats who are here in the debate to — because they want to show their support that shows I know how to lead. And so the fundamental answer to your question, who can lead and who’s shown the ability to get things done?",True,"[{""start"": 382, ""end"": 435, ""text"": ""polling and focus groups going on in Washington today"", ""reason_text"": """", ""reason_choices"": [""politics""]}]",
2000100300139,20001003_gore_bush,BUSH,"I thought it was interesting that on the two minutes he spent about a million-and-a-half on my plan, which means he doesn’t want you to know what he’s doing is loading up IOUs for future generations. He puts no real assets into the Social Security system. The revenues exceed the expenses in Social Security until the year 2015 which means all retirees are going to get the promises made. For those of you who he wants to scare into the voting booth to vote for him, hear me loud and clear. A promise made will be a promise kept. You bet we want to allow younger workers to take some of their own money. That’s the difference of opinion. The vice president thinks it’s the government’s money. The payroll taxes are your money. You ought to put it in prudent, safe investments so that $1 trillion over the next ten years grows to be $3 trillion. The money stays within the Social Security system. It’s a part of the Social Security system. He claims it will be out of Social Security. It’s your money, it’s a part of your retirement benefit. It’s a fundamental difference between what we believe. I want you to have your own asset that you can call your own. That you can pass on from one generation to the next. I want to get a better rate of return for your own money than the paltry 2% that the current Social Security Trust gets today. Mr. Greenspan I thought missed an opportunity to say there’s a third way, and that is to get a better rate of return on the Social Security monies coming into the trust. There is $2.3 trillion of surplus that we can use to make sure that younger workers have a Social Security plan in the future. If we’re smart and if we trust workers and if we understand the power of the compounding rate of interest.",True,"[{""start"": 256, ""end"": 327, ""text"": ""The revenues exceed the expenses in Social Security until the year 2015"", ""reason_text"": """", ""reason_choices"": [""forecast/projection"", ""economy""]}, {""start"": 1285, ""end"": 1337, ""text"": ""2% that the current Social Security Trust gets today"", ""reason_text"": """", ""reason_choices"": [""statistic"", ""economy""]}, {""start"": 1509, ""end"": 1542, ""text"": ""There is $2.3 trillion of surplus"", ""reason_text"": """", ""reason_choices"": [""numerical absolute"", ""economy""]}]",
2000100300160,20001003_gore_bush,BUSH,"I want people to hear what he just said. He is for full public financing of Congressional elections. I’m absolutely, adamently opposed to that. I don’t want the government financing congressional elections.",False,[],
2000100300158,20001003_gore_bush,BUSH,"I would support an effort to ban corporate soft money and labor union soft money so long as there was dues check-off. I’ve campaigned on this since the primaries. I believe there needs to be instant disclosure on the Internet as to who has given to who. I think we need to fully enforce the law. I think we need to have an attorney general that says if a law is broken, we’ll enforce it. Be strict and firm about it.",True,"[{""start"": 118, ""end"": 161, ""text"": ""I’ve campaigned on this since the primaries"", ""reason_text"": """", ""reason_choices"": [""comparative/temporal"", ""attribution"", ""stance/support"", ""economy"", ""politics""]}]",
2000100300034,20001003_gore_bush,BUSH,"If we can get it done in the first year, you bet. Yours is phased in in eight years.",True,"[{""start"": 50, ""end"": 83, ""text"": ""Yours is phased in in eight years"", ""reason_text"": """", ""reason_choices"": [""numerical absolute"", ""attribution"", ""stance/support""]}]",
2000100300063,20001003_gore_bush,BUSH,It sounds like the vice president's not right very many times tonight. I just told you the criteria on which I’ll appoint judges. I have a record of appointing judges in the State of Texas. That’s what a governor gets to do. A governor gets to name supreme court judges. He also reads all kinds of things into my tax plan and into my Medicare plan. I want the viewers out there to listen to what I have to say about it.,True,"[{""start"": 130, ""end"": 188, ""text"": ""I have a record of appointing judges in the State of Texas"", ""reason_text"": """", ""reason_choices"": [""epistemic"", ""attribution"", ""politics""]}]",
2000100300038,20001003_gore_bush,BUSH,"It’s an issue I know a lot about. I was a small oil person for a while in west Texas. This is an administration that’s had no plan. And all of a sudden the results of having no plan have caught up with America. First and foremost we have to fully fund LIHEAP which is a way to help low income folks, particularly here in the east to pay for high fuel bills. Secondly, we need an active exploration program in America. The only way to become less dependent on foreign sources of crude oil is to explore at home. You bet I want to open up a small part of Alaska. When that field is online it will produce one million barrels a day. Today we import one million barrels from Saddam Hussein. I would rather that a million come from our own hemisphere, our own country as opposed to Saddam Hussein. I want to build more pipelines to move natural gas throughout this hemisphere. I want to develop the coal resources in America. Have clean coal technologies. We've got abundant supplies of energy here in America and we'd better get after it, we better start exploring it or otherwise we’ll be in deep trouble in the future because of our dependency upon foreign sources of crude.",True,"[{""start"": 561, ""end"": 628, ""text"": ""When that field is online it will produce one million barrels a day"", ""reason_text"": """", ""reason_choices"": [""numerical absolute"", ""forecast/projection"", ""energy""]}, {""start"": 630, ""end"": 685, ""text"": ""Today we import one million barrels from Saddam Hussein"", ""reason_text"": """", ""reason_choices"": [""numerical absolute"", ""energy"", ""geopolitics""]}]",
2000100300080,20001003_gore_bush,BUSH,It’s not in our national interest to use force in this case. I would use pressure and diplomacy. There is a difference with what the president did in Kosovo which I supported and this. It’s up to the people in this region to take control of their country.,True,"[{""start"": 124, ""end"": 174, ""text"": ""what the president did in Kosovo which I supported"", ""reason_text"": """", ""reason_choices"": [""stance/support"", ""geopolitics""]}]",
2000100300066,20001003_gore_bush,BUSH,"I’ll tell you what kind of judges he’ll put on. He’ll put liberal activists justices who will use their bench to subvert the legislature, that’s what he’ll do.",False,[],
2000100300120,20001003_gore_bush,BUSH,"I’ve been standing up to big Hollywood, big trial lawyers. Was - what was the question? It was about emergencies, wasn’t it?",False,[],
2000100300008,20001003_gore_bush,BUSH,Let me just say that obviously tonight we’re going to hear some phony numbers about what I think and what we ought to do. People need to know that over the next ten years it is going to be $25 trillion of revenue that comes into our treasurey and we anticipate spending $21 trillion. And my plan say why don’t we pass 1.3 trillion of that back to the people who pay the bills? Surely we can afford 5% of the $25 trillion that are coming into the treasury to the hard working people that pay the bills. There is a difference of opinion. My opponent thinks the government — the surplus is the government’s money. That’s not what I think. I think it’s the hard-working people of America’s money and I want to share some of that money with you so you have more money to build and save and dream for your families. It’s a difference of opinion. It’s a difference between government making decisions for you and you getting more of your money to make decisions for yourself.,True,"[{""start"": 147, ""end"": 242, ""text"": ""over the next ten years it is going to be $25 trillion of revenue that comes into our treasurey"", ""reason_text"": """", ""reason_choices"": [""numerical absolute"", ""forecast/projection"", ""economy""]}]",
2000100300076,20001003_gore_bush,BUSH,"Let me say this to you, I wouldn’t use force. I wouldn’t use force.",False,[],
2000100300104,20001003_gore_bush,BUSH,Let me talk about tax cuts one more time. This is a man whose plan excludes 50 million Americans.,True,"[{""start"": 56, ""end"": 96, ""text"": ""whose plan excludes 50 million Americans"", ""reason_text"": """", ""reason_choices"": [""numerical absolute"", ""attribution"", ""stance/support"", ""economy""]}]",
2000100300101,20001003_gore_bush,BUSH,"Let me tell you what the facts are. The facts are after my plan, the wealthiest of Americans pay more taxes of the percentage of the whole than they do today. Secondly, if you’re a family of four making $50,000 in Massachusetts, you get a 50% tax cut. Let me give you one example. The Strunk family in Allentown, Pennsylvania, I campaigned with them the other day. They make $51,000 combined income, they pay about $3500 in taxes. Under my plan, they get $1800 of tax relief. Under Vice President Gore’s plan, they get $145 of tax relief. Now you tell me who stands on the side of the fence. You ask the Strunks whose plan makes more sense. There is a difference of opinion. He would rather spend the family’s $1800 and I would rather the Strunks spend their own money.",True,"[{""start"": 50, ""end"": 157, ""text"": ""after my plan, the wealthiest of Americans pay more taxes of the percentage of the whole than they do today"", ""reason_text"": """", ""reason_choices"": [""comparative/temporal"", ""forecast/projection"", ""stance/support"", ""economy""]}, {""start"": 431, ""end"": 474, ""text"": ""Under my plan, they get $1800 of tax relief"", ""reason_text"": """", ""reason_choices"": [""numerical absolute"", ""forecast/projection"", ""stance/support"", ""economy""]}, {""start"": 476, ""end"": 537, ""text"": ""Under Vice President Gore’s plan, they get $145 of tax relief"", ""reason_text"": """", ""reason_choices"": [""numerical absolute"", ""forecast/projection"", ""attribution"", ""stance/support"", ""economy""]}]",
2000100300023,20001003_gore_bush,BUSH,"Look, this is a man who has great numbers. He talks about numbers. I’m beginning to think not only did he invent the Internet, but he invented the calculator. It’s fuzzy math. It’s a scaring — he’s trying to scare people in the voting booth. Under my tax plan that he continues to criticize, I set one-third. The federal government should take no more than a third of anybody’s check. But I also dropped the bottom rate from 15% to 10%. Because by far the vast majority of the help goes to people at the bottom end of the economic ladder. If you’re a family of four in Massachusetts, making $50,000, you get a 50% cut in the federal income taxes you pay. It’s from $4000 to about $2000. Now, the difference in our plans is I want that $2,000 to go to you, and the vice president would like to be spending the $2,000 on your behalf.",True,"[{""start"": 389, ""end"": 435, ""text"": ""I also dropped the bottom rate from 15% to 10%"", ""reason_text"": """", ""reason_choices"": [""numerical absolute"", ""comparative/temporal"", ""economy""]}, {""start"": 445, ""end"": 537, ""text"": ""by far the vast majority of the help goes to people at the bottom end of the economic ladder"", ""reason_text"": """", ""reason_choices"": [""vague quantitative"", ""statistic"", ""economy""]}, {""start"": 539, ""end"": 653, ""text"": ""If you’re a family of four in Massachusetts, making $50,000, you get a 50% cut in the federal income taxes you pay"", ""reason_text"": """", ""reason_choices"": [""numerical absolute"", ""economy""]}]",
2000100300128,20001003_gore_bush,BUSH,"No, there’s no difference on that. There is a difference, though, as to what the economy has meant. I think the economy has meant more for the Gore and Clinton folks than the Gore and Clinton folks have meant for the economy. I think most of the economic growth that has taken place is a result of ingenuity and hard work and entrepreneurship and that’s the role of goverment to encourage that. In terms of in response to the question, no.",False,[],
2000100300044,20001003_gore_bush,BUSH,No. It’s the right thing for the consumers. Less dependency upon foreign sources of crude is good for consumers. And we can do so in an environmentally friendly way.,False,[],
2000100300141,20001003_gore_bush,BUSH,"No. There’s enough money to pay seniors today in the current affairs of Social Security. The trillion comes from the surplus. Surplus is money — more money than needed. Let me tell you what your plan is. It’s not Social Security plus, it’s Social Security plus huge debt. That is what it is. You leave future generations with tremendous IOUs. It’s time to have a leader that doesn’t put off tomorrow what we should do today. It’s time to have somebody to step up and say look, let’s let younger workers take some of their own money and under certain guidelines invest it in the private markets. The safest of federal investments yields 4%. That’s twice the amount of rate of return than the current Social Security Trust. It’s a fundamental difference of opinion here, folks. Younger worker after younger worker hears my call that says I trust you. And you know what, the issue is changing. Seniors now understand that the promise made will be a promise kept, but younger workers now understand we better have a government that trusts them and that’s exactly what I’m going to do.",True,"[{""start"": 4, ""end"": 87, ""text"": ""There’s enough money to pay seniors today in the current affairs of Social Security"", ""reason_text"": """", ""reason_choices"": [""economy""]}, {""start"": 595, ""end"": 638, ""text"": ""The safest of federal investments yields 4%"", ""reason_text"": """", ""reason_choices"": [""numerical absolute"", ""forecast/projection"", ""economy""]}, {""start"": 640, ""end"": 720, ""text"": ""That’s twice the amount of rate of return than the current Social Security Trust"", ""reason_text"": """", ""reason_choices"": [""numerical absolute"", ""comparative/temporal"", ""economy""]}]",
2000100300114,20001003_gore_bush,BUSH,"Okay. First of all, most of good governance is at the state level. See, here is the mentality. I’m going to make the state do this and make the state do that. All I’m saying is if you spend money, show us results and test every year, which you do not do, Mr. Vice President. You don’t test every year. You can say you do to the cameras but you don’t, unless you’ve changed your plan here on the stage.",True,"[{""start"": 234, ""end"": 253, ""text"": ""which you do not do"", ""reason_text"": """", ""reason_choices"": [""attribution"", ""education""]}, {""start"": 275, ""end"": 300, ""text"": ""You don’t test every year"", ""reason_text"": """", ""reason_choices"": [""attribution"", ""education""]}]",
2000100300106,20001003_gore_bush,BUSH,"Take for example the marriage penalty. If you itemize your tax return, you get no marriage penalty relief. He picks and chooses. He decides who the right people are. It’s a fundamental difference of opinion. I want my fellow Americans to hear one more time. We’ll spend $25 trillion — we’ll collect $25 trillion in revenue in the next 10 years and spend $21 trillion. Surely we can send 5% back to you that pay the bills. There's a problem wait. I want to say something, Jim. This man has been disparaging my plan with all this Washington fuzzy math. I want you to hear a problem we've got here in the USA. If you’re a single mother making $22,000 a year and you have two children, under this tax code, for every additional dollar you make, you pay a higher marginal rate on that dollar than someone making more than $200,000 a year, and that is not right. My plan drops the rate from 15% to 10% and increases the child credit from $500 to $1,000 to make the code more fair for everybody, not just a few, not just a handful. Everybody who pays taxes ought to get some relief.",True,"[{""start"": 39, ""end"": 105, ""text"": ""If you itemize your tax return, you get no marriage penalty relief"", ""reason_text"": """", ""reason_choices"": [""economy""]}, {""start"": 285, ""end"": 366, ""text"": ""we’ll collect $25 trillion in revenue in the next 10 years and spend $21 trillion"", ""reason_text"": """", ""reason_choices"": [""numerical absolute"", ""forecast/projection"", ""economy""]}, {""start"": 607, ""end"": 832, ""text"": ""If you’re a single mother making $22,000 a year and you have two children, under this tax code, for every additional dollar you make, you pay a higher marginal rate on that dollar than someone making more than $200,000 a year"", ""reason_text"": """", ""reason_choices"": [""numerical absolute"", ""economy""]}]",
2000100300162,20001003_gore_bush,BUSH,"Thank you, Jim. Thank the University of Massachusetts and Mr. Vice President, thank you. It has been a good, lively exchange. There is a huge difference of opinion. Mine is I want to empower people in their own lives. I also want to go to Washington to get some positive things done. It is going to require a new spirit. A spirit of cooperation. It will require the ability of a Republican president to reach out across the partisan divide and to say to Democrats, let’s come together to do what is right for America. It’s been my record as Governor of Texas, it will be how I conduct myself if I’m fortunate enough to earn your vote as President of the United States. I want to finally get something done on Medicare. I want to make sure prescription drugs are available for all seniors. And I want seniors to have additional choices when it comes to choosing their health care plans. I want to finally get something done on Social Security. I want to make sure the seniors have the promise made will be a promise kept, but I want younger workers to be able to manage some of their own money, some of their own payroll taxes in the private sector under certain guidelines to get a better rate of return on your own money. I want to rebuild our military to keep the peace. I want to have a strong hand when it comes to the United States in world affairs. I don’t want to try to put our troops in all places at all times. I don’t want to be the world’s policeman, I want to be the world’s peacemaker by having a military of high morale and a military that is well-equipped. I want anti-ballistic missile systems to protect ourselves and our allies from a rogue nation that may try to hold us hostage or blackmail our allies and friends. I want to make sure the education system fulfills its hope and promise. I’ve had a strong record of working with Democrats and Republicans in Texas to make sure no child is left behind. I understand the limited role of the federal government, but it could be a constructive role when it comes to reform, by insisting that there be a strong accountability systems. My intentions are to earn your vote and earn your confidence. I’m asking for your vote. I want you to be on my team. And for those of you working, thanks from the bottom of my heart. For those of you making up your mind, I would be honored to have your support.",False,[],
2000100300030,20001003_gore_bush,BUSH,"That’s totally false for him to stand up here and say that. Let me make sure the seniors hear me loud and clear. They have had their chance to get something done. I’m going to work with Democrats and Republicans to reform the system. All seniors will be covered, all poor seniors will have their prescription drugs paid for, and in the meantime, we’ll have a plan to help poor seniors and in the meantime it could be one year or two years.",False,[],
2000100300111,20001003_gore_bush,BUSH,"The first is, the difference is there is no new accountability measures in Vice President Gore’s plan. He says he’s for voluntary testing. You can’t have voluntary testing. You must have mandatory testing. You must say that if you receive money you must show us whether or not children are learning to read and write and add and subtract. That’s the difference. You may claim you’ve got mandatory testing but you don’t, Mr. Vice President. That’s a huge difference. Testing is the cornerstone of reform. You know how I know? Because it’s the cornerstone of reform in the State of Texas. Republicans and Democrats came together and said what can we do to make our public education the best in the country? We’ve done a long way working together to do so. The cornerstone is to have strong accountability in return for money and in return for flexibility. We’re going to ask you to show us whether or not — we ask you to post the results on the Internet. We encourage parents to take a look at the comparative results of schools. We have a strong charter school movement that I signed the legislation to get started in the State of Texas. I believe if we find poor children trapped in schools that won’t teach, we need to free the parents. We need to expand education savings accounts. Something that the vice president's running mate supports. There’s big differences. He won’t support freeing local districts from the strings of federal money.",True,"[{""start"": 32, ""end"": 101, ""text"": ""there is no new accountability measures in Vice President Gore’s plan"", ""reason_text"": """", ""reason_choices"": [""attribution"", ""stance/support"", ""education""]}, {""start"": 362, ""end"": 418, ""text"": ""You may claim you’ve got mandatory testing but you don’t"", ""reason_text"": """", ""reason_choices"": [""attribution"", ""stance/support"", ""education""]}, {""start"": 1284, ""end"": 1341, ""text"": ""Something that the vice president's running mate supports"", ""reason_text"": """", ""reason_choices"": [""attribution"", ""stance/support"", ""education""]}]",
2000100300098,20001003_gore_bush,BUSH,"The man is practicing fuzzy math again. There’s differences. Under Vice President Gore’s plan, he is going to grow the federal government in the largest increase since Lyndon Baines Johnson in 1965. We’re talking about a massive government, folks. We’re talking about adding to or increasing 200 programs, 20,000 new bureaucrats. Imagine how many IRS agents it is going to take to be able to figure out his targeted tax cut for the middle class that excludes 50 million Americans. There is a huge difference in this campaign. He says he’s going to give you tax cuts. 50 million of you won’t receive it. He said in his speech he wants to make sure the right people get tax relief. That’s not the role of a president to decide right and wrong. Everybody who pays taxes ought to get tax relief. After my plan is in place, the wealthiest Americans will pay a higher percentage of taxes then they do today, the poorest of Americans, six million families, won’t pay any tax at all. It’s a huge difference. A difference between big exploding federal government that wants to think on your behalf and a plan that meets priorities and liberates working people to be able to make decisions on your own.",True,"[{""start"": 61, ""end"": 197, ""text"": ""Under Vice President Gore’s plan, he is going to grow the federal government in the largest increase since Lyndon Baines Johnson in 1965"", ""reason_text"": """", ""reason_choices"": [""comparative/temporal"", ""ranking"", ""forecast/projection"", ""attribution"", ""stance/support"", ""politics""]}, {""start"": 268, ""end"": 328, ""text"": ""adding to or increasing 200 programs, 20,000 new bureaucrats"", ""reason_text"": """", ""reason_choices"": [""numerical absolute"", ""forecast/projection"", ""politics""]}, {""start"": 403, ""end"": 479, ""text"": ""his targeted tax cut for the middle class that excludes 50 million Americans"", ""reason_text"": """", ""reason_choices"": [""numerical absolute"", ""attribution"", ""stance/support"", ""economy""]}, {""start"": 567, ""end"": 601, ""text"": ""50 million of you won’t receive it"", ""reason_text"": """", ""reason_choices"": [""numerical absolute"", ""economy""]}, {""start"": 603, ""end"": 678, ""text"": ""He said in his speech he wants to make sure the right people get tax relief"", ""reason_text"": """", ""reason_choices"": [""attribution"", ""economy""]}, {""start"": 792, ""end"": 974, ""text"": ""After my plan is in place, the wealthiest Americans will pay a higher percentage of taxes then they do today, the poorest of Americans, six million families, won’t pay any tax at all"", ""reason_text"": """", ""reason_choices"": [""numerical absolute"", ""comparative/temporal"", ""forecast/projection"", ""stance/support"", ""economy""]}]",
2000100300147,20001003_gore_bush,BUSH,"The man loves his wife and I appreciate that a lot. And I love mine. The man loves his family a lot, and I appreciate that, because I love my family. I think the thing that discouraged me about the vice president was uttering those famous words, “No controlling legal authority.” I felt like there needed to be a better sense of responsibility of what was going on in the White House. I believe that — I believe they’ve moved that sign, “The buck stops here” from the Oval Office desk to “The buck stops here” on the Lincoln bedroom. It’s not good for the country and it’s not right. We need to have a new look about how we conduct ourselves in office. There’s a huge trust. I see it all the time when people come up to me and say, I don’t want you to let me down again. And we can do better than the past administration has done. It’s time for a fresh start. It’s time for a new look. It’s time for a fresh start after a season of cynicism. And so I don’t know the man well, but I’ve been disappointed about how he and his administration have conducted the fundraising affairs. You know, going to a Buddhist temple and then claiming it wasn’t a fundraiser isn’t my view of responsibility.",True,"[{""start"": 217, ""end"": 279, ""text"": ""uttering those famous words, “No controlling legal authority.”"", ""reason_text"": """", ""reason_choices"": [""attribution"", ""politics"", ""crime/law""]}, {""start"": 1089, ""end"": 1156, ""text"": ""going to a Buddhist temple and then claiming it wasn’t a fundraiser"", ""reason_text"": """", ""reason_choices"": [""other""]}]",
2000100300059,20001003_gore_bush,BUSH,"The voters should assume I have no litmus test on that issue or any other issue. Voters will know I’ll put competent judges on the bench. People who will strictly interpret the Constitution and not use the bench to write social policy. That is going to be a big difference between my opponent and me. I believe that the judges ought not to take the place of the legislative branch of government. That they’re appointed for life and that they ought to look at the Constitution as sacred. They shouldn’t misuse their bench. I don’t believe in liberal activist judges. I believe in strict constructionists. Those are the kind of judges I will appoint. I’ve named four supreme court justices in the State of Texas and would ask the people to check out their qualifications, their deliberations. They’re good, solid men and women who have made good, sound judgments on behalf of the people of Texas.",False,[],
2000100300151,20001003_gore_bush,BUSH,They ought to factor in it when they go to the voting booth.,False,[],
2000100300145,20001003_gore_bush,BUSH,"This is a government that thinks a 2% rate of return on your money is satisfactory. It’s not. This is a government that says younger workers can’t possibly have their own assets. We need to think differently about the issue. We need to make sure our seniors get the promise made. If we don’t trust younger workers to manage some of their own money with the Social Security surplus, to grow from $1 trillion to $3 trillion, it will be impossible to bridge the gap without it. What Mr. Gore’s plan will do causing huge payroll taxes or major benefit reductions.",False,[],
2000100300132,20001003_gore_bush,BUSH,"Two points. One, a lot of folks are still waiting for that 1992 middle-class tax cut. I remember the vice president saying, “Just give us a chance to get up there, we’re going to make sure you get tax cuts.” It didn’t happen. Now he’s having to say that again. They’ve had their chance to deliver a tax cut to you. Secondly, the surest way to bust this economy is to increase the role and size of the federal budget. The Senate Budget Committee did a study of the vice president’s expenditures. It’s been projected that they could conceivably bust the budget by $900 billion. That means he’ll either have to raise your taxes by $900 billion or go into the Social Security surplus for $900 billion. This is a plan that is going to increase the bureaucracy by 20,000 people. His targeted tax cut is so detailed, so much fine print that it is going to require numerous IRS agents. We need somebody to simplify the code, to be fair, to continue prosperity by sharing some of the surplus with the people who pay the bills, particularly those at the bottom end of the economic ladder.",True,"[{""start"": 17, ""end"": 84, ""text"": ""a lot of folks are still waiting for that 1992 middle-class tax cut"", ""reason_text"": """", ""reason_choices"": [""vague quantitative"", ""economy""]}, {""start"": 97, ""end"": 207, ""text"": ""the vice president saying, “Just give us a chance to get up there, we’re going to make sure you get tax cuts.”"", ""reason_text"": """", ""reason_choices"": [""attribution"", ""economy""]}, {""start"": 417, ""end"": 574, ""text"": ""The Senate Budget Committee did a study of the vice president’s expenditures. It’s been projected that they could conceivably bust the budget by $900 billion"", ""reason_text"": """", ""reason_choices"": [""numerical absolute"", ""forecast/projection"", ""epistemic"", ""attribution"", ""economy""]}, {""start"": 698, ""end"": 771, ""text"": ""This is a plan that is going to increase the bureaucracy by 20,000 people"", ""reason_text"": """", ""reason_choices"": [""forecast/projection"", ""politics""]}]",
2000100300032,20001003_gore_bush,BUSH,Wait a minute. All seniors are covered under prescription drugs in my plan.,True,"[{""start"": 15, ""end"": 74, ""text"": ""All seniors are covered under prescription drugs in my plan"", ""reason_text"": """", ""reason_choices"": [""stance/support"", ""medicine""]}]",
2000100300108,20001003_gore_bush,BUSH,"We can make a huge difference by saying if you receive federal money we expect you to show results. Let me give you a story about public education, if I might. It’s about Kipp Academy in Houston, Texas. A charter school run by some people from Teach For America. Young folks saying I’m going to do something good for my country. I want to teach. A guy named Michael runs the school. It is a school full of so-called at-risk children. It’s how we unfortunately label certain children. Basically it means they can’t learn. It’s a school of strong discipline and high standards. It’s one of the best schools in Houston. Here are the key ingredients. High expectations, strong accountabily. What Michael says, don’t put all these rules on us, just let us teach and hold us accountable for every grade. That’s what we do. And as a result, these mainly Hispanic youngsters are some of the best learners in Houston, Texas. That’s my vision for public education all around America. Many of you viewers don’t know, but Laura and I sent our girls to public school. They went to Austin High School. And many of the public schools are meeting the call. But, unfortunately, a lot of schools are trapping children in schools that just won’t teach and won’t change. Here is the role of the federal government. One is to change Head Start to a reading program. Two is to say if you want to access reading money, you can do so. The goal is for every single child to learn to Read. there must by K-2 diagnostic teaching tools, teacher training money, available. Three, we have to consolidate the federal programs to free districts to free the schools and encourage innovators like Michael. Let them reach out beyond the confines of the current structure to recruit teach-for-the-children type teachers. Four, we’re going to say if you receive federal money, measure third, fourth, fifth, sixth, seventh and eighth grade. Show us if they are learning to read, write, add and subtract and if so there will be bonus plans. But if not, instead of continuing to subsidize failure, the money will go to — the federal money will go to the parents for public school or charter school or tutorial or Catholic school. What I care about is children. And so does Michael Feinberg. And you know what? It can happen in America with the right kind of leadership.",True,"[{""start"": 576, ""end"": 615, ""text"": ""It’s one of the best schools in Houston"", ""reason_text"": """", ""reason_choices"": [""ranking"", ""education""]}, {""start"": 840, ""end"": 866, ""text"": ""mainly Hispanic youngsters"", ""reason_text"": """", ""reason_choices"": [""statistic"", ""education"", ""ethnicity/race""]}]",
2000100300042,20001003_gore_bush,BUSH,"Well I would first say he should have been tackling it for the last seven years. Secondly the difference is we need to explore at home. And the vice president doesn’t believe in exploration in Alaska. There’s a lot of shut-in gas that we need to be moving out of Alaska by pipeline. There’s an interesting issue up in the northwest as well. Do we remove dams that produce hydroelectric energy? I’m against removing dams in the northwest. I don't know where the vice president stands but that's a renewable energy source of energy. We need to keep that in line. I was in coal country in West Virginia yesterday. There is an abundant supply of coal in America. I know we can do a better job of clean coal technologies. I’m going to ask the Congress for $2 billion to make sure we have the cleanest coal technologies in the world. My answer to you is in the short-term we need to get after it here in America. We need to explore our resources and we need to develop our reservoirs of domestic production. We also need to have a hemispheric energy policy where Canada, Mexico and the United States come together. I brought this up recently with Vincent Fox the newly elected president in Mexico, he’s a man I know from Mexico. I talked to him about how best to expedite the exploration of natural gas in Mexico and transport it up to the United States so we become less dependent on foreign sources of crude oil. This is a major problem facing America. The administration did not deal with it. It’s time for a new administration to deal with the energy problem.",False,[],
2000100300074,20001003_gore_bush,BUSH,"Well obviously we wouldn’t use the Russians if they didn’t agree with our answer, Mr. Vice President.",False,[],
2000100300071,20001003_gore_bush,BUSH,"Well, I’m pleased with the results of the election. As the vice president is. It’s time for the man to go. It means that the United States must have a strong diplomatic hand with our friends in NATO. That’s why it’s important to make sure our alliances are as strong as they possibly can be to keep the pressure on Mr. Milosevic. But this will be an interesting moment for the Russians to step up and lead as well. Be a wonderful time for the Russians to step into the Balkans and convince Mr. Milosevic that it’s in his best interest and his country’s best interest to leave office. The Russians have a lot of sway in that part of the world. We would like to see the Russians use that sway to encourage democracy to take hold. It’s an encouraging election. It’s time for the man to leave.",False,[],
2000100300082,20001003_gore_bush,BUSH,"Well, if it’s in our vital national interests, and that means whether our territory is threatened or people could be harmed, whether or not the alliances are — our defense alliances are threatened, whether or not our friends in the Middle East are threatened. That would be a time to seriously consider the use of force. Secondly, whether or not the mission was clear. Whether or not it was a clear understanding as to what the mission would be. Thirdly, whether or not we were prepared and trained to win. Whether or not our forces were of high morale and high standing and well-equipped. And finally, whether or not there was an exit strategy. I would take the use of force very seriously. I would be guarded in my approach. I don’t think we can be all things to all people in the world. I think we’ve got to be very careful when we commit our troops. The vice president and I have a disagreement about the use of troops. He believes in nation building. I would be very careful about using our troops as nation builders. I believe the role of the military is to fight and win war and therefore prevent war from happening in the first place. So I would take my responsibility seriously. And it starts with making sure we rebuild our military power. Morale in today’s military is too low. We’re having trouble meeting recruiting goals. We met the goals this year, but in the previous years we have not met recruiting goals. Some of our troops are not well-equipped. I believe we’re overextended in too many places. And therefore I want to rebuild the military power. It starts with a billion dollar pay raise for the men and women who wear the uniform. A billion dollars more than the president recently signed into law. It’s to make sure our troops are well-housed and well-equipped. Bonus plans to keep some of our high-skilled folks in the services and a commander in chief who clearly sets the mission. The mission is to fight and win war and therefore prevent war from happening in the first place.",True,"[{""start"": 1289, ""end"": 1422, ""text"": ""We’re having trouble meeting recruiting goals. We met the goals this year, but in the previous years we have not met recruiting goals"", ""reason_text"": """", ""reason_choices"": [""comparative/temporal"", ""defense/military""]}, {""start"": 1424, ""end"": 1464, ""text"": ""Some of our troops are not well-equipped"", ""reason_text"": """", ""reason_choices"": [""vague quantitative"", ""defense/military""]}]",
2000100300124,20001003_gore_bush,BUSH,"Well, it depends, obviously. But what I would do first and foremost, is I would get in touch with the Federal Reserve Chairman, Alan Greenspan, to find out all the facts and all the circumstances. I would have my Secretary of the Treasury be in touch with the financial centers not only here, but at home. I would make sure that key members of Congress were called in to discuss the gravity of the situation. And I would come up with a game plan to deal with it. That’s what governors end up doing. We end up being problem solvers. We come up with practical, common sense solutions for problems that we’re confronted with. In this case, in the case of a financial crisis, I would gather all the facts before I made the decision as to what the government ought or ought not to do.",False,[],
2000100300004,20001003_gore_bush,BUSH,"Well, we do come from different places. I come from West Texas. The governor is the chief executive officer. We know how to set agendas. I think you’ll find the difference reflected in our budgets. I want to take one-half of the surplus and dedicate it to Social Security. One-quarter of the surplus for important projects, and I want to send one-quarter of the surplus back to the people who pay the bills. I want everybody who pays taxes to have their tax rates cut. And that stands in contrast to my worthy opponent’s plan, which will increase the size of government dramatically. His plan is three times larger than President Clinton’s proposed plan eight years ago. It is a plan that will have 200 new programs — expanded programs and creates 20,000 new bureaucrats. It it empowers Washington. Tonight you're going to hear that my passion and my vision is to empower Americans to be able to make decisions for themselves in their own lives.",True,"[{""start"": 527, ""end"": 582, ""text"": ""which will increase the size of government dramatically"", ""reason_text"": """", ""reason_choices"": [""vague quantitative"", ""forecast/projection"", ""politics""]}, {""start"": 584, ""end"": 669, ""text"": ""His plan is three times larger than President Clinton’s proposed plan eight years ago"", ""reason_text"": """", ""reason_choices"": [""numerical absolute"", ""politics""]}, {""start"": 671, ""end"": 770, ""text"": ""It is a plan that will have 200 new programs — expanded programs and creates 20,000 new bureaucrats"", ""reason_text"": """", ""reason_choices"": [""forecast/projection"", ""politics""]}]",
2000100300094,20001003_gore_bush,BUSH,Yeah. Why haven’t they done it in seven years?,False,[],
2000100300010,20001003_gore_bush,BUSH,"Yes. I take him for his word. Look, I fully recognize I’m not of Washington. I’m from Texas. And he’s got a lot of experience, but so do I. And I’ve been the chief executive officer of the second biggest state in the union. I have a proud record of working with both Republicans and Democrats, which is what our nation needs. Somebody that can come to Washington and say let’s forget all the finger pointing and get positive things done on Medicare, prescription drugs, Social Security, and so I take him for his word.",False,[],
2000100300122,20001003_gore_bush,BUSH,"You know, as governor, one of the things you have to deal with is catastrophe. I can remember the fires that swept Parker County, Texas. I remember the floods that swept our state. I remember going down to Del Rio, Texas. I have to pay the administration a compliment. James Lee Witt of FEMA has done a really good job of working with governors during times of crisis. But that’s the time when you’re tested not only — it’s the time to test your mettle, a time to test your heart when you see people whose lives have been turned upside down. It broke my heart to go to the flood scene in Del Rio where a fellow and his family got completely uprooted. The only thing I knew to do was to get aid as quickly as possible with state and federal help, and to put my arms around the man and his family and cry with them. That’s what governors do. They are often on the front line of catastrophic situations.",False,[],
2000100300156,20001003_gore_bush,BUSH,"You know, this man has no credibility on the issue. As a matter of fact, I read in the “New York Times” where he said he co-sponsored the McCain-Feingold Campaign Fundraising Bill. But he wasn’t in the Senate with Senator Feingold. And so, look, I’m going to — what you need to know about me is I will uphold the law, I’m going to have an attorney general that enforces the law. The time for campaign funding reform is after the election. This man has outspent me and the special interests are outspending me. And I am not going to lay down my arms in the middle of the campaign for somebody who has got no credibility on the issue.",True,"[{""start"": 80, ""end"": 179, ""text"": ""in the “New York Times” where he said he co-sponsored the McCain-Feingold Campaign Fundraising Bill"", ""reason_text"": """", ""reason_choices"": [""attribution"", ""stance/support"", ""politics""]}, {""start"": 185, ""end"": 230, ""text"": ""he wasn’t in the Senate with Senator Feingold"", ""reason_text"": """", ""reason_choices"": [""attribution"", ""politics""]}, {""start"": 439, ""end"": 463, ""text"": ""This man has outspent me"", ""reason_text"": """", ""reason_choices"": [""attribution"", ""politics""]}, {""start"": 468, ""end"": 508, ""text"": ""the special interests are outspending me"", ""reason_text"": """", ""reason_choices"": [""attribution"", ""conspiracy"", ""politics""]}]",
2000100300116,20001003_gore_bush,BUSH,"You need to test every year. That’s how you determine if children are progressing to excellence. Secondly, one of the things that we have to be careful about in politics is throwing money at a system that has not yet been reformed. More money is needed and I spend more money, but step one is to make sure we reform the system to have the system in place that leaves no child behind. Stop this business about asking gosh, how old are you? If you’re 10 we’ll put you here, 12 you put here. Start asking the question, what do you know? If you don’t know what you’re supposed to know, we’ll make sure you do early before it’s too late.",False,[],
2000100300129,20001003_gore_bush,GORE,Can I comment on that?,False,[],
2000100300022,20001003_gore_bush,GORE,"Can I make another point? They get $25,000 a year income, that makes them ineligible.",True,"[{""start"": 58, ""end"": 84, ""text"": ""that makes them ineligible"", ""reason_text"": """", ""reason_choices"": [""other""]}]",
2000100300142,20001003_gore_bush,GORE,"Could I respond to that, Jim? This is a big issue. Could we do another round on it?",False,[],
2000100300037,20001003_gore_bush,GORE,"Excellent question. And here is the simple difference. My plan has not only a short-term component, but also a long-term component. And it focuses not only on increasing the supply, which I think we have to do, but also on working on the consumption side. Now, in the short-term we have to free ourselves from the domination of the big oil companies that have the ability to manipulate the price from OPEC when they want to raise the price. And in the long-term we have to give new incentives for the development of domestic resources like deep gas in the western Gulf, like stripper wells for oil, but also renewable sources of energy. And domestic sources that are cleaner and better. And I’m proposing a plan that will give tax credits and tax incentives for the rapid development of new kinds of cars and trucks and buses and factories and boilers and furnaces that don’t have as much pollution, that don’t burn as much energy, and that help us get out on the cutting edge of the new technologies that will create millions of new jobs. Because, when we sell these new products here, we’ll then be able to sell them overseas. There is a ravenous demand for them overseas. Now, another big difference is Governor Bush is proposing to open up some of our most precious environmental treasures, like the Arctic National Wildlife Refuge for the big oil companies to go in and start producing oil there. I think that is the wrong choice. It would only give us a few months’ worth of oil and the oil wouldn’t start flowing for many years into the future. I don’t think it’s a fair price to pay to destroy precious parts of America’s environment. We have to bet on the future and move beyond the current technologies to have a whole new generation of more efficient, cleaner, energy technology.",True,"[{""start"": 328, ""end"": 405, ""text"": ""the big oil companies that have the ability to manipulate the price from OPEC"", ""reason_text"": """", ""reason_choices"": [""energy""]}, {""start"": 1206, ""end"": 1400, ""text"": ""Governor Bush is proposing to open up some of our most precious environmental treasures, like the Arctic National Wildlife Refuge for the big oil companies to go in and start producing oil there"", ""reason_text"": """", ""reason_choices"": [""attribution"", ""stance/support"", ""energy"", ""environment""]}, {""start"": 1436, ""end"": 1550, ""text"": ""It would only give us a few months’ worth of oil and the oil wouldn’t start flowing for many years into the future"", ""reason_text"": """", ""reason_choices"": [""vague quantitative"", ""comparative/temporal"", ""forecast/projection"", ""energy""]}]",
2000100300126,20001003_gore_bush,GORE,"First I want to compliment the governor on his response to those fires and floods in Texas. I accompanied James Lee Witt down to Texas when those fires broke out. And FEMA has been a major flagship project of our reinventing government efforts. And I agree, it works extremely well now. On the international financial crises that come up, my friend, Bob Rubin, the former Secretary of Treasury is here, he’s a close advisor to me and great friend in all respects. I have had a chance to work with him and Alan Greenspan and others on the crisis following the collapse of the Mexican peso. When the Asian financial crisis raised the risk of world-wide recession that could affect our economy, And now, of course, the euro’s value has been dropping, but seems to be under control. But it started for me in the last eight years when I had the honor of casting the tie-breaking vote to end the old economic plan here at home and put into place a new economic plan that has helped us to make some progress, 22 million new jobs, the greatest prosperity ever. But it’s not good enough. My attitude is you ain’t seen nothing yet. We need to do more and better.",True,"[{""start"": 712, ""end"": 746, ""text"": ""the euro’s value has been dropping"", ""reason_text"": """", ""reason_choices"": [""comparative/temporal"", ""economy""]}, {""start"": 1002, ""end"": 1021, ""text"": ""22 million new jobs"", ""reason_text"": """", ""reason_choices"": [""numerical absolute"", ""economy""]}]",
2000100300112,20001003_gore_bush,GORE,"First of all, I do have mandatory testing. I think the governor may not have heard what I said clearly. The voluntary national testing is in addition to the mandatory testing that we require of states. All schools, all school districts, students themselves, and required teacher testing, which goes a step farther than Governor Bush has been willing to go. Here are a couple of differences, though, Jim. Governor Bush is in favor of vouchers which take taxpayer money away from public schools and give them to private schools that are not accountable for how the money is used and don’t have to take all applicants. Now, private schools play a great role in our society. All of our children have gone to both public schools and private schools. But I don’t think private schools should have a right to take taxpayer money away from public schools at a time when Caley Ellis is standing in that classroom. Let me give you another example. I went to a school in Dade County, Florida where the facilities are so overcrowded the children have to eat lunch in shifts with the first shift for lunch starting at 9:30 in the morning. Look, this is a funding crisis all around the country. There are fewer parents of school-age children as a percentage of the voting population and there is the largest generation of students ever. We’re in an information age when learning is more important than ever. 90% of our kids go to public schools. We have to make it the number one priority. Modernize our schools, reduce class size, recruit new teachers, give every child a chance to learn with one-on-one time in a quality — high-quality, safe school. If it’s a failing school, shut it down and reopen it under a new principal with a turnaround team of specialists the way Governor Jim Hunt does in North Carolina. Here is another difference. The governor, if it’s a failing school, would leave the children in that failing school for three years and then give a little bit of money to the parents, a down payment on a down payment for private school tuition, and pretend that that would be enough for them to go out and go to a private school. It’s an illusion.",True,"[{""start"": 14, ""end"": 41, ""text"": ""I do have mandatory testing"", ""reason_text"": """", ""reason_choices"": [""stance/support"", ""education""]}, {""start"": 262, ""end"": 355, ""text"": ""required teacher testing, which goes a step farther than Governor Bush has been willing to go"", ""reason_text"": """", ""reason_choices"": [""attribution"", ""stance/support"", ""education""]}, {""start"": 404, ""end"": 525, ""text"": ""Governor Bush is in favor of vouchers which take taxpayer money away from public schools and give them to private schools"", ""reason_text"": """", ""reason_choices"": [""attribution"", ""stance/support"", ""education""]}, {""start"": 948, ""end"": 1124, ""text"": ""a school in Dade County, Florida where the facilities are so overcrowded the children have to eat lunch in shifts with the first shift for lunch starting at 9:30 in the morning"", ""reason_text"": """", ""reason_choices"": [""anecdote"", ""education""]}, {""start"": 1181, ""end"": 1268, ""text"": ""There are fewer parents of school-age children as a percentage of the voting population"", ""reason_text"": """", ""reason_choices"": [""statistic"", ""education""]}, {""start"": 1273, ""end"": 1321, ""text"": ""there is the largest generation of students ever"", ""reason_text"": """", ""reason_choices"": [""ranking"", ""education""]}, {""start"": 1394, ""end"": 1430, ""text"": ""90% of our kids go to public schools"", ""reason_text"": """", ""reason_choices"": [""statistic"", ""education""]}, {""start"": 1759, ""end"": 1799, ""text"": ""Governor Jim Hunt does in North Carolina"", ""reason_text"": """", ""reason_choices"": [""attribution"", ""education""]}]",
2000100300140,20001003_gore_bush,GORE,"Here is the difference. I give a new incentive for younger workers to save their own money and invest their own money, but not at the expense of Social Security, on top of Social Security. My plan is Social Security plus. The governor’s plan is Social Security minus. Your future benefits would be cut by the amount that’s diverted into the stock market. If you make bad investments, that’s too bad. But even before then the problem hits because the money contributed to Social Security this year is an entitlement. That’s how it works. And the money is used to pay the benefits for seniors this year. If you cut the amount going in 1 out of every $6, then you have to cut the value of each check by 1 out of every $6 unless you come up with the money from somewhere else. I would like to know from the governor — I know we’re not supposed to ask each other questions — but I’d be interested in knowing, does that trillion dollars come from the trust fund, or does it come from the rest of the budget?",True,"[{""start"": 268, ""end"": 353, ""text"": ""Your future benefits would be cut by the amount that’s diverted into the stock market"", ""reason_text"": """", ""reason_choices"": [""forecast/projection"", ""economy""]}]",
2000100300115,20001003_gore_bush,GORE,I didn’t say that.,False,[],
2000100300138,20001003_gore_bush,GORE,"I do disagree. Because if we can keep our prosperity going, if we can continue balancing the budget and paying down the debt, then the strong economy keeps generating surpluses. Here is my plan. I will keep Social Security in a lockbox and that pays down the national debt. And the interest savings I would put right back into Social Security. That extends the life of Social Security for 55 years. Now, I think that it’s very important to understand that cutting benefits under Social Security means that people like Winifred Skinner from Des Moines, Iowa, who is here, would really have a much harder time. Because there are millions of seniors who are living almost hand to mouth. And you talk about cutting benefits. I don’t go along with it. I am opposed to it. I’m also opposed to a plan that diverts 1 out of every $6 away from the Social Security Trust Fund. Social Security is a trust fund that pays the checks this year with the money that is paid into Social Security this year. The governor wants to divert 1 out of every $6 off into the stock market, which means that he would drain a trillion dollars out of the Social Security Trust Fund in this generation over the next ten years, and Social Security under that approach would go bankrupt within this generation. His leading advisor on this plan actually said that would be okay, because then the Social Security Trust Fund could start borrowing. It would borrow up to $3 trillion. Now, Social Security has never done that. And I don’t think it should do that. I think it should stay in a lockbox, and I’ll tell you this. I will veto anything that takes money out of Social Security for privatization or anything else other than Social Security.",True,"[{""start"": 617, ""end"": 682, ""text"": ""there are millions of seniors who are living almost hand to mouth"", ""reason_text"": """", ""reason_choices"": [""numerical absolute"", ""economy""]}, {""start"": 787, ""end"": 865, ""text"": ""a plan that diverts 1 out of every $6 away from the Social Security Trust Fund"", ""reason_text"": """", ""reason_choices"": [""statistic"", ""economy""]}, {""start"": 990, ""end"": 1062, ""text"": ""The governor wants to divert 1 out of every $6 off into the stock market"", ""reason_text"": """", ""reason_choices"": [""attribution"", ""stance/support"", ""economy""]}, {""start"": 1064, ""end"": 1195, ""text"": ""which means that he would drain a trillion dollars out of the Social Security Trust Fund in this generation over the next ten years"", ""reason_text"": """", ""reason_choices"": [""forecast/projection"", ""causation"", ""attribution"", ""stance/support"", ""economy""]}, {""start"": 1279, ""end"": 1446, ""text"": ""His leading advisor on this plan actually said that would be okay, because then the Social Security Trust Fund could start borrowing. It would borrow up to $3 trillion"", ""reason_text"": """", ""reason_choices"": [""numerical absolute"", ""attribution"", ""stance/support"", ""economy""]}, {""start"": 1453, ""end"": 1488, ""text"": ""Social Security has never done that"", ""reason_text"": """", ""reason_choices"": [""economy""]}]",
2000100300149,20001003_gore_bush,GORE,"I think we ought to attack our country’s problems, not attack each other. I want to spend my time making this country even better than it is, not trying to make you out to be a bad person. You may want to focus on scandal. I want to focus on results. As I said a couple of months ago, I stand here as my own man and I want you to see me for who I really am. Tipper and I have been married for 30 years. We became grandparents a year-and-a-half ago. We’ve got four children. I have devoted 24 years of my life to public service and I’ve said this before and I’ll say it again, if you entrust me with the presidency, I may not be the most exciting politician, but I will work hard for you every day. I will fight for middle-class families and working men and women and I will never let you down.",False,[],
2000100300164,20001003_gore_bush,GORE,"I want to thank everybody who watched and listened tonight because this is indeed a crucial time in American history. We’re at a fork in the road. We have this incredible prosperity, but a lot of people have been left behind. And we have a very important decision to make. Will we use the prosperity to enrich all of our families and not just a few? One important way of looking at this is to ask who are you going to fight for? Throughout my career in public service, I have fought for the working men and women of this country, middle-class families. Why? Because you are the ones who have the hardest time paying taxes, the hardest time making ends meet. You are the ones who are making car payments and mortgage payments and doing right by your kids. And a lot of times there are powerful forces that are against you. Make no mistake about it, they do have undue influence in Washington, D.C. and it makes a difference if you have a president who will fight for you. I know one thing about the position of president, it’s the only position in our Constitution that is filled by an individual who is given the responsibility to fight not just for one state or one district or the well-connected or wealthy, but to fight for all of the people, including especially those who most need somebody who will stand up and take on whatever powerful forces might stand in the way. There is a woman named Winifred Skinner here tonight from Iowa. I mentioned her earlier. She’s 79 years old. She has Social Security. I’m not going to cut her benefits or support any proposal that would. She gets a small pension, but in order to pay for her prescription drug benefits, she has to go out seven days a week several hours a day picking up cans. She came all the way from Iowa in a Winnebago with her poodle in order attend here tonight. I want to tell her, I’ll fight for a prescription drug benefit for all seniors and fight for the people of this country for a prosperity that benefits all.",True,"[{""start"": 848, ""end"": 895, ""text"": ""they do have undue influence in Washington, D.C"", ""reason_text"": """", ""reason_choices"": [""conspiracy"", ""politics""]}]",
2000100300019,20001003_gore_bush,GORE,"If I could respond to that. Under my plan I will put Medicare in an iron clad lockbox and prevent the money from being used for anything other than Medicare. The governor has declined to endorse that idea even though the Republican as well as Democratic leaders in Congress have endorsed it. I would be interested to see if he would say this evening he’ll put Medicare in a lockbox. I don't think he will because under his plan if you work out the numbers, $100 billion comes out of Medicare just for the wealthiest 1% in the tax cut. Now here is the difference. Some people who say the word reform actually mean cuts. Under the governor’s plan, if you kept the same fee for service that you have now under Medicare, your premiums would go up by between 18% and 47%, and that is the study of the Congressional plan that he’s modeled his proposal on by the Medicare actuaries. Let me give you one quick example. There is a man here tonight named George McKinney from Milwaukee. He’s 70 years old, has high blood pressure, his wife has heart trouble. They have an income of $25,000 a year. They can’t pay for their prescription drugs and so they’re some of the ones that go to Canada regularly in order to get their prescription drugs. Under my plan, half of their costs would be paid right away. Under Governor Bush’s plan, they would get not one penny for four to five years and then they would be forced to go into an HMO or to an insurance company and ask them for coverage, but there would be no limit on the premiums or the deductibles or any of the terms and conditions.",True,"[{""start"": 158, ""end"": 204, ""text"": ""The governor has declined to endorse that idea"", ""reason_text"": """", ""reason_choices"": [""attribution"", ""stance/support"", ""medicine""]}, {""start"": 217, ""end"": 290, ""text"": ""the Republican as well as Democratic leaders in Congress have endorsed it"", ""reason_text"": """", ""reason_choices"": [""attribution"", ""stance/support"", ""medicine"", ""politics""]}, {""start"": 413, ""end"": 533, ""text"": ""under his plan if you work out the numbers, $100 billion comes out of Medicare just for the wealthiest 1% in the tax cut"", ""reason_text"": """", ""reason_choices"": [""numerical absolute"", ""forecast/projection"", ""attribution"", ""stance/support"", ""economy"", ""medicine""]}, {""start"": 619, ""end"": 765, ""text"": ""Under the governor’s plan, if you kept the same fee for service that you have now under Medicare, your premiums would go up by between 18% and 47%"", ""reason_text"": """", ""reason_choices"": [""numerical absolute"", ""forecast/projection"", ""medicine""]}, {""start"": 771, ""end"": 874, ""text"": ""that is the study of the Congressional plan that he’s modeled his proposal on by the Medicare actuaries"", ""reason_text"": """", ""reason_choices"": [""epistemic"", ""medicine""]}, {""start"": 1155, ""end"": 1232, ""text"": ""the ones that go to Canada regularly in order to get their prescription drugs"", ""reason_text"": """", ""reason_choices"": [""medicine""]}, {""start"": 1295, ""end"": 1374, ""text"": ""Under Governor Bush’s plan, they would get not one penny for four to five years"", ""reason_text"": """", ""reason_choices"": [""comparative/temporal"", ""forecast/projection"", ""attribution"", ""stance/support""]}, {""start"": 1481, ""end"": 1574, ""text"": ""there would be no limit on the premiums or the deductibles or any of the terms and conditions"", ""reason_text"": """", ""reason_choices"": [""forecast/projection"", ""medicine""]}]",
2000100300133,20001003_gore_bush,GORE,"If I could respond, Jim. What he’s quoting is not the Senate Budget Commiitte, it is a partisan press release by the Republicans on the Senate Budget Committee that’s not worth the government — the taxpayer-paid paper that it’s printed on. Now, as for 20,000 new bureaucrats, as you call them, you know, the size of the federal government will go down in a Gore administration. In the reinventing government program you just look at the numbers. It is 300,000 people smaller today than it was eight years ago. Now, the fact is you’re going to have a hard time convincing folks that we were a whole lot better off eight years ago than we are today. But that’s not the question. The question is, will we be better off four years from now than we are today? And as for the surest way to threaten our prosperity, having a $1.9 trillion tax cut, almost half of which goes to the wealthy, and a $1 trillion Social Security privatization proposal is the surest way to put our budget into deficit - raise interest rates and put our prosperity at risk.",True,"[{""start"": 25, ""end"": 77, ""text"": ""What he’s quoting is not the Senate Budget Commiitte"", ""reason_text"": """", ""reason_choices"": [""attribution""]}, {""start"": 79, ""end"": 159, ""text"": ""it is a partisan press release by the Republicans on the Senate Budget Committee"", ""reason_text"": """", ""reason_choices"": [""attribution"", ""politics""]}, {""start"": 446, ""end"": 508, ""text"": ""It is 300,000 people smaller today than it was eight years ago"", ""reason_text"": """", ""reason_choices"": [""numerical absolute"", ""comparative/temporal"", ""politics""]}, {""start"": 816, ""end"": 881, ""text"": ""a $1.9 trillion tax cut, almost half of which goes to the wealthy"", ""reason_text"": """", ""reason_choices"": [""numerical absolute"", ""statistic"", ""stance/support"", ""economy""]}, {""start"": 887, ""end"": 939, ""text"": ""a $1 trillion Social Security privatization proposal"", ""reason_text"": """", ""reason_choices"": [""numerical absolute"", ""stance/support"", ""economy""]}]",
2000100300090,20001003_gore_bush,GORE,If I could say one thing.,False,[],
2000100300043,20001003_gore_bush,GORE,"If I may just briefly, Jim, note. I found a couple of other things we agree upon. We may not find that many this evening, so I wanted to emphasize. I strongly support new investments in clean coal technology. I made a proposal three months ago on this. And also domestic exploration yes, but not in the environmental treasures of our country. We don’t have to do that. That’s the wrong choice. I know the oil companies have been itching to do that, but it is not the right thing for the future.",True,"[{""start"": 209, ""end"": 251, ""text"": ""I made a proposal three months ago on this"", ""reason_text"": """", ""reason_choices"": [""attribution"", ""stance/support"", ""energy"", ""environment""]}]",
2000100300033,20001003_gore_bush,GORE,In the first year?,False,[],
2000100300073,20001003_gore_bush,GORE,"In this particular situation, no. Bear in mind that we have a lot of sanctions in force against Serbia right now. And the people of Serbia know that they can escape all those sanctions if this guy is turned out of power. Now, I understand what the governor has said about asking the Russians to be involved, and under some circumstances that might be a good idea. But being as they have not yet been willing to recognize Kostunica as the lawful winner of the election, I’m not sure it’s right for us to invite the president of Russia to mediate this — this dispute there because we might not like the results that comes out of that. They currently favor going forward with a runoff election. I think that’s the wrong thing. I think the governor’s instinct is not necessarily bad because we have worked with the Russians in a constructive way in Kosovo, for example, to end the conflict there. But I think we need to be very careful in the present situation before we invite the Russians to play the lead role in mediating.",True,"[{""start"": 52, ""end"": 112, ""text"": ""we have a lot of sanctions in force against Serbia right now"", ""reason_text"": """", ""reason_choices"": [""geopolitics""]}, {""start"": 377, ""end"": 467, ""text"": ""they have not yet been willing to recognize Kostunica as the lawful winner of the election"", ""reason_text"": """", ""reason_choices"": [""attribution"", ""politics"", ""geopolitics""]}]",
2000100300065,20001003_gore_bush,GORE,"It would be likely that they would uphold Roe v. Wade. I do believe it’s wrong to use a litmus test. If you look at the history of a lower court judge’s rulings, you can get a pretty good idea of how they’ll interpret questions. A lot of questions are first impression, and these questions that have been seen many times come up in a new context and so — but, you know, this is a very important issue. Because a lot of young women in this country take this right for granted and it could be lost. It is on the ballot in this election, make no mistake about it.",False,[],
2000100300035,20001003_gore_bush,GORE,It’s a two-phase plan. For the first four years — it takes a year to pass it and for the first four years only the poor are covered. Middle class seniors like George McKinney and his wife are not covered for four to five years.,False,[],
2000100300025,20001003_gore_bush,GORE,"It’s just clear you can go to the website and look. If you make more than $25,000 a year you don’t get a penny of help under the Bush prescription drug proposal for at least four to five years, and then you’re pushed into a Medicare — into an HMO or insurance company plan, and there’s no limit on the premiums or the deductibles or any of the conditions. And the insurance companies say it won’t work and they won’t offer these plans.",True,"[{""start"": 52, ""end"": 192, ""text"": ""If you make more than $25,000 a year you don’t get a penny of help under the Bush prescription drug proposal for at least four to five years"", ""reason_text"": """", ""reason_choices"": [""numerical absolute"", ""comparative/temporal"", ""forecast/projection"", ""stance/support"", ""economy"", ""medicine""]}, {""start"": 278, ""end"": 354, ""text"": ""there’s no limit on the premiums or the deductibles or any of the conditions"", ""reason_text"": """", ""reason_choices"": [""medicine""]}]",
2000100300011,20001003_gore_bush,GORE,"Jim, if I could just respond. I know that. The governor used the phrase phony numbers, but if you look at the plan and add the numbers up, these numbers are correct. He spends more money for tax cuts for the wealthiest 1% than all of his new spending proposals for health care, prescription drugs, education and national defense all combined. I agree that the surplus is the American people’s money, it’s your money. That’s why I don’t think we should give nearly half of it to the wealthiest 1%, because the other 99% have had an awful lot to do with building the surplus in our prosperity.",True,"[{""start"": 166, ""end"": 341, ""text"": ""He spends more money for tax cuts for the wealthiest 1% than all of his new spending proposals for health care, prescription drugs, education and national defense all combined"", ""reason_text"": """", ""reason_choices"": [""stance/support"", ""economy"", ""medicine"", ""education"", ""defense/military""]}]",
2000100300054,20001003_gore_bush,GORE,"Jim, the question you asked, if I heard you correctly, was would he support legislation to overturn it. And if I heard the statement day before yesterday, you said you would order — he said he would order his FDA appointee to review the decision. Now that sounds to me a little bit different. I just think that we ought to support the decision.",True,"[{""start"": 119, ""end"": 245, ""text"": ""the statement day before yesterday, you said you would order — he said he would order his FDA appointee to review the decision"", ""reason_text"": """", ""reason_choices"": [""attribution"", ""medicine"", ""politics""]}]",
2000100300144,20001003_gore_bush,GORE,"Just briefly. When FDR established Social Security, they didn’t call them IOUs, they called it the full faith and credit of the United States. If you don’t have trust in that, I do. If you take it out of the surplus in the trust fund, that means the trust fund goes bankrupt in this generation within 20 years.",True,"[{""start"": 182, ""end"": 309, ""text"": ""If you take it out of the surplus in the trust fund, that means the trust fund goes bankrupt in this generation within 20 years"", ""reason_text"": """", ""reason_choices"": [""forecast/projection"", ""economy""]}]",
2000100300031,20001003_gore_bush,GORE,Let me call your attention to the key word there. He said all poor seniors.,False,[],
2000100300040,20001003_gore_bush,GORE,"Let me clarify. I’m for doing something both on the supply side and production side and on the consumption side. Let me say, that I found one thing in Governor Bush’s answer that we certainly agree on, and that’s the low income heating assistance program. I commend you for supporting that. I worked to get $400 million just a couple of weeks ago. And to establish a permanent home heating oil reserve here in the northeast. Now, as for the proposals that I’ve worked for for renewables and conservation and efficiencies and new technologies. The fact is for the last few years in the Congress, we’ve faced a lot of opposition to them. They’ve only approved about 10% of the agenda I’ve helped to send up there. I think we need to get serious about this energy crisis, both in the Congress and in the White House, and if you entrust me with the presidency, I will tackle this problem and focus on new technologies that will make us less dependent on big oil or foreign oil.",True,"[{""start"": 291, ""end"": 346, ""text"": ""I worked to get $400 million just a couple of weeks ago"", ""reason_text"": """", ""reason_choices"": [""numerical absolute"", ""attribution""]}, {""start"": 559, ""end"": 681, ""text"": ""the last few years in the Congress, we’ve faced a lot of opposition to them. They’ve only approved about 10% of the agenda"", ""reason_text"": """", ""reason_choices"": [""statistic"", ""stance/support"", ""politics"", ""technology"", ""environment""]}]",
2000100300099,20001003_gore_bush,GORE,"Let me just say, Jim, you haven’t heard the governor deny these numbers. He’s called them phony and fuzzy. The fact remains almost 30% of his proposed tax cut goes to — only to Americans that make more than $1 million per year. More money goes to the — can I have a rebuttal here?",True,"[{""start"": 124, ""end"": 226, ""text"": ""almost 30% of his proposed tax cut goes to — only to Americans that make more than $1 million per year"", ""reason_text"": """", ""reason_choices"": [""numerical absolute"", ""statistic"", ""attribution"", ""stance/support"", ""economy""]}]",
2000100300084,20001003_gore_bush,GORE,"Let me tell you what I'll do. First of all, I want to make it clear, our military is the strongest, best-trained, best-equipped, best-led fighting force in the world and in the history of the world. Nobody should have any doubt about that, least of all our adversaries or potential adversaries. If you entrust me with the presidency, I will do whatever is necessary in order to make sure our forces stay the strongest in the world. In fact, in my ten-year budget proposal I’ve set aside more than twice as much for this purpose as Governor Bush has in his proposal. Now, I think we should be reluctant to get involved in someplace in a foreign country. But if our national security is at stake, if we have allies, if we’ve tried every other course, if we’re sure military action will succeed, and if the costs are proportionate to the benefits, we should get involved. Now, just because we don’t want to get involved everywhere doesn’t mean we should back off anywhere it comes up. I disagree with the proposal that maybe only when oil supplies are at stake that our national security is at risk. I think that there are situations like in Bosnia or Kosovo where there’s a genocide, where our national security is at stake there.",True,"[{""start"": 441, ""end"": 564, ""text"": ""in my ten-year budget proposal I’ve set aside more than twice as much for this purpose as Governor Bush has in his proposal"", ""reason_text"": """", ""reason_choices"": [""numerical absolute"", ""comparative/temporal"", ""stance/support"", ""defense/military""]}, {""start"": 1136, ""end"": 1180, ""text"": ""in Bosnia or Kosovo where there’s a genocide"", ""reason_text"": """", ""reason_choices"": [""geopolitics"", ""ethnicity/race""]}]",
2000100300159,20001003_gore_bush,GORE,"Look, Governor Bush, you have attacked my character and credibility and I am not going to respond in kind. I think we ought to focus on the problems and not attack each other. One of the serious problems, hear me well, is that our system of government is being undermined by too much influence coming from special interest money. We have to get a handle on it. And like John McCain, I have learned from experience, and it’s not a new position for me. 24 years ago I supported full public financing of all federal elections. And anybody who thinks I’m just saying it, it will be the first bill I send to the Congress. I want you to know I care passionately about this and I will fight until it becomes law.",True,"[{""start"": 284, ""end"": 328, ""text"": ""influence coming from special interest money"", ""reason_text"": """", ""reason_choices"": [""conspiracy"", ""politics""]}, {""start"": 451, ""end"": 522, ""text"": ""24 years ago I supported full public financing of all federal elections"", ""reason_text"": """", ""reason_choices"": [""attribution"", ""stance/support"", ""politics""]}]",
2000100300103,20001003_gore_bush,GORE,"No, I don’t, and I’m not going to go to calling names on his facts. I’m just gonna tell you what the real facts are. The analysis that he’s talking about leaves out more than half of the tax cuts that I have proposed. And if you just add the numbers up, he still hasn’t denied it, he spends more money on a tax cut for the wealthiest 1% than all his new proposals for prescription drugs, healthcare, education, and national defense combined. Now those are the wrong priorities. $665 billion over ten years for the wealthiest 1%. As I said, almost 30% of it goes to Americans that make more than $1 million per year. Every middle class family is eligible for a tax cut under my proposal. Let me give you some specific examples. I believe college tuition up to $10,000 per year ought to be tax deductible so middle-class families can choose to send their children to college. I believe all senior citizens should be able to choose their own doctors and get prescription drugs from their own pharmacists with Medicare paying half the bill. I believe parents ought to be able to make more choices need more public and charter school choice to send their kids always to a safe school. We need to make education the number one priority in our country and treat teachers like the professionals that they are. And that’s why I have made it a number one priority in my budget, not a tax cut for the wealthy.",True,"[{""start"": 117, ""end"": 216, ""text"": ""The analysis that he’s talking about leaves out more than half of the tax cuts that I have proposed"", ""reason_text"": """", ""reason_choices"": [""statistic"", ""epistemic"", ""attribution"", ""stance/support"", ""economy""]}, {""start"": 281, ""end"": 440, ""text"": ""he spends more money on a tax cut for the wealthiest 1% than all his new proposals for prescription drugs, healthcare, education, and national defense combined"", ""reason_text"": """", ""reason_choices"": [""forecast/projection"", ""economy"", ""medicine"", ""education"", ""defense/military""]}, {""start"": 478, ""end"": 527, ""text"": ""$665 billion over ten years for the wealthiest 1%"", ""reason_text"": """", ""reason_choices"": [""numerical absolute"", ""economy""]}, {""start"": 540, ""end"": 614, ""text"": ""almost 30% of it goes to Americans that make more than $1 million per year"", ""reason_text"": """", ""reason_choices"": [""statistic"", ""economy""]}, {""start"": 616, ""end"": 685, ""text"": ""Every middle class family is eligible for a tax cut under my proposal"", ""reason_text"": """", ""reason_choices"": [""stance/support"", ""economy""]}]",
2000100300155,20001003_gore_bush,GORE,"No. I think the American people should take into account who we are as individuals, what our experience is, what our positions are on the issues and proposals are. I’m asking you to see me for who I really am. I’m offering you my own vision, my own experience, my own proposals. And incidentally, one of them is this. This current campaign financing system has not reflected credit on anybody in either party. And that’s one of the reasons I’ve said before, and I’ll pledge here tonight, if I’m president, the very first bill that Joe Lieberman and I will send to the United States Congress is the McCain-Feingold campaign finance reform bill. And the reason it’s that important is that all of the other issues, whether prescription drugs for all seniors that are opposed by the drug companies or the patient’s bill of rights to take the decisions away from the HMOs and give them to the doctors and nurses, opposed by the HMOs and insurance companies, all these other proposals are going to be a lot easier to get passed for the American people if we limit the influence of special interest money and give democracy back to the American people. And I wish Governor Bush would join me this evening in endorsing the McCain-Feingold Campaign Finance Reform Bill.",True,"[{""start"": 755, ""end"": 793, ""text"": ""that are opposed by the drug companies"", ""reason_text"": """", ""reason_choices"": [""attribution"", ""stance/support"", ""medicine""]}, {""start"": 908, ""end"": 951, ""text"": ""opposed by the HMOs and insurance companies"", ""reason_text"": """", ""reason_choices"": [""attribution"", ""stance/support"", ""medicine""]}]",
2000100300096,20001003_gore_bush,GORE,"Oh, absolutely. This is a very important moment in the history of our country. Look, we’ve got the biggest surpluses in all of American history. The key question that has to be answered in this election is will we use that prosperity wisely in a way that benefits all of our people and doesn’t go just to the few. Almost half of all the tax cut benefits, as I said under Governor Bush’s plan, go to the wealthiest 1%. I think we have to make the right and responsible choices. I think we have to invest in education, protecting the environment, health care, a prescription drug benefit that goes to all seniors, not just to the poor, under Medicare, not relying on HMOs and insurance companies. I think that we have to help parents and strengthen families by dealing with the kind of inappropriate entertainment material that families are just heart sick that their children are exposed to. I think we’ve got to have welfare reform taken to the next stage. I think that we have got to balance the budget every single year, pay down the national debt and, in fact, under my proposal the national debt will be completely eliminated by the year 2012. I think we need to put Medicare and Social Security in a lockbox. The governor will not put Medicare in a lockbox. I don’t think it should be used as a piggy bank for other programs. I think it needs to be moved out of the budget and protected. I’ll veto anything that takes money out of Social Security or Medicare for anything other than Social Security or Medicare. Now, the priorities are just very different. I’ll give you a couple of examples. For every new dollar that I propose for spending on health care, Governor Bush spends $3 for a tax cut for the wealthiest 1%. Now, for every dollar that I propose to spend on education, he spends $5 on a tax cut for the wealthiest 1%. Those are very clear differences.",True,"[{""start"": 85, ""end"": 143, ""text"": ""we’ve got the biggest surpluses in all of American history"", ""reason_text"": """", ""reason_choices"": [""ranking"", ""economy""]}, {""start"": 314, ""end"": 353, ""text"": ""Almost half of all the tax cut benefits"", ""reason_text"": """", ""reason_choices"": [""statistic"", ""attribution"", ""stance/support"", ""economy""]}, {""start"": 365, ""end"": 416, ""text"": ""under Governor Bush’s plan, go to the wealthiest 1%"", ""reason_text"": """", ""reason_choices"": [""statistic"", ""attribution"", ""stance/support"", ""economy""]}, {""start"": 784, ""end"": 820, ""text"": ""inappropriate entertainment material"", ""reason_text"": """", ""reason_choices"": [""other""]}, {""start"": 866, ""end"": 889, ""text"": ""children are exposed to"", ""reason_text"": """", ""reason_choices"": [""other""]}, {""start"": 1064, ""end"": 1146, ""text"": ""under my proposal the national debt will be completely eliminated by the year 2012"", ""reason_text"": """", ""reason_choices"": [""numerical absolute"", ""forecast/projection"", ""economy""]}, {""start"": 1598, ""end"": 1722, ""text"": ""For every new dollar that I propose for spending on health care, Governor Bush spends $3 for a tax cut for the wealthiest 1%"", ""reason_text"": """", ""reason_choices"": [""statistic"", ""forecast/projection"", ""attribution"", ""stance/support"", ""economy"", ""medicine""]}, {""start"": 1729, ""end"": 1831, ""text"": ""for every dollar that I propose to spend on education, he spends $5 on a tax cut for the wealthiest 1%"", ""reason_text"": """", ""reason_choices"": [""statistic"", ""attribution"", ""stance/support"", ""economy"", ""education""]}]",
2000100300092,20001003_gore_bush,GORE,"One of the key points in foreign policy and national security policy is the need to re-establish the old-fashioned principle that politics ought to stop at the water’s edge. When I was in the United States Congress, I worked with former President Reagan to modernize our strategic weaponry and to pursue arms control in a responsible way. When I was in the United States Senate I worked with former President Bush, your father. I was one of only a few Democrats in the Senate to support the Persian Gulf War. I think bipartisanship is a national asset. We have to find ways to reestablish it in foreign policy and national security policy.",True,"[{""start"": 174, ""end"": 316, ""text"": ""When I was in the United States Congress, I worked with former President Reagan to modernize our strategic weaponry and to pursue arms control"", ""reason_text"": """", ""reason_choices"": [""attribution"", ""defense/military"", ""nuclear warfare""]}, {""start"": 428, ""end"": 507, ""text"": ""I was one of only a few Democrats in the Senate to support the Persian Gulf War"", ""reason_text"": """", ""reason_choices"": [""vague quantitative"", ""attribution"", ""stance/support"", ""geopolitics"", ""defense/military""]}]",
2000100300029,20001003_gore_bush,GORE,The difference is I want to bring it to 100% and he wants to bring it to 5%.,True,"[{""start"": 49, ""end"": 75, ""text"": ""he wants to bring it to 5%"", ""reason_text"": """", ""reason_choices"": [""numerical absolute"", ""attribution"", ""stance/support""]}]",
2000100300109,20001003_gore_bush,GORE,"We agree on a couple of things on education. I strongly support new accountability, so does Governor Bush. I strongly support local control, so does Governor Bush. I’m in favor of testing as a way of measuring performance. Every school and every school district, have every state test the children. I’ve also proposed a voluntary national test in the fourth grade and eighth grade, and a form of testing the governor has not endorsed. I think that all new teachers ought to be tested in the subjects that they teach. We’ve got to recruit 100,000 new teachers. And I have budgeted for that. We’ve got to reduce the class size so that the student who walks in has more one-on-one time with the teacher. We ought to have universal pre-school and we ought to make college tuition tax deductible, up to $10,000 a year. I would like to tell you a quick story. I got a letter today as I left Sarasota, Florida. I’m here with a group of 13 people from around the country who helped me prepare. We had a great time. Two days ago we ate lunch at a restaurant. The guy that served us lunch gave me a letter today. His name is Randy Ellis. He has a 15-year-old daughter named Caley, who is in Sarasota High School. Her science class was supposed to be for 24 students. She’s the 36th student in that classroom. They sent me a picture of her in the classroom. They can’t squeeze another desk in for her, so she has to stand during class. I want the federal government, consistent with local control and new accountability, to make improvement of our schools the number one priority so Caley will have a desk and can sit down in a classroom where she can learn.",True,"[{""start"": 564, ""end"": 588, ""text"": ""I have budgeted for that"", ""reason_text"": """", ""reason_choices"": [""attribution"", ""stance/support"", ""education""]}, {""start"": 1257, ""end"": 1297, ""text"": ""She’s the 36th student in that classroom"", ""reason_text"": """", ""reason_choices"": [""numerical absolute"", ""anecdote"", ""education""]}]",
2000100300061,20001003_gore_bush,GORE,"We both use similar language to reach an exactly opposite outcome. I don’t favor a litmus test, but I know that there are ways to assess how a potential justice interprets the Constitution. And in my view, the Constitution ought to be interpreted as a document that grows with our country and our history. And I believe, for example, that there is a right of privacy in the Fourth Amendment. And when the phrase a strict constructionist is used and when the names of Scalia and Thomas are used as the benchmarks for who would be appointed, those are code words, and nobody should mistake this, for saying the governor would appoint people who would overturn Roe v. Wade. It’s very clear to me. I would appoint people that have a philosophy that I think would have it quite likely they would uphold Roe v. Wade.",True,"[{""start"": 454, ""end"": 538, ""text"": ""the names of Scalia and Thomas are used as the benchmarks for who would be appointed"", ""reason_text"": """", ""reason_choices"": [""attribution"", ""politics""]}, {""start"": 605, ""end"": 669, ""text"": ""the governor would appoint people who would overturn Roe v. Wade"", ""reason_text"": """", ""reason_choices"": [""politics"", ""abortion""]}]",
2000100300045,20001003_gore_bush,GORE,Well can I have the last word on this?,False,[],
2000100300002,20001003_gore_bush,GORE,"Well, Jim, first of all, I would like to thank the sponsors of this debate and the people of Boston for hosting the debate. I would like to thank Governor Bush for participating, and I would like to say I’m happy to be here with Tipper and our family. I have actually not questioned Governor Bush’s experience. I have questioned his proposals. And here is why. I think this is a very important moment for our country. We have achieved extraordinary prosperity. And in this election, America has to make an important choice. Will we use our prosperity to enrich not just the few, but all of our families? I believe we have to make the right and responsible choices. If I’m entrusted with the presidency, here are the choices that I will make. I will balance the budget every year. I will pay down the national debt. I will put Medicare and Social Security in a lockbox and protect them. And I will cut taxes for middle-class families. I believe it’s important to resist the temptation to squander our surplus. If we make the right choices, we can have a prosperity that endures and enriches all of our people. If I’m entrusted with the presidency, I will help parents and strengthen families because, you know, if we have prosperity that grows and grows, we still won’t be successful unless we strengthen families by, for example, ensuring that children can always go to schools that are safe. By giving parents the tools to protect their children against cultural pollution. I will make sure that we invest in our country and our families. And I mean investing in education, health care, the environment, and middle-class tax cuts and retirement security. That is my agenda and that is why I think that it’s not just a question of experience.",True,"[{""start"": 252, ""end"": 309, ""text"": ""I have actually not questioned Governor Bush’s experience"", ""reason_text"": """", ""reason_choices"": [""attribution"", ""politics""]}]",
2000100300049,20001003_gore_bush,GORE,"Well, Jim, the FDA took 12 years, and I do support that decision. They determined it was medically safe for the women who use that drug. This is indeed a very important issue. First of all on the issue of partial birth or so-called late-term abortion, I would sign a law banning that procedure, provided that doctors have the ability to save a woman’s life or to act if her health is severely at risk. That’s not the main issue. The main issue is whether or not the Roe v. Wade decision is going to be overturned. I support a woman’s right to choose. My opponent does not. It is important because the next president is going to appoint three and maybe even four justices of the Supreme Court. And Governor Bush has declared to the anti-choice groups that he will appoint justices in the mold of Scalia and Clarence Thomas, who are known for being the most vigorous opponents of a woman’s right to choose. Here is the difference. He trusts the government to order a woman to do what it thinks she ought to do. I trust women to make the decisions that affect their lives, their destinies and their bodies. And I think a woman’s right to choose ought to be protected and defended.",True,"[{""start"": 66, ""end"": 135, ""text"": ""They determined it was medically safe for the women who use that drug"", ""reason_text"": """", ""reason_choices"": [""epistemic"", ""medicine"", ""abortion""]}, {""start"": 205, ""end"": 250, ""text"": ""partial birth or so-called late-term abortion"", ""reason_text"": """", ""reason_choices"": [""abortion""]}, {""start"": 551, ""end"": 571, ""text"": ""My opponent does not"", ""reason_text"": """", ""reason_choices"": [""attribution"", ""stance/support"", ""gender equality"", ""abortion""]}, {""start"": 597, ""end"": 691, ""text"": ""the next president is going to appoint three and maybe even four justices of the Supreme Court"", ""reason_text"": """", ""reason_choices"": [""forecast/projection"", ""politics""]}, {""start"": 697, ""end"": 821, ""text"": ""Governor Bush has declared to the anti-choice groups that he will appoint justices in the mold of Scalia and Clarence Thomas"", ""reason_text"": """", ""reason_choices"": [""attribution"", ""politics"", ""gender equality"", ""abortion""]}]",
2000100300017,20001003_gore_bush,GORE,"Well, Jim, under my plan all seniors will get prescription drugs under Medicare. The governor has described Medicare as a government HMO. It’s not, and let me explain the difference. Under the Medicare prescription drug proposal I’m making, here is how it works, you go to your own doctor. Your doctor chooses your prescription. No HMO or insurance company can take those choices away from you. Then you go to your own pharmacy. You fill the prescription and Medicare pays half the cost. If you’re in a very poor family or if you have very high costs, Medicare will pay all the costs, a $25 premium, and much better benefits than you can possibly find in the private sector. Now here is the contrast. 95% of all seniors would get no help whatsoever under my opponent’s plan for the first four or five years. Now, one thing I don’t understand, Jim, is why is it that the wealthiest 1% get their tax cuts the first year, but 95% of seniors have to wait four to five years before they get a single penny?",True,"[{""start"": 11, ""end"": 79, ""text"": ""under my plan all seniors will get prescription drugs under Medicare"", ""reason_text"": """", ""reason_choices"": [""stance/support"", ""medicine""]}, {""start"": 81, ""end"": 136, ""text"": ""The governor has described Medicare as a government HMO"", ""reason_text"": """", ""reason_choices"": [""attribution"", ""medicine""]}, {""start"": 459, ""end"": 486, ""text"": ""Medicare pays half the cost"", ""reason_text"": """", ""reason_choices"": [""numerical absolute"", ""stance/support""]}, {""start"": 488, ""end"": 598, ""text"": ""If you’re in a very poor family or if you have very high costs, Medicare will pay all the costs, a $25 premium"", ""reason_text"": """", ""reason_choices"": [""numerical absolute"", ""stance/support"", ""medicine""]}, {""start"": 701, ""end"": 806, ""text"": ""95% of all seniors would get no help whatsoever under my opponent’s plan for the first four or five years"", ""reason_text"": """", ""reason_choices"": [""statistic"", ""comparative/temporal"", ""forecast/projection"", ""stance/support""]}, {""start"": 866, ""end"": 917, ""text"": ""the wealthiest 1% get their tax cuts the first year"", ""reason_text"": """", ""reason_choices"": [""stance/support"", ""economy""]}, {""start"": 923, ""end"": 1000, ""text"": ""95% of seniors have to wait four to five years before they get a single penny"", ""reason_text"": """", ""reason_choices"": [""forecast/projection"", ""stance/support""]}]",
2000100300069,20001003_gore_bush,GORE,"Well, Milosevic has lost the election. His opponent, Kostunica, has won the election. It’s overwhelming. Milosevic’s government refuses to release the vote count. There’s now a general strike going on. They’re demonstrating. I think we should support the people of Serbia and Yugoslavia, as they call the Serbia plus Montenegro, and put pressure in every way possible to recognize the lawful outcome of the election. The people of Serbia have acted very bravely in kicking this guy out of office. Now he is trying to not release the votes and then go straight to a so-called runoff election without even announcing the results of the first vote. Now, we’ve made it clear, along with our allies, that when Milosevic leaves, then Serbia will be able to have a more normal relationship with the rest of the world. That is a very strong incentive that we’ve given them to do the right thing. Bear in mind also, Milosevic has been indicted as a war criminal and he should be held accountable for his actions. Now, we have to take measured steps because the sentiment within Serbia is, for understandable reasons, against the United States because their nationalism — even if they don’t like Milosevic, they still have some feelings lingering from the NATO action there. So we have to be intelligent in the way we go about it. But make no mistake about it, we should do everything we can to see that the will of the Serbian people expressed in this extraordinary election is done. And I hope that he’ll be out of office very shortly.",True,"[{""start"": 6, ""end"": 84, ""text"": ""Milosevic has lost the election. His opponent, Kostunica, has won the election"", ""reason_text"": """", ""reason_choices"": [""politics"", ""geopolitics""]}, {""start"": 105, ""end"": 161, ""text"": ""Milosevic’s government refuses to release the vote count"", ""reason_text"": """", ""reason_choices"": [""attribution"", ""politics"", ""geopolitics""]}, {""start"": 501, ""end"": 644, ""text"": ""he is trying to not release the votes and then go straight to a so-called runoff election without even announcing the results of the first vote"", ""reason_text"": """", ""reason_choices"": [""attribution"", ""politics"", ""geopolitics""]}, {""start"": 907, ""end"": 952, ""text"": ""Milosevic has been indicted as a war criminal"", ""reason_text"": """", ""reason_choices"": [""geopolitics"", ""crime/law""]}]",
2000100300087,20001003_gore_bush,GORE,"Well, they should look at our proposals and look at us as people and make up their own minds. When I was a young man, I volunteered for the Army. I served my country in Vietnam. My father was a senator who strongly opposed the Vietnam War. I went to college in this great city, and most of my peers felt against the war as I did. But I went anyway because I knew if I didn’t, somebody else in the small town of Carthage, Tennessee, would have to go in my place. I served for eight years in the House of Representatives and I served on the Intelligence Committee, specialized in looking at arms control. I served for eight years in the United States Senate and served on the Armed Services Committee. For the last eight years I’ve served on the National Security Council, and when the conflict came up in Bosnia, I saw a genocide in the heart of Europe with the most violent war on the continent of Europe since World War II. Look, that’s where World War I started in the Balkans. My uncle was a victim of poisonous gas there. Millions of Americans saw the results of that conflict. We have to be willing to make good, sound judgments. Incidentally, I know the value of making sure our troops have the latest technology. The governor has proposed skipping the next generation of weapons. I think that’s a big mistake, because I think we have to stay at the cutting edge.",True,"[{""start"": 146, ""end"": 176, ""text"": ""I served my country in Vietnam"", ""reason_text"": """", ""reason_choices"": [""geopolitics"", ""defense/military"", ""personal life""]}, {""start"": 178, ""end"": 238, ""text"": ""My father was a senator who strongly opposed the Vietnam War"", ""reason_text"": """", ""reason_choices"": [""attribution"", ""stance/support"", ""politics"", ""geopolitics"", ""defense/military"", ""personal life""]}, {""start"": 818, ""end"": 828, ""text"": ""a genocide"", ""reason_text"": """", ""reason_choices"": [""geopolitics"", ""ethnicity/race""]}, {""start"": 857, ""end"": 923, ""text"": ""the most violent war on the continent of Europe since World War II"", ""reason_text"": """", ""reason_choices"": [""comparative/temporal"", ""ranking"", ""geopolitics"", ""defense/military""]}, {""start"": 1220, ""end"": 1285, ""text"": ""The governor has proposed skipping the next generation of weapons"", ""reason_text"": """", ""reason_choices"": [""attribution"", ""stance/support"", ""defense/military""]}]",
2000100300118,20001003_gore_bush,GORE,"When the action in Kosovo was dragging on and we were searching for a solution to the problem, our country had defeated the adversary on the battlefield without a single American life being lost in combat. But the dictator Milosevic was hanging on. I invited the former prime minister of Russia to my house and took a risk in asking him to get personally involved, along with the head of Finland, to go to Belgrade and to take a set of proposals from the United States that would constitute basically a surrender by Serbia. But it was a calculated risk that paid off. Now, I could probably give you some other examples of decisions over the last 24 years. I have been in public service for 24 years, Jim. And throughout all that time the people I have fought for have been the middle-class families, and I have been willing to stand up to powerful interests like the big insurance companies, the drug companies, the HMOs, the oil companies. They have good people and they play constructive roles sometimes, but sometimes they get too much power. I cast my lot with the people even when it means that you have to stand up to some powerful interests who are trying to turn the — the policies and the laws to their advantage. You can see it in this campaign. The big drug companies support Governor Bush’s prescription drug proposal. They oppose mine because they don’t want to get Medicare involved because they’re afraid that Medicare will negotiate lower prices for seniors who currently pay the highest prices of all.",True,"[{""start"": 95, ""end"": 204, ""text"": ""our country had defeated the adversary on the battlefield without a single American life being lost in combat"", ""reason_text"": """", ""reason_choices"": [""numerical absolute"", ""geopolitics"", ""defense/military""]}, {""start"": 1256, ""end"": 1329, ""text"": ""The big drug companies support Governor Bush’s prescription drug proposal"", ""reason_text"": """", ""reason_choices"": [""attribution"", ""stance/support"", ""medicine""]}, {""start"": 1331, ""end"": 1347, ""text"": ""They oppose mine"", ""reason_text"": """", ""reason_choices"": [""attribution"", ""stance/support"", ""medicine""]}, {""start"": 1466, ""end"": 1517, ""text"": ""seniors who currently pay the highest prices of all"", ""reason_text"": """", ""reason_choices"": [""ranking"", ""medicine""]}]",
2000100300006,20001003_gore_bush,GORE,"Yes, Jim. I said that his tax cut plan, for example, raises the question of whether it’s the right choice for the country. And let me give you an example of what I mean. Under Governor Bush’s tax cut proposal, he would spend more money on tax cuts for the wealthiest 1% than all of the new spending that he proposes for education, health care, prescription drugs and national defense all combined. Now, I think those are the wrong priorities. Now, under my proposal, for every dollar that I propose in spending for things like education and health care, I will put another dollar into middle class tax cuts. And for every dollar that I spend in those two categories, I’ll put $2 toward paying down the national debt. I think it’s very important to keep the debt going down and completely eliminate it. And I also think it’s very important to go to the next stage of welfare reform. Our country has cut the welfare rolls in half. I fought hard from my days in the Senate and as vice president to cut the welfare rolls and we’ve moved millions of people in America into good jobs. But it’s now time for the next stage of welfare reform, and include fathers and not only mothers.",True,"[{""start"": 170, ""end"": 396, ""text"": ""Under Governor Bush’s tax cut proposal, he would spend more money on tax cuts for the wealthiest 1% than all of the new spending that he proposes for education, health care, prescription drugs and national defense all combined"", ""reason_text"": """", ""reason_choices"": [""forecast/projection"", ""stance/support"", ""economy"", ""medicine"", ""education"", ""defense/military""]}, {""start"": 882, ""end"": 927, ""text"": ""Our country has cut the welfare rolls in half"", ""reason_text"": """", ""reason_choices"": [""numerical absolute"", ""comparative/temporal"", ""economy""]}, {""start"": 929, ""end"": 1016, ""text"": ""I fought hard from my days in the Senate and as vice president to cut the welfare rolls"", ""reason_text"": """", ""reason_choices"": [""attribution"", ""stance/support"", ""economy"", ""politics""]}]",
2000100300131,20001003_gore_bush,GORE,"You know, I think the American people deserve credit for the great economy that we have. It’s their ingenuity, I agree with that. But you know, they were working pretty hard eight years ago. And now they had ingenuity eight years ago. The difference is we’ve got a new policy. And instead of concentrating on tax cuts mostly for the wealthy, we want — I want tax cuts for the middle-class families and I want to continue the prosperity and make sure that it enriches not just a few but all of our families. We have gone from the biggest deficits to the biggest surpluses. We have gone from a triple-dip recession during the previous 12 years to a tripling of the stock market. Instead of a high unemployment, we have the lowest African-American and Latin American unemployment rates in history and 22 million new jobs. It’s not good enough. Too many people have been left behind. We have got to do much more. The key is job training, education, investments in health care and education, environment, retirement security. And incidentally, we have got to preserve Social Security. I’m totally opposed to diverting one out of every six dollars out of the Social Security trust fund, as the Governor has proposed, into the stock market. I want new incentives for savings and investment for the young couples who are working hard so they can save and invest on their own on top of Social Security, not at the expense of Social Security, as the governor proposes.",True,"[{""start"": 507, ""end"": 570, ""text"": ""We have gone from the biggest deficits to the biggest surpluses"", ""reason_text"": """", ""reason_choices"": [""comparative/temporal"", ""ranking"", ""economy""]}, {""start"": 572, ""end"": 675, ""text"": ""We have gone from a triple-dip recession during the previous 12 years to a tripling of the stock market"", ""reason_text"": """", ""reason_choices"": [""numerical absolute"", ""comparative/temporal"", ""economy""]}, {""start"": 709, ""end"": 793, ""text"": ""we have the lowest African-American and Latin American unemployment rates in history"", ""reason_text"": """", ""reason_choices"": [""ranking"", ""economy"", ""ethnicity/race""]}, {""start"": 798, ""end"": 817, ""text"": ""22 million new jobs"", ""reason_text"": """", ""reason_choices"": [""numerical absolute"", ""economy""]}, {""start"": 1103, ""end"": 1232, ""text"": ""diverting one out of every six dollars out of the Social Security trust fund, as the Governor has proposed, into the stock market"", ""reason_text"": """", ""reason_choices"": [""statistic"", ""attribution"", ""stance/support"", ""economy""]}]",
2004093000118,20040930_bush_kerry,BUSH,"Actually, we’ve increased funding for dealing with nuclear proliferation about 35 percent since I’ve been the president. Secondly, we’ve set up what’s called the — well, first of all, I agree with my opponent that the biggest threat facing this country is weapons of mass destruction in the hands of a terrorist network. And that’s why proliferation is one of the centerpieces of a multi-prong strategy to make the country safer. My administration started what’s called the Proliferation Security Initiative. Over 60 nations involved with disrupting the trans-shipment of information and/or weapons of mass destruction materials. And we’ve been effective. We busted the A.Q. Khan network. This was a proliferator out of Pakistan that was selling secrets to places like North Korea and Libya. We convinced Libya to disarm. It’s a central part of dealing with weapons of mass destruction and proliferation. I’ll tell you another way to help protect America in the long run is to continue with missile defenses. And we’ve got a robust research and development program that has been ongoing during my administration. We’ll be implementing a missile-defense system relatively quickly. And that is another way to help deal with the threats that we face in the 21st century. My opponent opposed the missile defenses.",True,"[{""start"": 10, ""end"": 119, ""text"": ""we’ve increased funding for dealing with nuclear proliferation about 35 percent since I’ve been the president"", ""reason_text"": """", ""reason_choices"": [""numerical absolute"", ""attribution""]}, {""start"": 689, ""end"": 790, ""text"": ""This was a proliferator out of Pakistan that was selling secrets to places like North Korea and Libya"", ""reason_text"": """", ""reason_choices"": [""geopolitics"", ""nuclear warfare""]}, {""start"": 792, ""end"": 820, ""text"": ""We convinced Libya to disarm"", ""reason_text"": """", ""reason_choices"": [""attribution"", ""nuclear warfare""]}, {""start"": 1268, ""end"": 1308, ""text"": ""My opponent opposed the missile defenses"", ""reason_text"": """", ""reason_choices"": [""attribution"", ""stance/support"", ""defense/military""]}]",
2004093000123,20040930_bush_kerry,BUSH,"Again, I can’t tell you how big a mistake I think that is, to have bilateral talks with North Korea. It’s precisely what Kim Jong Il wants. It will cause the six-party talks to evaporate. It will mean that China no longer is involved in convincing, along with us, for Kim Jong Il to get rid of his weapons. It’s a big mistake to do that. We must have China’s leverage on Kim Jong Il, besides ourselves. And if you enter bilateral talks, they’ll be happy to walk away from the table. I don’t think that’ll work.",False,[],
2004093000102,20040930_bush_kerry,BUSH,"Back to Iran, just for a second. It was not my administration that put the sanctions on Iran. That happened long before I arrived in Washington, D.C. In terms of Darfur, I agree it’s genocide. And Colin Powell so stated. We have committed $200 million worth of aid. We’re the leading donor in the world to help the suffering people there. We will commit more over time to help. We were very much involved at the U.N. on the sanction policy of the Bashir government in the Sudan. Prior to Darfur, Ambassador Jack Danforth had been negotiating a north-south agreement that we would have hoped would have brought peace to the Sudan. I agree with my opponent that we shouldn’t be committing troops. We ought to be working with the African Union to do so — precisely what we did in Liberia. We helped stabilize the situation with some troops, and when the African Union came, we moved them out. My hope is that the African Union moves rapidly to help save lives. And fortunately the rainy season will be ending shortly, which will make it easier to get aid there and help the long-suffering people there.",True,"[{""start"": 33, ""end"": 92, ""text"": ""It was not my administration that put the sanctions on Iran"", ""reason_text"": """", ""reason_choices"": [""attribution"", ""geopolitics""]}, {""start"": 197, ""end"": 219, ""text"": ""Colin Powell so stated"", ""reason_text"": """", ""reason_choices"": [""attribution"", ""geopolitics"", ""ethnicity/race""]}, {""start"": 221, ""end"": 264, ""text"": ""We have committed $200 million worth of aid"", ""reason_text"": """", ""reason_choices"": [""numerical absolute"", ""geopolitics"", ""ethnicity/race""]}, {""start"": 266, ""end"": 337, ""text"": ""We’re the leading donor in the world to help the suffering people there"", ""reason_text"": """", ""reason_choices"": [""ranking"", ""geopolitics"", ""ethnicity/race""]}, {""start"": 378, ""end"": 477, ""text"": ""We were very much involved at the U.N. on the sanction policy of the Bashir government in the Sudan"", ""reason_text"": """", ""reason_choices"": [""attribution"", ""geopolitics"", ""ethnicity/race""]}, {""start"": 479, ""end"": 565, ""text"": ""Prior to Darfur, Ambassador Jack Danforth had been negotiating a north-south agreement"", ""reason_text"": """", ""reason_choices"": [""attribution"", ""geopolitics""]}, {""start"": 786, ""end"": 888, ""text"": ""We helped stabilize the situation with some troops, and when the African Union came, we moved them out"", ""reason_text"": """", ""reason_choices"": [""attribution"", ""geopolitics"", ""defense/military""]}]",
2004093000017,20040930_bush_kerry,BUSH,Can I respond to that?,False,[],
2004093000082,20040930_bush_kerry,BUSH,"First of all, of course I know Osama bin Laden attacked us. I know that. And secondly, to think that another round of resolutions would have caused Saddam Hussein to disarm, disclose, is ludicrous, in my judgment. It just shows a significant difference of opinion. We tried diplomacy. We did our best. He was hoping to turn a blind eye. And, yes, he would have been stronger had we not dealt with him. He had the capability of making weapons, and he would have made weapons.",True,"[{""start"": 265, ""end"": 283, ""text"": ""We tried diplomacy"", ""reason_text"": """", ""reason_choices"": [""geopolitics""]}, {""start"": 402, ""end"": 441, ""text"": ""He had the capability of making weapons"", ""reason_text"": """", ""reason_choices"": [""geopolitics"", ""defense/military"", ""nuclear warfare""]}]",
2004093000025,20040930_bush_kerry,BUSH,"I don’t think we want to get to how he’s going to pay for all these promises. It’s like a huge tax gap. Anyway, that’s for another debate. My administration has tripled the amount of money we’re spending on homeland security to $30 billion a year. My administration worked with the Congress to create the Department of Homeland Security so we could better coordinate our borders and ports. We’ve got 1,000 extra border patrol on the southern border; want 1,000 on the northern border. We’re modernizing our borders. We spent $3.1 billion for fire and police, $3.1 billion. We’re doing our duty to provide the funding. But the best way to protect this homeland is to stay on the offense. You know, we have to be right 100 percent of the time. And the enemy only has to be right once to hurt us. There’s a lot of good people working hard. And by the way, we’ve also changed the culture of the FBI to have counterterrorism as its number one priority. We’re communicating better. We’re going to reform our intelligence services to make sure that we get the best intelligence possible. The Patriot Act is vital — is vital that the Congress renew the Patriot Act which enables our law enforcement to disrupt terror cells. But again, I repeat to my fellow citizens, the best way to protection is to stay on the offense.",True,"[{""start"": 139, ""end"": 246, ""text"": ""My administration has tripled the amount of money we’re spending on homeland security to $30 billion a year"", ""reason_text"": """", ""reason_choices"": [""numerical absolute"", ""comparative/temporal"", ""attribution"", ""defense/military""]}, {""start"": 390, ""end"": 448, ""text"": ""We’ve got 1,000 extra border patrol on the southern border"", ""reason_text"": """", ""reason_choices"": [""numerical absolute"", ""attribution"", ""defense/military"", ""immigration""]}, {""start"": 516, ""end"": 571, ""text"": ""We spent $3.1 billion for fire and police, $3.1 billion"", ""reason_text"": """", ""reason_choices"": [""numerical absolute"", ""crime/law"", ""other""]}]",
2004093000034,20040930_bush_kerry,BUSH,I think it’s worthy for a follow-up.,False,[],
2004093000078,20040930_bush_kerry,BUSH,"I would hope I never have to. I understand how hard it is to commit troops. Never wanted to commit troops. When I was running — when we had the debate in 2000, never dreamt I’d be doing that. But the enemy attacked us, Jim, and I have a solemn duty to protect the American people, to do everything I can to protect us. I think that by speaking clearly and doing what we say and not sending mixed messages, it is less likely we’ll ever have to use troops. But a president must always be willing to use troops. It must — as a last resort. I was hopeful diplomacy would work in Iraq. It was falling apart. There was no doubt in my mind that Saddam Hussein was hoping that the world would turn a blind eye. And if he had been in power, in other words, if we would have said, “Let the inspectors work, or let’s, you know, hope to talk him out. Maybe an 18th resolution would work,” he would have been stronger and tougher, and the world would have been a lot worse off. There’s just no doubt in my mind we would rue the day, had Saddam Hussein been in power. So we use diplomacy every chance we get, believe me. And I would hope to never have to use force. But by speaking clearly and sending messages that we mean what we say, we’ve affected the world in a positive way. Look at Libya. Libya was a threat. Libya is now peacefully dismantling its weapons programs. Libya understood that America and others will enforce doctrine and that the world is better for it. So to answer your question, I would hope we never have to. I think by acting firmly and decisively, it will mean it is less likely we have to use force.",True,"[{""start"": 1282, ""end"": 1300, ""text"": ""Libya was a threat"", ""reason_text"": """", ""reason_choices"": [""geopolitics"", ""defense/military"", ""nuclear warfare""]}, {""start"": 1302, ""end"": 1358, ""text"": ""Libya is now peacefully dismantling its weapons programs"", ""reason_text"": """", ""reason_choices"": [""geopolitics"", ""nuclear warfare""]}]",
2004093000004,20040930_bush_kerry,BUSH,"I, too, thank the University of Miami, and say our prayers are with the good people of this state, who’ve suffered a lot. September the 11th changed how America must look at the world. And since that day, our nation has been on a multi-pronged strategy to keep our country safer. We pursued Al Qaida wherever Al Qaida tries to hide. Seventy-five percent of known Al Qaida leaders have been brought to justice. The rest of them know we’re after them. We’ve upheld the doctrine that said if you harbor a terrorist, you’re equally as guilty as the terrorist. And the Taliban are no longer in power. Ten million people have registered to vote in Afghanistan in the upcoming presidential election. In Iraq, we saw a threat, and we realized that after September the 11th, we must take threats seriously, before they fully materialize. Saddam Hussein now sits in a prison cell. America and the world are safer for it. We continue to pursue our policy of disrupting those who proliferate weapons of mass destruction. Libya has disarmed. The A.Q. Khan network has been brought to justice. And, as well, we’re pursuing a strategy of freedom around the world, because I understand free nations will reject terror. Free nations will answer the hopes and aspirations of their people. Free nations will help us achieve the peace we all want.",True,"[{""start"": 333, ""end"": 408, ""text"": ""Seventy-five percent of known Al Qaida leaders have been brought to justice"", ""reason_text"": """", ""reason_choices"": [""statistic"", ""terrorism"", ""crime/law""]}, {""start"": 596, ""end"": 691, ""text"": ""Ten million people have registered to vote in Afghanistan in the upcoming presidential election"", ""reason_text"": """", ""reason_choices"": [""numerical absolute"", ""politics"", ""geopolitics""]}, {""start"": 1009, ""end"": 1027, ""text"": ""Libya has disarmed"", ""reason_text"": """", ""reason_choices"": [""geopolitics"", ""nuclear warfare""]}]",
2004093000120,20040930_bush_kerry,BUSH,In the hands of a terrorist enemy.,False,[],
2004093000107,20040930_bush_kerry,BUSH,I’m trying to put a leash on them. (LAUGHTER),False,[],
2004093000014,20040930_bush_kerry,BUSH,"Jim, we’ve got the capability of doing both. As a matter of fact, this is a global effort. We’re facing a group of folks who have such hatred in their heart, they’ll strike anywhere, with any means. And that’s why it’s essential that we have strong alliances, and we do. That’s why it’s essential that we make sure that we keep weapons of mass destruction out of the hands of people like Al Qaida, which we are. But to say that there’s only one focus on the war on terror doesn’t really understand the nature of the war on terror. Of course we’re after Saddam Hussein — I mean bin Laden. He’s isolated. Seventy-five percent of his people have been brought to justice. The killer — the mastermind of the September 11th attacks, Khalid Sheik Mohammed, is in prison. We’re making progress. But the front on this war is more than just one place. The Philippines — we’ve got help — we’re helping them there to bring — to bring Al Qaida affiliates to justice there. And, of course, Iraq is a central part in the war on terror. That’s why Zarqawi and his people are trying to fight us. Their hope is that we grow weary and we leave. The biggest disaster that could happen is that we not succeed in Iraq. We will succeed. We’ve got a plan to do so. And the main reason we’ll succeed is because the Iraqis want to be free. I had the honor of visiting with Prime Minister Allawi. He’s a strong, courageous leader. He believes in the freedom of the Iraqi people. He doesn’t want U.S. leadership, however, to send mixed signals, to not stand with the Iraqi people. He believes, like I believe, that the Iraqis are ready to fight for their own freedom. They just need the help to be trained. There will be elections in January. We’re spending reconstruction money. And our alliance is strong. That’s the plan for victory. And when Iraq is free, America will be more secure.",True,"[{""start"": 603, ""end"": 666, ""text"": ""Seventy-five percent of his people have been brought to justice"", ""reason_text"": """", ""reason_choices"": [""statistic"", ""terrorism"", ""crime/law""]}, {""start"": 681, ""end"": 762, ""text"": ""the mastermind of the September 11th attacks, Khalid Sheik Mohammed, is in prison"", ""reason_text"": """", ""reason_choices"": [""attribution"", ""terrorism"", ""crime/law""]}, {""start"": 877, ""end"": 958, ""text"": ""we’re helping them there to bring — to bring Al Qaida affiliates to justice there"", ""reason_text"": """", ""reason_choices"": [""geopolitics"", ""terrorism"", ""crime/law""]}, {""start"": 1715, ""end"": 1750, ""text"": ""We’re spending reconstruction money"", ""reason_text"": """", ""reason_choices"": [""geopolitics""]}]",
2004093000030,20040930_bush_kerry,BUSH,"Let me first tell you that the best way for Iraq to be safe and secure is for Iraqi citizens to be trained to do the job. And that’s what we’re doing. We’ve got 100,000 trained now, 125,000 by the end of this year, 200,000 by the end of next year. That is the best way. We’ll never succeed in Iraq if the Iraqi citizens do not want to take matters into their own hands to protect themselves. I believe they want to. Prime Minister Allawi believes they want to. And so the best indication about when we can bring our troops home — which I really want to do, but I don’t want to do so for the sake of bringing them home; I want to do so because we’ve achieved an objective — is to see the Iraqis perform and to see the Iraqis step up and take responsibility. And so, the answer to your question is: When our general is on the ground and Ambassador Negroponte tells me that Iraq is ready to defend herself from these terrorists, that elections will have been held by then, that their stability and that they’re on their way to, you know, a nation that’s free; that’s when. And I hope it’s as soon as possible. But I know putting artificial deadlines won’t work. My opponent at one time said, “Well, get me elected, I’ll have them out of there in six months.” You can’t do that and expect to win the war on terror. My message to our troops is, “Thank you for what you’re doing. We’re standing with you strong. We’ll give you all the equipment you need. And we’ll get you home as soon as the mission’s done, because this is a vital mission.” A free Iraq will be an ally in the war on terror, and that’s essential. A free Iraq will set a powerful example in the part of the world that is desperate for freedom. A free Iraq will help secure Israel. A free Iraq will enforce the hopes and aspirations of the reformers in places like Iran. A free Iraq is essential for the security of this country.",True,"[{""start"": 151, ""end"": 180, ""text"": ""We’ve got 100,000 trained now"", ""reason_text"": """", ""reason_choices"": [""numerical absolute"", ""geopolitics"", ""defense/military""]}, {""start"": 182, ""end"": 246, ""text"": ""125,000 by the end of this year, 200,000 by the end of next year"", ""reason_text"": """", ""reason_choices"": [""numerical absolute"", ""forecast/projection"", ""geopolitics"", ""defense/military""]}, {""start"": 1159, ""end"": 1255, ""text"": ""My opponent at one time said, “Well, get me elected, I’ll have them out of there in six months.”"", ""reason_text"": """", ""reason_choices"": [""attribution"", ""geopolitics"", ""defense/military""]}]",
2004093000088,20040930_bush_kerry,BUSH,"Let me — I’m not exactly sure what you mean, “passes the global test,” you take preemptive action if you pass a global test. My attitude is you take preemptive action in order to protect the American people, that you act in order to make this country secure. My opponent talks about me not signing certain treaties. Let me tell you one thing I didn’t sign, and I think it shows the difference of our opinion — the difference of opinions. And that is, I wouldn’t join the International Criminal Court. This is a body based in The Hague where unaccountable judges and prosecutors can pull our troops or diplomats up for trial. And I wouldn’t join it. And I understand that in certain capitals around the world that that wasn’t a popular move. But it’s the right move not to join a foreign court that could — where our people could be prosecuted. My opponent is for joining the International Criminal Court. I just think trying to be popular, kind of, in the global sense, if it’s not in our best interest makes no sense. I’m interested in working with our nations and do a lot of it. But I’m not going to make decisions that I think are wrong for America.",True,"[{""start"": 501, ""end"": 623, ""text"": ""This is a body based in The Hague where unaccountable judges and prosecutors can pull our troops or diplomats up for trial"", ""reason_text"": """", ""reason_choices"": [""geopolitics"", ""defense/military"", ""crime/law""]}, {""start"": 844, ""end"": 903, ""text"": ""My opponent is for joining the International Criminal Court"", ""reason_text"": """", ""reason_choices"": [""stance/support"", ""geopolitics"", ""crime/law""]}]",
2004093000055,20040930_bush_kerry,BUSH,"My opponent just said something amazing. He said Osama bin Laden uses the invasion of Iraq as an excuse to spread hatred for America. Osama bin Laden isn’t going to determine how we defend ourselves. Osama bin Laden doesn’t get to decide. The American people decide. I decided the right action was in Iraq. My opponent calls it a mistake. It wasn’t a mistake. He said I misled on Iraq. I don’t think he was misleading when he called Iraq a grave threat in the fall of 2002. I don’t think he was misleading when he said that it was right to disarm Iraq in the spring of 2003. I don’t think he misled you when he said that, you know, anyone who doubted whether the world was better off without Saddam Hussein in power didn’t have the judgment to be president. I don’t think he was misleading. I think what is misleading is to say you can lead and succeed in Iraq if you keep changing your positions on this war. And he has. As the politics change, his positions change. And that’s not how a commander in chief acts. Let me finish. The intelligence I looked at was the same intelligence my opponent looked at, the very same intelligence. And when I stood up there and spoke to the Congress, I was speaking off the same intelligence he looked at to make his decisions to support the authorization of force.",True,"[{""start"": 49, ""end"": 132, ""text"": ""Osama bin Laden uses the invasion of Iraq as an excuse to spread hatred for America"", ""reason_text"": """", ""reason_choices"": [""attribution"", ""geopolitics"", ""defense/military"", ""terrorism""]}, {""start"": 423, ""end"": 472, ""text"": ""he called Iraq a grave threat in the fall of 2002"", ""reason_text"": """", ""reason_choices"": [""attribution"", ""geopolitics"", ""defense/military""]}, {""start"": 511, ""end"": 573, ""text"": ""he said that it was right to disarm Iraq in the spring of 2003"", ""reason_text"": """", ""reason_choices"": [""attribution"", ""geopolitics"", ""nuclear warfare""]}, {""start"": 1250, ""end"": 1301, ""text"": ""his decisions to support the authorization of force"", ""reason_text"": """", ""reason_choices"": [""attribution"", ""stance/support"", ""geopolitics"", ""defense/military""]}]",
2004093000012,20040930_bush_kerry,BUSH,"My opponent looked at the same intelligence I looked at and declared in 2002 that Saddam Hussein was a grave threat. He also said in December of 2003 that anyone who doubts that the world is safer without Saddam Hussein does not have the judgment to be president. I agree with him. The world is better off without Saddam Hussein. I was hoping diplomacy would work. I understand the serious consequences of committing our troops into harm’s way. It’s the hardest decision a president makes. So I went to the United Nations. I didn’t need anybody to tell me to go to the United Nations. I decided to go there myself. And I went there hoping that, once and for all, the free world would act in concert to get Saddam Hussein to listen to our demands. They passed the resolution that said, “Disclose, disarm, or face serious consequences.” I believe, when an international body speaks, it must mean what it says. Saddam Hussein had no intention of disarming. Why should he? He had 16 other resolutions and nothing took place. As a matter of fact, my opponent talks about inspectors. The facts are that he was systematically deceiving the inspectors. That wasn’t going to work. That’s kind of a pre-September 10th mentality, the hope that somehow resolutions and failed inspections would make this world a more peaceful place. He was hoping we’d turn away. But there was fortunately others beside myself who believed that we ought to take action. We did. The world is safer without Saddam Hussein.",True,"[{""start"": 60, ""end"": 115, ""text"": ""declared in 2002 that Saddam Hussein was a grave threat"", ""reason_text"": """", ""reason_choices"": [""attribution"", ""geopolitics""]}, {""start"": 117, ""end"": 262, ""text"": ""He also said in December of 2003 that anyone who doubts that the world is safer without Saddam Hussein does not have the judgment to be president"", ""reason_text"": """", ""reason_choices"": [""attribution"", ""geopolitics""]}, {""start"": 969, ""end"": 1019, ""text"": ""He had 16 other resolutions and nothing took place"", ""reason_text"": """", ""reason_choices"": [""numerical absolute"", ""attribution"", ""geopolitics""]}, {""start"": 1097, ""end"": 1143, ""text"": ""he was systematically deceiving the inspectors"", ""reason_text"": """", ""reason_choices"": [""geopolitics""]}]",
2004093000037,20040930_bush_kerry,BUSH,"My opponent says help is on the way, but what kind of message does it say to our troops in harm’s way, “wrong war, wrong place, wrong time”? Not a message a commander in chief gives, or this is a “great diversion.” As well, help is on the way, but it’s certainly hard to tell it when he voted against the $87-billion supplemental to provide equipment for our troops, and then said he actually did vote for it before he voted against it. Not what a commander in chief does when you’re trying to lead troops.",True,"[{""start"": 284, ""end"": 365, ""text"": ""he voted against the $87-billion supplemental to provide equipment for our troops"", ""reason_text"": """", ""reason_choices"": [""attribution"", ""stance/support"", ""geopolitics"", ""defense/military""]}, {""start"": 376, ""end"": 435, ""text"": ""said he actually did vote for it before he voted against it"", ""reason_text"": """", ""reason_choices"": [""attribution"", ""stance/support"", ""geopolitics"", ""defense/military""]}]",
2004093000006,20040930_bush_kerry,BUSH,"No, I don’t believe it’s going to happen. I believe I’m going to win, because the American people know I know how to lead. I’ve shown the American people I know how to lead. I have — I understand everybody in this country doesn’t agree with the decisions I’ve made. And I made some tough decisions. But people know where I stand. People out there listening know what I believe. And that’s how best it is to keep the peace. This nation of ours has got a solemn duty to defeat this ideology of hate. And that’s what they are. This is a group of killers who will not only kill here, but kill children in Russia, that’ll attack unmercifully in Iraq, hoping to shake our will. We have a duty to defeat this enemy. We have a duty to protect our children and grandchildren. The best way to defeat them is to never waver, to be strong, to use every asset at our disposal, is to constantly stay on the offensive and, at the same time, spread liberty. And that’s what people are seeing now is happening in Afghanistan. Ten million citizens have registered to vote. It’s a phenomenal statistic. That if given a chance to be free, they will show up at the polls. Forty-one percent of those 10 million are women. In Iraq, no doubt about it, it’s tough. It’s hard work. It’s incredibly hard. You know why? Because an enemy realizes the stakes. The enemy understands a free Iraq will be a major defeat in their ideology of hatred. That’s why they’re fighting so vociferously. They showed up in Afghanistan when they were there, because they tried to beat us and they didn’t. And they’re showing up in Iraq for the same reason. They’re trying to defeat us. And if we lose our will, we lose. But if we remain strong and resolute, we will defeat this enemy.",True,"[{""start"": 584, ""end"": 607, ""text"": ""kill children in Russia"", ""reason_text"": """", ""reason_choices"": [""terrorism""]}, {""start"": 1009, ""end"": 1053, ""text"": ""Ten million citizens have registered to vote"", ""reason_text"": """", ""reason_choices"": [""numerical absolute"", ""politics"", ""geopolitics""]}, {""start"": 1151, ""end"": 1198, ""text"": ""Forty-one percent of those 10 million are women"", ""reason_text"": """", ""reason_choices"": [""numerical absolute"", ""statistic"", ""politics"", ""geopolitics"", ""gender equality""]}]",
2004093000125,20040930_bush_kerry,BUSH,"No, I don’t think it’s OK, and said so publicly. I think that there needs to be checks and balances in a democracy, and made that very clear that by consolidating power in the central government, he’s sending a signal to the Western world and United States that perhaps he doesn’t believe in checks and balances, and I told him that. I mean, he’s also a strong ally in the war on terror. He is — listen, they went through a horrible situation in Beslan, where these terrorists gunned down young school kids. That’s the nature of the enemy, by the way. That’s why we need to be firm and resolved in bringing them to justice. That’s precisely what Vladimir Putin understands, as well. I’ve got a good relation with Vladimir. And it’s important that we do have a good relation, because that enables me to better comment to him, and to better to discuss with him, some of the decisions he makes. I found that, in this world, that it’s important to establish good personal relationships with people so that when you have disagreements, you’re able to disagree in a way that is effective. And so I’ve told him my opinion. I look forward to discussing it more with him, as time goes on. Russia is a country in transition. Vladimir is going to have to make some hard choices. And I think it’s very important for the American president, as well as other Western leaders, to remind him of the great benefits of democracy, that democracy will best help the people realize their hopes and aspirations and dreams. And I will continue working with him over the next four years.",True,"[{""start"": 31, ""end"": 47, ""text"": ""said so publicly"", ""reason_text"": """", ""reason_choices"": [""stance/support""]}, {""start"": 460, ""end"": 506, ""text"": ""these terrorists gunned down young school kids"", ""reason_text"": """", ""reason_choices"": [""terrorism""]}]",
2004093000049,20040930_bush_kerry,BUSH,"No, what I said was that, because we achieved such a rapid victory, more of the Saddam loyalists were around. I mean, we thought we’d whip more of them going in. But because Tommy Franks did such a great job in planning the operations, we moved rapidly, and a lot of the Baathists and Saddam loyalists laid down their arms and disappeared. I thought they would stay and fight, but they didn’t. And now we’re fighting them now. And it’s hard work. I understand how hard it is. I get the casualty reports every day. I see on the TV screens how hard it is. But it’s necessary work. And I’m optimistic. See, I think you can be realistic and optimistic at the same time. I’m optimistic we’ll achieve — I know we won’t achieve if we send mixed signals. I know we’re not going to achieve our objective if we send mixed signals to our troops, our friends, the Iraqi citizens. We’ve got a plan in place. The plan says there will be elections in January, and there will be. The plan says we’ll train Iraqi soldiers so they can do the hard work, and we are. And it’s not only just America, but NATO is now helping, Jordan’s helping train police, UAE is helping train police. We’ve allocated $7 billion over the next months for reconstruction efforts. And we’re making progress there. And our alliance is strong. And as I just told you, there’s going to be a summit of the Arab nations. Japan will be hosting a summit. We’re making progress. It is hard work. It is hard work to go from a tyranny to a democracy. It’s hard work to go from a place where people get their hands cut off, or executed, to a place where people are free. But it’s necessary work. And a free Iraq is going to make this world a more peaceful place.",True,"[{""start"": 4, ""end"": 108, ""text"": ""what I said was that, because we achieved such a rapid victory, more of the Saddam loyalists were around"", ""reason_text"": """", ""reason_choices"": [""attribution"", ""geopolitics"", ""defense/military""]}, {""start"": 258, ""end"": 338, ""text"": ""a lot of the Baathists and Saddam loyalists laid down their arms and disappeared"", ""reason_text"": """", ""reason_choices"": [""vague quantitative"", ""geopolitics"", ""defense/military""]}, {""start"": 1083, ""end"": 1162, ""text"": ""NATO is now helping, Jordan’s helping train police, UAE is helping train police"", ""reason_text"": """", ""reason_choices"": [""geopolitics"", ""defense/military"", ""crime/law""]}, {""start"": 1164, ""end"": 1238, ""text"": ""We’ve allocated $7 billion over the next months for reconstruction efforts"", ""reason_text"": """", ""reason_choices"": [""numerical absolute"", ""geopolitics""]}, {""start"": 1526, ""end"": 1583, ""text"": ""a place where people get their hands cut off, or executed"", ""reason_text"": """", ""reason_choices"": [""geopolitics""]}]",
2004093000090,20040930_bush_kerry,BUSH,"North Korea, first, I do. Let me say — I certainly hope so. Before I was sworn in, the policy of this government was to have bilateral negotiations with North Korea. And we signed an agreement with North Korea that my administration found out that was not being honored by the North Koreans. And so I decided that a better way to approach the issue was to get other nations involved, just besides us. And in Crawford, Texas, Jiang Zemin and I agreed that the nuclear-weapons-free peninsula, Korean Peninsula, was in his interest and our interest and the world’s interest. And so we began a new dialogue with North Korea, one that included not only the United States, but now China. And China’s a got a lot of influence over North Korea, some ways more than we do. As well, we included South Korea, Japan and Russia. So now there are five voices speaking to Kim Jong Il, not just one. And so if Kim Jong Il decides again to not honor an agreement, he’s not only doing injustice to America, he’d be doing injustice to China, as well. And I think this will work. It’s not going to work if we open up a dialogue with Kim Jong Il. That's what he wants. He wants to unravel the six-party talks, or the five-nation coalition that’s sending him a clear message. On Iran, I hope we can do the same thing, continue to work with the world to convince the Iranian mullahs to abandon their nuclear ambitions. We worked very closely with the foreign ministers of France, Germany and Great Britain, who have been the folks delivering the message to the mullahs that if you expect to be part of the world of nations, get rid of your nuclear programs. The IAEA is involved. There’s a special protocol recently been passed that allows for inspections. I hope we can do it. And we’ve got a good strategy.",True,"[{""start"": 170, ""end"": 290, ""text"": ""we signed an agreement with North Korea that my administration found out that was not being honored by the North Koreans"", ""reason_text"": """", ""reason_choices"": [""geopolitics""]}, {""start"": 405, ""end"": 545, ""text"": ""in Crawford, Texas, Jiang Zemin and I agreed that the nuclear-weapons-free peninsula, Korean Peninsula, was in his interest and our interest"", ""reason_text"": """", ""reason_choices"": [""attribution"", ""geopolitics"", ""nuclear warfare""]}, {""start"": 686, ""end"": 735, ""text"": ""China’s a got a lot of influence over North Korea"", ""reason_text"": """", ""reason_choices"": [""geopolitics""]}, {""start"": 1635, ""end"": 1655, ""text"": ""The IAEA is involved"", ""reason_text"": """", ""reason_choices"": [""attribution"", ""nuclear warfare""]}]",
2004093000028,20040930_bush_kerry,BUSH,"Of course we’re doing everything we can to protect America. I wake up every day thinking about how best to protect America. That’s my job. I work with Director Mueller of the FBI; comes in my office when I’m in Washington every morning, talking about how to protect us. There’s a lot of really good people working hard to do so. It’s hard work. But, again, I want to tell the American people, we’re doing everything we can at home, but you better have a president who chases these terrorists down and bring them to justice before they hurt us again.",False,[],
2004093000133,20040930_bush_kerry,BUSH,"Oh, I’m a pretty calm guy. I don’t take it personally.",False,[],
2004093000140,20040930_bush_kerry,BUSH,"Thank you very much tonight, Jim. Senator. If America shows uncertainty or weakness in this decade, the world will drift toward tragedy. That’s not going to happen, so long as I’m your president. The next four years we will continue to strengthen our homeland defenses. We will strengthen our intelligence-gathering services. We will reform our military. The military will be an all-volunteer army. We will continue to stay on the offense. We will fight the terrorists around the world so we do not have to face them here at home. We’ll continue to build our alliances. I’ll never turn over America’s national security needs to leaders of other countries, as we continue to build those alliances. And we’ll continue to spread freedom. I believe in the transformational power of liberty. I believe that the free Iraq is in this nation’s interests. I believe a free Afghanistan is in this nation’s interest. And I believe both a free Afghanistan and a free Iraq will serve as a powerful example for millions who plead in silence for liberty in the broader Middle East. We’ve done a lot of hard work together over the last three and a half years. We’ve been challenged, and we’ve risen to those challenges. We’ve climbed the mighty mountain. I see the valley below, and it’s a valley of peace. By being steadfast and resolute and strong, by keeping our word, by supporting our troops, we can achieve the peace we all want. I appreciate your listening tonight. I ask for your vote. And may God continue to bless our great land.",False,[],
2004093000019,20040930_bush_kerry,BUSH,"Thank you, sir. First of all, what my opponent wants you to forget is that he voted to authorize the use of force and now says it’s the wrong war at the wrong time at the wrong place. I don’t see how you can lead this country to succeed in Iraq if you say wrong war, wrong time, wrong place. What message does that send our troops? What message does that send to our allies? What message does that send the Iraqis? No, the way to win this is to be steadfast and resolved and to follow through on the plan that I’ve just outlined.",True,"[{""start"": 75, ""end"": 113, ""text"": ""he voted to authorize the use of force"", ""reason_text"": """", ""reason_choices"": [""attribution"", ""stance/support"", ""geopolitics"", ""defense/military""]}]",
2004093000104,20040930_bush_kerry,BUSH,"That’s a loaded question. Well, first of all, I admire Senator Kerry’s service to our country. I admire the fact that he is a great dad. I appreciate the fact that his daughters have been so kind to my daughters in what has been a pretty hard experience for, I guess, young girls, seeing their dads out there campaigning. I admire the fact that he served for 20 years in the Senate. Although I’m not so sure I admire the record. I won’t hold it against him that he went to Yale. There’s nothing wrong with that. My concerns about the senator is that, in the course of this campaign, I’ve been listening very carefully to what he says, and he changes positions on the war in Iraq. He changes positions on something as fundamental as what you believe in your core, in your heart of hearts, is right in Iraq. You cannot lead if you send mixed messages. Mixed messages send the wrong signals to our troops. Mixed messages send the wrong signals to our allies. Mixed messages send the wrong signals to the Iraqi citizens. And that’s my biggest concern about my opponent. I admire his service. But I just know how this world works, and that in the councils of government, there must be certainty from the U.S. president. Of course, we change tactics when need to, but we never change our beliefs, the strategic beliefs that are necessary to protect this country in the world.",True,"[{""start"": 639, ""end"": 678, ""text"": ""he changes positions on the war in Iraq"", ""reason_text"": """", ""reason_choices"": [""stance/support"", ""geopolitics"", ""defense/military""]}]",
2004093000043,20040930_bush_kerry,BUSH,"That’s totally absurd. Of course, the U.N. was invited in. And we support the U.N. efforts there. They pulled out after Sergio de Mello got killed. But they’re now back in helping with elections. My opponent says we didn’t have any allies in this war. What’s he say to Tony Blair? What’s he say to Alexander Kwasniewski of Poland? You can’t expect to build an alliance when you denigrate the contributions of those who are serving side by side with American troops in Iraq. Plus, he says the cornerstone of his plan to succeed in Iraq is to call upon nations to serve. So what’s the message going to be: “Please join us in Iraq. For a grand diversion. Join us for a war that is the wrong war at the wrong place at the wrong time?” I know how these people think. I deal with them all the time. I sit down with the world leaders frequently and talk to them on the phone frequently. They’re not going to follow somebody who says, “This is the wrong war at the wrong place at the wrong time.” They’re not going to follow somebody who says this is the wrong war at the wrong place at the wrong time. They’re not going to follow somebody whose core convictions keep changing because of politics in America. And finally, he says we ought to have a summit. Well, there are summits being held. Japan is going to have a summit for the donors; $14 billion pledged. And Prime Minister Koizumi is going to call countries to account, to get them to contribute. And there’s going to be an Arab summit, of the neighborhood countries. And Colin Powell helped set up that summit.",True,"[{""start"": 1333, ""end"": 1352, ""text"": ""$14 billion pledged"", ""reason_text"": """", ""reason_choices"": [""numerical absolute"", ""geopolitics""]}]",
2004093000098,20040930_bush_kerry,BUSH,"The minute we have bilateral talks, the six-party talks will unwind. That’s exactly what Kim Jong Il wants. And by the way, the breach on the agreement was not through plutonium. The breach on the agreement is highly enriched uranium. That’s what we caught him doing. That’s where he was breaking the agreement. Secondly, he said — my opponent said where he worked to put sanctions on Iran — we’ve already sanctioned Iran. We can’t sanction them any more. There are sanctions in place on Iran. And finally, we were a party to the convention — to working with Germany, France and Great Britain to send their foreign ministers into Iran.",True,"[{""start"": 179, ""end"": 233, ""text"": ""The breach on the agreement is highly enriched uranium"", ""reason_text"": """", ""reason_choices"": [""geopolitics"", ""nuclear warfare""]}, {""start"": 392, ""end"": 421, ""text"": ""we’ve already sanctioned Iran"", ""reason_text"": """", ""reason_choices"": [""attribution"", ""geopolitics""]}, {""start"": 456, ""end"": 492, ""text"": ""There are sanctions in place on Iran"", ""reason_text"": """", ""reason_choices"": [""geopolitics""]}]",
2004093000059,20040930_bush_kerry,BUSH,"The only thing consistent about my opponent’s position is that he’s been inconsistent. He changes positions. And you cannot change positions in this war on terror if you expect to win. And I expect to win. It’s necessary we win. We’re being challenged like never before. And we have a duty to our country and to future generations of America to achieve a free Iraq, a free Afghanistan, and to rid the world of weapons of mass destruction.",False,[],
2004093000076,20040930_bush_kerry,BUSH,The reason why Prime Minister Allawi said they’re coming across the border is because he recognizes that this is a central part of the war on terror. They’re fighting us because they’re fighting freedom. They understand that a free Afghanistan or a free Iraq will be a major defeat for them. And those are the stakes. And that’s why it is essential we not leave. That’s why it’s essential we hold the line. That’s why it’s essential we win. And we will. Under my leadership we’re going to win this war in Iraq.,False,[],
2004093000071,20040930_bush_kerry,BUSH,"There are 100,000 troops trained, police, guard, special units, border patrol. There’s going to be 125,000 trained by the end of this year. Yes, we’re getting the job done. It’s hard work. Everybody knows it’s hard work, because there’s a determined enemy that’s trying to defeat us. Now, my opponent says he’s going to try to change the dynamics on the ground. Well, Prime Minister Allawi was here. He is the leader of that country. He’s a brave, brave man. When he came, after giving a speech to the Congress, my opponent questioned his credibility. You can’t change the dynamics on the ground if you’ve criticized the brave leader of Iraq. One of his campaign people alleged that Prime Minister Allawi was like a puppet. That’s no way to treat somebody who’s courageous and brave, that is trying to lead his country forward. The way to make sure that we succeed is to send consistent, sound messages to the Iraqi people that when we give our word, we will keep our word, that we stand with you, that we believe you want to be free. And I do. I believe that 25 million people, the vast majority, long to have elections. I reject this notion — and I’m suggesting my opponent isn’t — I reject the notion that some say that if you’re Muslim you can’t free, you don’t desire freedom. I disagree, strongly disagree with that.",True,"[{""start"": 0, ""end"": 77, ""text"": ""There are 100,000 troops trained, police, guard, special units, border patrol"", ""reason_text"": """", ""reason_choices"": [""numerical absolute"", ""geopolitics"", ""defense/military""]}, {""start"": 79, ""end"": 138, ""text"": ""There’s going to be 125,000 trained by the end of this year"", ""reason_text"": """", ""reason_choices"": [""numerical absolute"", ""forecast/projection"", ""geopolitics"", ""defense/military""]}, {""start"": 459, ""end"": 550, ""text"": ""When he came, after giving a speech to the Congress, my opponent questioned his credibility"", ""reason_text"": """", ""reason_choices"": [""attribution"", ""politics"", ""geopolitics""]}, {""start"": 643, ""end"": 722, ""text"": ""One of his campaign people alleged that Prime Minister Allawi was like a puppet"", ""reason_text"": """", ""reason_choices"": [""attribution"", ""politics"", ""geopolitics""]}]",
2004093000112,20040930_bush_kerry,BUSH,"Well, I think — listen, I fully agree that one should shift tactics, and we will, in Iraq. Our commanders have got all the flexibility to do what is necessary to succeed. But what I won’t do is change my core values because of politics or because of pressure. And it is one of the things I’ve learned in the White House, is that there’s enormous pressure on the president, and he cannot wilt under that pressure. Otherwise, the world won’t be better off.",False,[],
2004093000047,20040930_bush_kerry,BUSH,"Well, actually, he forgot Poland. And now there’s 30 nations involved, standing side by side with our American troops. And I honor their sacrifices. And I don’t appreciate it when a candidate for president denigrates the contributions of these brave soldiers. You cannot lead the world if you do not honor the contributions of those who are with us. He called them coerced and the bribed. That’s not how you bring people together. Our coalition is strong. It will remain strong, so long as I’m the president.",True,"[{""start"": 38, ""end"": 69, ""text"": ""now there’s 30 nations involved"", ""reason_text"": """", ""reason_choices"": [""numerical absolute"", ""geopolitics"", ""defense/military""]}, {""start"": 350, ""end"": 387, ""text"": ""He called them coerced and the bribed"", ""reason_text"": """", ""reason_choices"": [""attribution"", ""geopolitics"", ""defense/military""]}]",
2004093000065,20040930_bush_kerry,BUSH,"Yes, I understand what it means to the commander in chief. And if I were to ever say, “This is the wrong war at the wrong time at the wrong place,” the troops would wonder, how can I follow this guy? You cannot lead the war on terror if you keep changing positions on the war on terror and say things like, “Well, this is just a grand diversion.” It’s not a grand diversion. This is an essential that we get it right. And so, the plan he talks about simply won’t work.",False,[],
2004093000129,20040930_bush_kerry,BUSH,You know my opinion on North Korea. I can’t say it any more plainly.,False,[],
2004093000061,20040930_bush_kerry,BUSH,"You know, every life is precious. Every life matters. You know, my hardest — the hardest part of the job is to know that I committed the troops in harm’s way and then do the best I can to provide comfort for the loved ones who lost a son or a daughter or a husband or wife. You know, I think about Missy Johnson. She’s a fantastic lady I met in Charlotte, North Carolina. She and her son Bryan, they came to see me. Her husband PJ got killed. He’d been in Afghanistan, went to Iraq. You know, it’s hard work to try to love her as best as I can, knowing full well that the decision I made caused her loved one to be in harm’s way. I told her after we prayed and teared up and laughed some that I thought her husband’s sacrifice was noble and worthy. Because I understand the stakes of this war on terror. I understand that we must find Al Qaida wherever they hide. We must deal with threats before they fully materialize. And Saddam Hussein was a threat, and that we must spread liberty because in the long run, the way to defeat hatred and tyranny and oppression is to spread freedom. Missy understood that. That’s what she told me her husband understood. So you say, “Was it worth it?” Every life is precious. That’s what distinguishes us from the enemy. Everybody matters. But I think it’s worth it, Jim. I think it’s worth it, because I think — I know in the long term a free Iraq, a free Afghanistan, will set such a powerful example in a part of the world that’s desperate for freedom. It will help change the world; that we can look back and say we did our duty.",False,[],
2004093000135,20040930_bush_kerry,BUSH,"You know, we looked at the same intelligence and came to the same conclusion: that Saddam Hussein was a grave threat. And I don’t hold it against him that he said grave threat. I’m not going to go around the country saying he didn’t tell the truth, when he looked at the same intelligence I did.",True,"[{""start"": 155, ""end"": 175, ""text"": ""he said grave threat"", ""reason_text"": """", ""reason_choices"": [""attribution"", ""geopolitics"", ""defense/military""]}]",
2004093000096,20040930_bush_kerry,KERRY,"Both. I want bilateral talks which put all of the issues, from the armistice of 1952, the economic issues, the human rights issues, the artillery disposal issues, the DMZ issues and the nuclear issues on the table.",False,[],
2004093000008,20040930_bush_kerry,KERRY,"I believe in being strong and resolute and determined. And I will hunt down and kill the terrorists, wherever they are. But we also have to be smart, Jim. And smart means not diverting your attention from the real war on terror in Afghanistan against Osama bin Laden and taking if off to Iraq where the 9/11 Commission confirms there was no connection to 9/11 itself and Saddam Hussein, and where the reason for going to war was weapons of mass destruction, not the removal of Saddam Hussein. This president has made, I regret to say, a colossal error of judgment. And judgment is what we look for in the president of the United States of America. I’m proud that important military figures who are supporting me in this race: former Chairman of the Joint Chiefs of Staff John Shalikashvili; just yesterday, General Eisenhower’s son, General John Eisenhower, endorsed me; General Admiral William Crown; General Tony McBeak, who ran the Air Force war so effectively for his father — all believe I would make a stronger commander in chief. And they believe it because they know I would not take my eye off of the goal: Osama bin Laden. Unfortunately, he escaped in the mountains of Tora Bora. We had him surrounded. But we didn’t use American forces, the best trained in the world, to go kill him. The president relied on Afghan warlords and he outsourced that job too. That’s wrong.",True,"[{""start"": 293, ""end"": 385, ""text"": ""where the 9/11 Commission confirms there was no connection to 9/11 itself and Saddam Hussein"", ""reason_text"": """", ""reason_choices"": [""epistemic"", ""geopolitics"", ""terrorism""]}, {""start"": 397, ""end"": 456, ""text"": ""the reason for going to war was weapons of mass destruction"", ""reason_text"": """", ""reason_choices"": [""causation"", ""geopolitics"", ""defense/military"", ""nuclear warfare""]}, {""start"": 663, ""end"": 921, ""text"": ""important military figures who are supporting me in this race: former Chairman of the Joint Chiefs of Staff John Shalikashvili; just yesterday, General Eisenhower’s son, General John Eisenhower, endorsed me; General Admiral William Crown; General Tony McBeak"", ""reason_text"": ""? maybe not"", ""reason_choices"": [""attribution"", ""stance/support"", ""politics"", ""defense/military""]}, {""start"": 1148, ""end"": 1188, ""text"": ""he escaped in the mountains of Tora Bora"", ""reason_text"": """", ""reason_choices"": [""terrorism""]}, {""start"": 1295, ""end"": 1361, ""text"": ""The president relied on Afghan warlords and he outsourced that job"", ""reason_text"": """", ""reason_choices"": [""attribution"", ""geopolitics"", ""defense/military"", ""terrorism""]}]",
2004093000073,20040930_bush_kerry,KERRY,"I couldn’t agree more that the Iraqis want to be free and that they could be free. But I think the president, again, still hasn’t shown how he’s going to go about it the right way. He has more of the same. Now, Prime Minister Allawi came here, and he said the terrorists are pouring over the border. That’s Allawi’s assessment. The national intelligence assessment that was given to the president in July said, best-case scenario, more of the same of what we see today; worst-case scenario, civil war. I can do better.",True,"[{""start"": 211, ""end"": 298, ""text"": ""Prime Minister Allawi came here, and he said the terrorists are pouring over the border"", ""reason_text"": """", ""reason_choices"": [""attribution"", ""geopolitics"", ""terrorism""]}, {""start"": 328, ""end"": 500, ""text"": ""The national intelligence assessment that was given to the president in July said, best-case scenario, more of the same of what we see today; worst-case scenario, civil war"", ""reason_text"": """", ""reason_choices"": [""attribution"", ""geopolitics"", ""defense/military""]}]",
2004093000114,20040930_bush_kerry,KERRY,"I have no intention of wilting. I’ve never wilted in my life. And I’ve never wavered in my life. I know exactly what we need to do in Iraq, and my position has been consistent: Saddam Hussein is a threat. He needed to be disarmed. We needed to go to the U.N. The president needed the authority to use force in order to be able to get him to do something, because he never did it without the threat of force. But we didn’t need to rush to war without a plan to win the peace.",True,"[{""start"": 363, ""end"": 406, ""text"": ""he never did it without the threat of force"", ""reason_text"": """", ""reason_choices"": [""attribution"", ""geopolitics""]}]",
2004093000063,20040930_bush_kerry,KERRY,"I understand what the president is talking about, because I know what it means to lose people in combat. And the question, is it worth the cost, reminds me of my own thinking when I came back from fighting in that war. And it reminds me that it is vital for us not to confuse the war, ever, with the warriors. That happened before. And that’s one of the reasons why I believe I can get this job done, because I am determined for those soldiers and for those families, for those kids who put their lives on the line. That is noble. That’s the most noble thing that anybody can do. And I want to make sure the outcome honors that nobility. Now, we have a choice here. I’ve laid out a plan by which I think we can be successful in Iraq: with a summit, by doing better training, faster, by cutting — by doing what we need to do with respect to the U.N. and the elections. There’s only 25 percent of the people in there. They can’t have an election right now. The president’s not getting the job done. So the choice for America is, you can have a plan that I’ve laid out in four points, each of which I can tell you more about or you can go to johnkerry.com and see more of it; or you have the president’s plan, which is four words: more of the same. I think my plan is better. And my plan has a better chance of standing up and fighting for those troops. I will never let those troops down, and will hunt and kill the terrorists wherever they are.",True,"[{""start"": 868, ""end"": 914, ""text"": ""There’s only 25 percent of the people in there"", ""reason_text"": """", ""reason_choices"": [""statistic"", ""geopolitics""]}]",
2004093000057,20040930_bush_kerry,KERRY,"I wasn’t misleading when I said he was a threat. Nor was I misleading on the day that the president decided to go to war when I said that he had made a mistake in not building strong alliances and that I would have preferred that he did more diplomacy. I’ve had one position, one consistent position, that Saddam Hussein was a threat. There was a right way to disarm him and a wrong way. And the president chose the wrong way.",True,"[{""start"": 70, ""end"": 192, ""text"": ""on the day that the president decided to go to war when I said that he had made a mistake in not building strong alliances"", ""reason_text"": """", ""reason_choices"": [""attribution"", ""stance/support"", ""geopolitics"", ""defense/military""]}]",
2004093000136,20040930_bush_kerry,KERRY,"It was a threat. That’s not the issue. The issue is what you do about it. The president said he was going to build a true coalition, exhaust the remedies of the U.N. and go to war as a last resort. Those words really have to mean something. And, unfortunately, he didn’t go to war as a last resort. Now we have this incredible mess in Iraq — $200 billion. It’s not what the American people thought they were getting when they voted.",True,"[{""start"": 74, ""end"": 196, ""text"": ""The president said he was going to build a true coalition, exhaust the remedies of the U.N. and go to war as a last resort"", ""reason_text"": """", ""reason_choices"": [""attribution"", ""geopolitics"", ""defense/military""]}, {""start"": 342, ""end"": 354, ""text"": ""$200 billion"", ""reason_text"": """", ""reason_choices"": [""numerical absolute"", ""geopolitics"", ""defense/military""]}]",
2004093000023,20040930_bush_kerry,KERRY,"Jim, let me tell you exactly what I’ll do. And there are a long list of thing. First of all, what kind of mixed message does it send when you have $500 million going over to Iraq to put police officers in the streets of Iraq, and the president is cutting the COPS program in America? What kind of message does it send to be sending money to open firehouses in Iraq, but we’re shutting firehouses who are the first-responders here in America. The president hasn’t put one nickel, not one nickel into the effort to fix some of our tunnels and bridges and most exposed subway systems. That’s why they had to close down the subway in New York when the Republican Convention was there. We hadn’t done the work that ought to be done. The president — 95 percent of the containers that come into the ports, right here in Florida, are not inspected. Civilians get onto aircraft, and their luggage is X-rayed, but the cargo hold is not X-rayed. Does that make you feel safer in America? This president thought it was more important to give the wealthiest people in America a tax cut rather than invest in homeland security. Those aren’t my values. I believe in protecting America first. And long before President Bush and I get a tax cut — and that’s who gets it — long before we do, I’m going to invest in homeland security and I’m going to make sure we’re not cutting COPS programs in America and we’re fully staffed in our firehouses and that we protect the nuclear and chemical plants. The president also unfortunately gave in to the chemical industry, which didn’t want to do some of the things necessary to strengthen our chemical plant exposure. And there’s an enormous undone job to protect the loose nuclear materials in the world that are able to get to terrorists. That’s a whole other subject, but I see we still have a little bit more time. Let me just quickly say, at the current pace, the president will not secure the loose material in the Soviet Union — former Soviet Union for 13 years. I’m going to do it in four years. And we’re going to keep it out of the hands of terrorists.",True,"[{""start"": 147, ""end"": 224, ""text"": ""$500 million going over to Iraq to put police officers in the streets of Iraq"", ""reason_text"": """", ""reason_choices"": [""numerical absolute"", ""geopolitics"", ""crime/law""]}, {""start"": 230, ""end"": 282, ""text"": ""the president is cutting the COPS program in America"", ""reason_text"": """", ""reason_choices"": [""attribution"", ""crime/law""]}, {""start"": 321, ""end"": 364, ""text"": ""be sending money to open firehouses in Iraq"", ""reason_text"": """", ""reason_choices"": [""geopolitics"", ""other""]}, {""start"": 370, ""end"": 440, ""text"": ""we’re shutting firehouses who are the first-responders here in America"", ""reason_text"": """", ""reason_choices"": [""other""]}, {""start"": 442, ""end"": 580, ""text"": ""The president hasn’t put one nickel, not one nickel into the effort to fix some of our tunnels and bridges and most exposed subway systems"", ""reason_text"": """", ""reason_choices"": [""attribution"", ""other""]}, {""start"": 593, ""end"": 679, ""text"": ""they had to close down the subway in New York when the Republican Convention was there"", ""reason_text"": """", ""reason_choices"": [""other""]}, {""start"": 744, ""end"": 839, ""text"": ""95 percent of the containers that come into the ports, right here in Florida, are not inspected"", ""reason_text"": """", ""reason_choices"": [""statistic"", ""other""]}, {""start"": 904, ""end"": 933, ""text"": ""the cargo hold is not X-rayed"", ""reason_text"": """", ""reason_choices"": [""other""]}, {""start"": 1025, ""end"": 1072, ""text"": ""give the wealthiest people in America a tax cut"", ""reason_text"": """", ""reason_choices"": [""attribution"", ""economy""]}, {""start"": 1073, ""end"": 1112, ""text"": ""rather than invest in homeland security"", ""reason_text"": """", ""reason_choices"": [""attribution"", ""defense/military""]}, {""start"": 1689, ""end"": 1764, ""text"": ""the loose nuclear materials in the world that are able to get to terrorists"", ""reason_text"": """", ""reason_choices"": [""conspiracy"", ""terrorism"", ""nuclear warfare""]}, {""start"": 1869, ""end"": 1993, ""text"": ""at the current pace, the president will not secure the loose material in the Soviet Union — former Soviet Union for 13 years"", ""reason_text"": """", ""reason_choices"": [""forecast/projection"", ""geopolitics"", ""nuclear warfare""]}]",
2004093000080,20040930_bush_kerry,KERRY,"Jim, the president just said something extraordinarily revealing and frankly very important in this debate. In answer to your question about Iraq and sending people into Iraq, he just said, “The enemy attacked us.” Saddam Hussein didn’t attack us. Osama bin Laden attacked us. Al Qaida attacked us. And when we had Osama bin Laden cornered in the mountains of Tora Bora, 1,000 of his cohorts with him in those mountains. With the American military forces nearby and in the field, we didn’t use the best trained troops in the world to go kill the world’s number one criminal and terrorist. They outsourced the job to Afghan warlords, who only a week earlier had been on the other side fighting against us, neither of whom trusted each other. That’s the enemy that attacked us. That’s the enemy that was allowed to walk out of those mountains. That’s the enemy that is now in 60 countries, with stronger recruits. He also said Saddam Hussein would have been stronger. That is just factually incorrect. Two-thirds of the country was a no-fly zone when we started this war. We would have had sanctions. We would have had the U.N. inspectors. Saddam Hussein would have been continually weakening. If the president had shown the patience to go through another round of resolution, to sit down with those leaders, say, “What do you need, what do you need now, how much more will it take to get you to join us?” we’d be in a stronger place today.",True,"[{""start"": 371, ""end"": 419, ""text"": ""1,000 of his cohorts with him in those mountains"", ""reason_text"": """", ""reason_choices"": [""numerical absolute"", ""terrorism""]}, {""start"": 589, ""end"": 703, ""text"": ""They outsourced the job to Afghan warlords, who only a week earlier had been on the other side fighting against us"", ""reason_text"": """", ""reason_choices"": [""attribution"", ""geopolitics"", ""defense/military"", ""terrorism""]}, {""start"": 859, ""end"": 886, ""text"": ""that is now in 60 countries"", ""reason_text"": """", ""reason_choices"": [""numerical absolute"", ""geopolitics"", ""terrorism""]}, {""start"": 1000, ""end"": 1068, ""text"": ""Two-thirds of the country was a no-fly zone when we started this war"", ""reason_text"": """", ""reason_choices"": [""statistic"", ""geopolitics"", ""defense/military""]}]",
2004093000041,20040930_bush_kerry,KERRY,"No, and they don’t have to, providing we have the leadership that we put — that I’m offering. I believe that we have to win this. The president and I have always agreed on that. And from the beginning, I did vote to give the authority, because I thought Saddam Hussein was a threat, and I did accept that intelligence. But I also laid out a very strict series of things we needed to do in order to proceed from a position of strength. Then the president, in fact, promised them. He went to Cincinnati and he gave a speech in which he said, “We will plan carefully. We will proceed cautiously. We will not make war inevitable. We will go with our allies.” He didn’t do any of those things. They didn’t do the planning. They left the planning of the State Department in the State Department desks. They avoided even the advice of their own general. General Shinsheki, the Army chief of staff, said you’re going to need several hundred thousand troops. Instead of listening to him, they retired him. The terrorism czar, who has worked for every president since Ronald Reagan, said, “Invading Iraq in response to 9/11 would be like Franklin Roosevelt invading Mexico in response to Pearl Harbor.” That’s what we have here. And what we need now is a president who understands how to bring these other countries together to recognize their stakes in this. They do have stakes in it. They’ve always had stakes in it. The Arab countries have a stake in not having a civil war. The European countries have a stake in not having total disorder on their doorstep. But this president hasn’t even held the kind of statesman-like summits that pull people together and get them to invest in those states. In fact, he’s done the opposite. He pushed them away. When the Secretary General Kofi Annan offered the United Nations, he said, “No, no, we’ll go do this alone.” To save for Halliburton the spoils of the war, they actually issued a memorandum from the Defense Department saying, “If you weren’t with us in the war, don’t bother applying for any construction.” That’s not a way to invite people.",True,"[{""start"": 182, ""end"": 234, ""text"": ""from the beginning, I did vote to give the authority"", ""reason_text"": """", ""reason_choices"": [""stance/support""]}, {""start"": 479, ""end"": 654, ""text"": ""He went to Cincinnati and he gave a speech in which he said, “We will plan carefully. We will proceed cautiously. We will not make war inevitable. We will go with our allies.”"", ""reason_text"": """", ""reason_choices"": [""attribution"", ""geopolitics"", ""defense/military""]}, {""start"": 847, ""end"": 948, ""text"": ""General Shinsheki, the Army chief of staff, said you’re going to need several hundred thousand troops"", ""reason_text"": """", ""reason_choices"": [""attribution"", ""geopolitics"", ""defense/military""]}, {""start"": 979, ""end"": 995, ""text"": ""they retired him"", ""reason_text"": """", ""reason_choices"": [""attribution"", ""conspiracy"", ""geopolitics"", ""defense/military""]}, {""start"": 997, ""end"": 1192, ""text"": ""The terrorism czar, who has worked for every president since Ronald Reagan, said, “Invading Iraq in response to 9/11 would be like Franklin Roosevelt invading Mexico in response to Pearl Harbor.”"", ""reason_text"": """", ""reason_choices"": [""attribution"", ""geopolitics"", ""defense/military"", ""terrorism""]}, {""start"": 1744, ""end"": 1852, ""text"": ""When the Secretary General Kofi Annan offered the United Nations, he said, “No, no, we’ll go do this alone.”"", ""reason_text"": """", ""reason_choices"": [""attribution"", ""geopolitics"", ""defense/military""]}, {""start"": 1853, ""end"": 1898, ""text"": ""To save for Halliburton the spoils of the war"", ""reason_text"": """", ""reason_choices"": [""conspiracy"", ""energy"", ""geopolitics"", ""defense/military""]}, {""start"": 1914, ""end"": 2050, ""text"": ""issued a memorandum from the Defense Department saying, “If you weren’t with us in the war, don’t bother applying for any construction.”"", ""reason_text"": """", ""reason_choices"": [""attribution"", ""geopolitics"", ""defense/military""]}]",
2004093000116,20040930_bush_kerry,KERRY,"Nuclear proliferation. Nuclear proliferation. There’s some 600-plus tons of unsecured material still in the former Soviet Union and Russia. At the rate that the president is currently securing it, it’ll take 13 years to get it. I did a lot of work on this. I wrote a book about it several years ago — six, seven years ago — called “The New War,” which saw the difficulties of this international criminal network. And back then, we intercepted a suitcase in a Middle Eastern country with nuclear materials in it. And the black market sale price was about $250 million. Now, there are terrorists trying to get their hands on that stuff today. And this president, I regret to say, has secured less nuclear material in the last two years since 9/11 than we did in the two years preceding 9/11. We have to do this job. And to do the job, you can’t cut the money for it. The president actually cut the money for it. You have to put the money into it and the funding and the leadership. And part of that leadership is sending the right message to places like North Korea. Right now the president is spending hundreds of millions of dollars to research bunker-busting nuclear weapons. The United States is pursuing a new set of nuclear weapons. It doesn’t make sense. You talk about mixed messages. We’re telling other people, “You can’t have nuclear weapons,” but we’re pursuing a new nuclear weapon that we might even contemplate using. Not this president. I’m going to shut that program down, and we’re going to make it clear to the world we’re serious about containing nuclear proliferation. And we’re going to get the job of containing all of that nuclear material in Russia done in four years. And we’re going to build the strongest international network to prevent nuclear proliferation. This is the scale of what President Kennedy set out to do with the nuclear test ban treaty. It’s our generation’s equivalent. And I intend to get it done.",True,"[{""start"": 46, ""end"": 138, ""text"": ""There’s some 600-plus tons of unsecured material still in the former Soviet Union and Russia"", ""reason_text"": """", ""reason_choices"": [""numerical absolute"", ""nuclear warfare""]}, {""start"": 140, ""end"": 226, ""text"": ""At the rate that the president is currently securing it, it’ll take 13 years to get it"", ""reason_text"": """", ""reason_choices"": [""forecast/projection"", ""geopolitics"", ""nuclear warfare""]}, {""start"": 417, ""end"": 510, ""text"": ""back then, we intercepted a suitcase in a Middle Eastern country with nuclear materials in it"", ""reason_text"": """", ""reason_choices"": [""geopolitics"", ""nuclear warfare""]}, {""start"": 516, ""end"": 566, ""text"": ""the black market sale price was about $250 million"", ""reason_text"": """", ""reason_choices"": [""numerical absolute"", ""nuclear warfare""]}, {""start"": 573, ""end"": 639, ""text"": ""there are terrorists trying to get their hands on that stuff today"", ""reason_text"": """", ""reason_choices"": [""terrorism"", ""nuclear warfare""]}, {""start"": 678, ""end"": 788, ""text"": ""has secured less nuclear material in the last two years since 9/11 than we did in the two years preceding 9/11"", ""reason_text"": """", ""reason_choices"": [""comparative/temporal"", ""terrorism"", ""nuclear warfare""]}, {""start"": 865, ""end"": 908, ""text"": ""The president actually cut the money for it"", ""reason_text"": """", ""reason_choices"": [""attribution"", ""nuclear warfare""]}, {""start"": 1065, ""end"": 1175, ""text"": ""Right now the president is spending hundreds of millions of dollars to research bunker-busting nuclear weapons"", ""reason_text"": """", ""reason_choices"": [""numerical absolute"", ""nuclear warfare""]}]",
2004093000067,20040930_bush_kerry,KERRY,"Secretary of State Colin Powell told this president the Pottery Barn rule: If you break it, you fix it. Now, if you break it, you made a mistake. It’s the wrong thing to do. But you own it. And then you’ve got to fix it and do something with it. Now that’s what we have to do. There’s no inconsistency. Soldiers know over there that this isn’t being done right yet. I’m going to get it right for those soldiers, because it’s important to Israel, it’s important to America, it’s important to the world, it’s important to the fight on terror. But I have a plan to do it. He doesn’t.",False,[],
2004093000138,20040930_bush_kerry,KERRY,"Thank you, Jim, very much. Thank you very much to the university, again. Thank you, Mr. President. My fellow Americans, as I’ve said at the very beginning of this debate, both President Bush and I love this country very much. There’s no doubt, I think, about that. But we have a different set of convictions about how we make our country stronger here at home and respected again in the world. I know that for many of you sitting at home, parents of kids in Iraq, you want to know who’s the person who could be a commander in chief who could get your kids home and get the job done and win the peace. And for all the rest of the parents in America who are wondering about their kids going to the school or anywhere else in the world, what kind of world they’re going to grow up in, let me look you in the eye and say to you: I defended this country as a young man in war, and I will defend it as president of the United States. But I have a difference with this president. I believe when we’re strongest when we reach out and lead the world and build strong alliances. I have a plan for Iraq. I believe we can be successful. I’m not talking about leaving. I’m talking about winning. And we need a fresh start, a new credibility, a president who can bring allies to our side. I also have a plan to win the war on terror, funding homeland security, strengthening our military, cutting our finances, reaching out to the world, again building strong alliances. I believe America’s best days are ahead of us because I believe that the future belongs to freedom, not to fear. That’s the country that I’m going to fight for. And I ask you to give me the opportunity to make you proud. I ask you to give me the opportunity to lead this great nation, so that we can be stronger here at home, respected again in the world, and have responsible leadership that we deserve. Thank you. And God bless America.",True,"[{""start"": 825, ""end"": 870, ""text"": ""I defended this country as a young man in war"", ""reason_text"": """", ""reason_choices"": [""attribution"", ""defense/military"", ""personal life""]}]",
2004093000032,20040930_bush_kerry,KERRY,"Thank you, Jim. My message to the troops is also: Thank you for what they’re doing, but it’s also help is on the way. I believe those troops deserve better than what they are getting today. You know, it’s interesting. When I was in a rope line just the other day, coming out here from Wisconsin, a couple of young returnees were in the line, one active duty, one from the Guard. And they both looked at me and said: We need you. You’ve got to help us over there. Now I believe there’s a better way to do this. You know, the president’s father did not go into Iraq, into Baghdad, beyond Basra. And the reason he didn’t is, he said — he wrote in his book — because there was no viable exit strategy. And he said our troops would be occupiers in a bitterly hostile land. That’s exactly where we find ourselves today. There’s a sense of American occupation. The only building that was guarded when the troops went into Baghdad was the oil ministry. We didn’t guard the nuclear facilities. We didn’t guard the foreign office, where you might have found information about weapons of mass destruction. We didn’t guard the borders. Almost every step of the way, our troops have been left on these extraordinarily difficult missions. I know what it’s like to go out on one of those missions when you don’t know what’s around the corner. And I believe our troops need other allies helping. I’m going to hold that summit. I will bring fresh credibility, a new start, and we will get the job done right.",True,"[{""start"": 597, ""end"": 696, ""text"": ""the reason he didn’t is, he said — he wrote in his book — because there was no viable exit strategy"", ""reason_text"": """", ""reason_choices"": [""attribution"", ""geopolitics"", ""defense/military""]}, {""start"": 702, ""end"": 766, ""text"": ""he said our troops would be occupiers in a bitterly hostile land"", ""reason_text"": """", ""reason_choices"": [""attribution"", ""geopolitics"", ""defense/military""]}, {""start"": 854, ""end"": 943, ""text"": ""The only building that was guarded when the troops went into Baghdad was the oil ministry"", ""reason_text"": """", ""reason_choices"": [""geopolitics"", ""defense/military""]}, {""start"": 945, ""end"": 1122, ""text"": ""We didn’t guard the nuclear facilities. We didn’t guard the foreign office, where you might have found information about weapons of mass destruction. We didn’t guard the borders"", ""reason_text"": """", ""reason_choices"": [""geopolitics"", ""defense/military""]}]",
2004093000045,20040930_bush_kerry,KERRY,"The United Nations, Kofi Annan offered help after Baghdad fell. And we never picked him up on that and did what was necessary to transfer authority and to transfer reconstruction. It was always American-run. Secondly, when we went in, there were three countries: Great Britain, Australia and the United States. That’s not a grand coalition. We can do better.",True,"[{""start"": 20, ""end"": 62, ""text"": ""Kofi Annan offered help after Baghdad fell"", ""reason_text"": """", ""reason_choices"": [""attribution"", ""geopolitics"", ""defense/military""]}, {""start"": 180, ""end"": 206, ""text"": ""It was always American-run"", ""reason_text"": """", ""reason_choices"": [""geopolitics"", ""defense/military""]}, {""start"": 218, ""end"": 309, ""text"": ""when we went in, there were three countries: Great Britain, Australia and the United States"", ""reason_text"": """", ""reason_choices"": [""geopolitics"", ""defense/military""]}]",
2004093000086,20040930_bush_kerry,KERRY,"The president always has the right, and always has had the right, for preemptive strike. That was a great doctrine throughout the Cold War. And it was always one of the things we argued about with respect to arms control. No president, through all of American history, has ever ceded, and nor would I, the right to preempt in any way necessary to protect the United States of America. But if and when you do it, Jim, you have to do it in a way that passes the test, that passes the global test where your countrymen, your people understand fully why you’re doing what you’re doing and you can prove to the world that you did it for legitimate reasons. Here we have our own secretary of state who has had to apologize to the world for the presentation he made to the United Nations. I mean, we can remember when President Kennedy in the Cuban missile crisis sent his secretary of state to Paris to meet with DeGaulle. And in the middle of the discussion, to tell them about the missiles in Cuba, he said, “Here, let me show you the photos.” And DeGaulle waved them off and said, “No, no, no, no. The word of the president of the United States is good enough for me.” How many leaders in the world today would respond to us, as a result of what we’ve done, in that way? So what is at test here is the credibility of the United States of America and how we lead the world. And Iran and Iraq are now more dangerous — Iran and North Korea are now more dangerous. Now, whether preemption is ultimately what has to happen, I don’t know yet. But I’ll tell you this: As president, I’ll never take my eye off that ball. I’ve been fighting for proliferation the entire time — anti-proliferation the entire time I’ve been in the Congress. And we’ve watched this president actually turn away from some of the treaties that were on the table. You don’t help yourself with other nations when you turn away from the global warming treaty, for instance, or when you refuse to deal at length with the United Nations. You have to earn that respect. And I think we have a lot of earning back to do.",True,"[{""start"": 652, ""end"": 780, ""text"": ""Here we have our own secretary of state who has had to apologize to the world for the presentation he made to the United Nations"", ""reason_text"": """", ""reason_choices"": [""geopolitics""]}, {""start"": 1610, ""end"": 1725, ""text"": ""I’ve been fighting for proliferation the entire time — anti-proliferation the entire time I’ve been in the Congress"", ""reason_text"": """", ""reason_choices"": [""stance/support"", ""nuclear warfare""]}, {""start"": 1877, ""end"": 1921, ""text"": ""you turn away from the global warming treaty"", ""reason_text"": """", ""reason_choices"": [""attribution"", ""geopolitics"", ""environment""]}]",
2004093000027,20040930_bush_kerry,KERRY,"The president just said the FBI had changed its culture. We just read on the front pages of America’s papers that there are over 100,000 hours of tapes, unlistened to. On one of those tapes may be the enemy being right the next time. And the test is not whether you’re spending more money. The test is, are you doing everything possible to make America safe? We didn’t need that tax cut. America needed to be safe.",True,"[{""start"": 114, ""end"": 166, ""text"": ""there are over 100,000 hours of tapes, unlistened to"", ""reason_text"": """", ""reason_choices"": [""numerical absolute"", ""defense/military"", ""terrorism"", ""crime/law""]}]",
2004093000016,20040930_bush_kerry,KERRY,"The president just talked about Iraq as a center of the war on terror. Iraq was not even close to the center of the war on terror before the president invaded it. The president made the judgment to divert forces from under General Tommy Franks from Afghanistan before the Congress even approved it to begin to prepare to go to war in Iraq. And he rushed the war in Iraq without a plan to win the peace. Now, that is not the judgment that a president of the United States ought to make. You don’t take America to war unless have the plan to win the peace. You don’t send troops to war without the body armor that they need. I’ve met kids in Ohio, parents in Wisconsin places, Iowa, where they’re going out on the Internet to get the state-of-the-art body gear to send to their kids. Some of them got it for a birthday present. I think that’s wrong. Humvees — 10,000 out of 12,000 Humvees that are over there aren’t armored. And you go visit some of those kids in the hospitals today who were maimed because they don’t have the armament. This president just — I don’t know if he sees what’s really happened over there. But it’s getting worse by the day. More soldiers killed in June than before. More in July than June. More in August than July. More in September than in August. And now we see beheadings. And we got weapons of mass destruction crossing the border every single day, and they’re blowing people up. And we don’t have enough troops there.",True,"[{""start"": 71, ""end"": 161, ""text"": ""Iraq was not even close to the center of the war on terror before the president invaded it"", ""reason_text"": """", ""reason_choices"": [""geopolitics"", ""defense/military"", ""terrorism""]}, {""start"": 163, ""end"": 338, ""text"": ""The president made the judgment to divert forces from under General Tommy Franks from Afghanistan before the Congress even approved it to begin to prepare to go to war in Iraq"", ""reason_text"": """", ""reason_choices"": [""attribution"", ""politics"", ""geopolitics"", ""defense/military""]}, {""start"": 687, ""end"": 780, ""text"": ""they’re going out on the Internet to get the state-of-the-art body gear to send to their kids"", ""reason_text"": ""? conspiracy because anecdotal"", ""reason_choices"": [""conspiracy"", ""defense/military""]}, {""start"": 858, ""end"": 921, ""text"": ""10,000 out of 12,000 Humvees that are over there aren’t armored"", ""reason_text"": """", ""reason_choices"": [""numerical absolute"", ""geopolitics"", ""defense/military""]}, {""start"": 1152, ""end"": 1276, ""text"": ""More soldiers killed in June than before. More in July than June. More in August than July. More in September than in August"", ""reason_text"": """", ""reason_choices"": [""vague quantitative"", ""comparative/temporal"", ""geopolitics"", ""defense/military""]}, {""start"": 1316, ""end"": 1380, ""text"": ""weapons of mass destruction crossing the border every single day"", ""reason_text"": """", ""reason_choices"": [""geopolitics"", ""nuclear warfare""]}]",
2004093000069,20040930_bush_kerry,KERRY,"The time line that I’ve set out — and again, I want to correct the president, because he’s misled again this evening on what I’ve said. I didn’t say I would bring troops out in six months. I said, if we do the things that I’ve set out and we are successful, we could begin to draw the troops down in six months. And I think a critical component of success in Iraq is being able to convince the Iraqis and the Arab world that the United States doesn’t have long-term designs on it. As I understand it, we’re building some 14 military bases there now, and some people say they’ve got a rather permanent concept to them. When you guard the oil ministry, but you don’t guard the nuclear facilities, the message to a lot of people is maybe, “Wow, maybe they’re interested in our oil.” Now, the problem is that they didn’t think these things through properly. And these are the things you have to think through. What I want to do is change the dynamics on the ground. And you have to do that by beginning to not back off of the Fallujahs and other places, and send the wrong message to the terrorists. You have to close the borders. You’ve got to show you’re serious in that regard. But you’ve also got to show that you are prepared to bring the rest of the world in and share the stakes. I will make a flat statement: The United States of America has no long-term designs on staying in Iraq. And our goal in my administration would be to get all of the troops out of there with a minimal amount you need for training and logistics as we do in some other countries in the world after a war to be able to sustain the peace. But that’s how we’re going to win the peace, by rapidly training the Iraqis themselves. Even the administration has admitted they haven’t done the training, because they came back to Congress a few weeks ago and asked for a complete reprogramming of the money. Now what greater admission is there, 16 months afterwards. “Oops, we haven’t done the job. We have to start to spend the money now. Will you guys give us permission to shift it over into training?”",True,"[{""start"": 136, ""end"": 187, ""text"": ""I didn’t say I would bring troops out in six months"", ""reason_text"": """", ""reason_choices"": [""epistemic"", ""attribution"", ""geopolitics"", ""defense/military""]}, {""start"": 189, ""end"": 310, ""text"": ""I said, if we do the things that I’ve set out and we are successful, we could begin to draw the troops down in six months"", ""reason_text"": """", ""reason_choices"": [""forecast/projection"", ""attribution"", ""geopolitics"", ""defense/military""]}, {""start"": 501, ""end"": 548, ""text"": ""we’re building some 14 military bases there now"", ""reason_text"": """", ""reason_choices"": [""numerical absolute"", ""geopolitics"", ""defense/military""]}, {""start"": 623, ""end"": 693, ""text"": ""you guard the oil ministry, but you don’t guard the nuclear facilities"", ""reason_text"": """", ""reason_choices"": [""energy"", ""geopolitics"", ""defense/military"", ""nuclear warfare""]}, {""start"": 1710, ""end"": 1772, ""text"": ""the administration has admitted they haven’t done the training"", ""reason_text"": """", ""reason_choices"": [""attribution"", ""geopolitics"", ""defense/military""]}, {""start"": 1782, ""end"": 1876, ""text"": ""they came back to Congress a few weeks ago and asked for a complete reprogramming of the money"", ""reason_text"": """", ""reason_choices"": [""attribution"", ""politics"", ""geopolitics"", ""defense/military""]}]",
2004093000084,20040930_bush_kerry,KERRY,"Thirty-five to forty countries in the world had a greater capability of making weapons at the moment the president invaded than Saddam Hussein. And while he’s been diverted, with 9 out of 10 active duty divisions of our Army, either going to Iraq, coming back from Iraq, or getting ready to go, North Korea’s gotten nuclear weapons and the world is more dangerous. Iran is moving toward nuclear weapons and the world is more dangerous. Darfur has a genocide. The world is more dangerous. I’d have made a better choice.",True,"[{""start"": 0, ""end"": 142, ""text"": ""Thirty-five to forty countries in the world had a greater capability of making weapons at the moment the president invaded than Saddam Hussein"", ""reason_text"": """", ""reason_choices"": [""numerical absolute"", ""comparative/temporal"", ""geopolitics"", ""defense/military"", ""nuclear warfare""]}, {""start"": 179, ""end"": 293, ""text"": ""9 out of 10 active duty divisions of our Army, either going to Iraq, coming back from Iraq, or getting ready to go"", ""reason_text"": """", ""reason_choices"": [""statistic"", ""geopolitics"", ""defense/military""]}, {""start"": 295, ""end"": 331, ""text"": ""North Korea’s gotten nuclear weapons"", ""reason_text"": """", ""reason_choices"": [""geopolitics"", ""nuclear warfare""]}, {""start"": 365, ""end"": 402, ""text"": ""Iran is moving toward nuclear weapons"", ""reason_text"": """", ""reason_choices"": [""geopolitics"", ""nuclear warfare""]}, {""start"": 436, ""end"": 457, ""text"": ""Darfur has a genocide"", ""reason_text"": """", ""reason_choices"": [""geopolitics"", ""ethnicity/race""]}]",
2004093000121,20040930_bush_kerry,KERRY,"Weapons of mass destruction, nuclear proliferation. But again, the test or the difference between us, the president has had four years to try to do something about it, and North Korea has got more weapons; Iran is moving towards weapons. And at his pace, it will take 13 years to secure those weapons in Russia. I’m going to do it in four years, and I’m going to immediately set out to have bilateral talks with North Korea.",True,"[{""start"": 172, ""end"": 204, ""text"": ""North Korea has got more weapons"", ""reason_text"": """", ""reason_choices"": [""geopolitics"", ""nuclear warfare""]}, {""start"": 206, ""end"": 236, ""text"": ""Iran is moving towards weapons"", ""reason_text"": """", ""reason_choices"": [""geopolitics"", ""nuclear warfare""]}, {""start"": 242, ""end"": 310, ""text"": ""at his pace, it will take 13 years to secure those weapons in Russia"", ""reason_text"": """", ""reason_choices"": [""numerical absolute"", ""forecast/projection"", ""geopolitics"", ""nuclear warfare""]}]",
2004093000108,20040930_bush_kerry,KERRY,"Well, I know. I’ve learned not to do that. (LAUGHTER) And I have great respect and admiration for his wife. I think she’s a terrific person…",False,[],
2004093000100,20040930_bush_kerry,KERRY,"Well, I’ll tell you exactly why not, but I first want to say something about those sanctions on Iran. Only the United States put the sanctions on alone, and that’s exactly what I’m talking about. In order for the sanctions to be effective, we should have been working with the British, French and Germans and other countries. And that’s the difference between the president and me. And there, again, he sort of slid by the question. Now, with respect to Darfur, yes, it is a genocide. And months ago, many of us were pressing for action. I think the reason that we’re not saying send American troops in at this point is severalfold. Number one, we can do this through the African Union, providing we give them the logistical support. Right now all the president is providing is humanitarian support. We need to do more than that. They’ve got to have the logistical capacity to go in and stop the killing. And that’s going to require more than is on the table today. I also believe that it is — one of the reasons we can’t do it is we’re overextended. Ask the people in the armed forces today. We’ve got Guards and Reserves who are doing double duties. We’ve got a backdoor draft taking place in America today: people with stop-loss programs where they’re told you can’t get out of the military; nine out of our 10 active duty divisions committed to Iraq one way or the other, either going, coming or preparing. So this is the way the president has overextended the United States. That’s why, in my plan, I add two active duty divisions to the United States Army, not for Iraq, but for our general demands across the globe. I also intend to double the number of special forces so that we can do the job we need to do with respect fighting the terrorists around the world. And if we do that, then we have the ability to be able to respond more rapidly. But I’ll tell you this, as president, if it took American forces to some degree to coalesce the African Union, I’d be prepared to do it because we could never allow another Rwanda. It’s a moral responsibility for us and the world.",True,"[{""start"": 102, ""end"": 151, ""text"": ""Only the United States put the sanctions on alone"", ""reason_text"": """", ""reason_choices"": [""attribution"", ""geopolitics""]}, {""start"": 467, ""end"": 483, ""text"": ""it is a genocide"", ""reason_text"": """", ""reason_choices"": [""geopolitics"", ""ethnicity/race""]}, {""start"": 489, ""end"": 536, ""text"": ""months ago, many of us were pressing for action"", ""reason_text"": """", ""reason_choices"": [""vague quantitative"", ""stance/support"", ""geopolitics"", ""ethnicity/race""]}, {""start"": 734, ""end"": 798, ""text"": ""Right now all the president is providing is humanitarian support"", ""reason_text"": """", ""reason_choices"": [""attribution"", ""geopolitics"", ""ethnicity/race""]}, {""start"": 1093, ""end"": 1150, ""text"": ""We’ve got Guards and Reserves who are doing double duties"", ""reason_text"": """", ""reason_choices"": [""defense/military""]}, {""start"": 1152, ""end"": 1293, ""text"": ""We’ve got a backdoor draft taking place in America today: people with stop-loss programs where they’re told you can’t get out of the military"", ""reason_text"": """", ""reason_choices"": [""defense/military""]}, {""start"": 1295, ""end"": 1409, ""text"": ""nine out of our 10 active duty divisions committed to Iraq one way or the other, either going, coming or preparing"", ""reason_text"": """", ""reason_choices"": [""statistic"", ""geopolitics"", ""defense/military""]}]",
2004093000053,20040930_bush_kerry,KERRY,"Well, I’ve never, ever used the harshest word, as you did just then. And I try not to. I’ve been — but I’ll nevertheless tell you that I think he has not been candid with the American people. And I’ll tell you exactly how. First of all, we all know that in his state of the union message, he told Congress about nuclear materials that didn’t exist. We know that he promised America that he was going to build this coalition. I just described the coalition. It is not the kind of coalition we were described when we were talking about voting for this. The president said he would exhaust the remedies of the United Nations and go through that full process. He didn’t. He cut if off, sort of arbitrarily. And we know that there were further diplomatic efforts under way. They just decided the time for diplomacy is over and rushed to war without planning for what happens afterwards. Now, he misled the American people in his speech when he said we will plan carefully. They obviously didn’t. He misled the American people when he said we’d go to war as a last resort. We did not go as a last resort. And most Americans know the difference. Now, this has cost us deeply in the world. I believe that it is important to tell the truth to the American people. I’ve worked with those leaders the president talks about, I’ve worked with them for 20 years, for longer than this president. And I know what many of them say today, and I know how to bring them back to the table. And I believe that a fresh start, new credibility, a president who can understand what we have to do to reach out to the Muslim world to make it clear that this is not, you know — Osama bin Laden uses the invasion of Iraq in order to go out to people and say that America has declared war on Islam. We need to be smarter about now we wage a war on terror. We need to deny them the recruits. We need to deny them the safe havens. We need to rebuild our alliances. I believe that Ronald Reagan, John Kennedy, and the others did that more effectively, and I’m going to try to follow in their footsteps.",True,"[{""start"": 254, ""end"": 347, ""text"": ""in his state of the union message, he told Congress about nuclear materials that didn’t exist"", ""reason_text"": """", ""reason_choices"": [""attribution"", ""nuclear warfare""]}, {""start"": 551, ""end"": 654, ""text"": ""The president said he would exhaust the remedies of the United Nations and go through that full process"", ""reason_text"": """", ""reason_choices"": [""attribution"", ""geopolitics""]}, {""start"": 1026, ""end"": 1065, ""text"": ""he said we’d go to war as a last resort"", ""reason_text"": """", ""reason_choices"": [""attribution"", ""geopolitics"", ""defense/military""]}, {""start"": 1649, ""end"": 1766, ""text"": ""Osama bin Laden uses the invasion of Iraq in order to go out to people and say that America has declared war on Islam"", ""reason_text"": """", ""reason_choices"": [""attribution"", ""geopolitics"", ""defense/military"", ""terrorism""]}]",
2004093000106,20040930_bush_kerry,KERRY,"Well, first of all, I appreciate enormously the personal comments the president just made. And I share them with him. I think only if you’re doing this — and he’s done it more than I have in terms of the presidency — can you begin to get a sense of what it means to your families. And it’s tough. And so I acknowledge that his daughters — I’ve watched them. I’ve chuckled a few times at some of their comments. (LAUGHTER) And…",False,[],
2004093000127,20040930_bush_kerry,KERRY,"Well, let me just say quickly that I’ve had an extraordinary experience of watching up close and personal that transition in Russia, because I was there right after the transformation. And I was probably one of the first senators, along with Senator Bob Smith of New Hampshire, a former senator, to go down into the KGB underneath Treblinka Square and see reams of files with names in them. It sort of brought home the transition to democracy that Russia was trying to make. I regret what’s happened in these past months. And I think it goes beyond just the response to terror. Mr. Putin now controls all the television stations. His political opposition is being put in jail. And I think it’s very important to the United States, obviously, to have a working relationship that is good. This is a very important country to us. We want a partnership. But we always have to stand up for democracy. As George Will said the other day, “Freedom on the march; not in Russia right now.” Now, I’d like to come back for a quick moment, if I can, to that issue about China and the talks. Because that’s one of the most critical issues here: North Korea. Just because the president says it can’t be done, that you’d lose China, doesn’t mean it can’t be done. I mean, this is the president who said “There were weapons of mass destruction,” said “Mission accomplished,” said we could fight the war on the cheap — none of which were true. We could have bilateral talks with Kim Jong Il. And we can get those weapons at the same time as we get China. Because China has an interest in the outcome, too.",True,"[{""start"": 189, ""end"": 347, ""text"": ""I was probably one of the first senators, along with Senator Bob Smith of New Hampshire, a former senator, to go down into the KGB underneath Treblinka Square"", ""reason_text"": """", ""reason_choices"": [""attribution"", ""geopolitics""]}, {""start"": 578, ""end"": 628, ""text"": ""Mr. Putin now controls all the television stations"", ""reason_text"": """", ""reason_choices"": [""geopolitics""]}, {""start"": 630, ""end"": 675, ""text"": ""His political opposition is being put in jail"", ""reason_text"": """", ""reason_choices"": [""politics"", ""geopolitics""]}, {""start"": 1256, ""end"": 1328, ""text"": ""this is the president who said “There were weapons of mass destruction,”"", ""reason_text"": """", ""reason_choices"": [""attribution"", ""nuclear warfare""]}, {""start"": 1401, ""end"": 1424, ""text"": ""none of which were true"", ""reason_text"": """", ""reason_choices"": [""epistemic"", ""geopolitics"", ""defense/military"", ""nuclear warfare""]}]",
2004093000010,20040930_bush_kerry,KERRY,"Well, where do you want me to begin? First of all, he made the misjudgment of saying to America that he was going to build a true alliance, that he would exhaust the remedies of the United Nations and go through the inspections. In fact, he first didn’t even want to do that. And it wasn’t until former Secretary of State Jim Baker and General Scowcroft and others pushed publicly and said you’ve got to go to the U.N., that the president finally changed his mind — his campaign has a word for that — and went to the United Nations. Now, once there, we could have continued those inspections. We had Saddam Hussein trapped. He also promised America that he would go to war as a last resort. Those words mean something to me, as somebody who has been in combat. “Last resort.” You’ve got to be able to look in the eyes of families and say to those parents, “I tried to do everything in my power to prevent the loss of your son and daughter.” I don’t believe the United States did that. And we pushed our allies aside. And so, today, we are 90 percent of the casualties and 90 percent of the cost: $200 billion — $200 billion that could have been used for health care, for schools, for construction, for prescription drugs for seniors, and it’s in Iraq. And Iraq is not even the center of the focus of the war on terror. The center is Afghanistan, where, incidentally, there were more Americans killed last year than the year before; where the opium production is 75 percent of the world’s opium production; where 40 to 60 percent of the economy of Afghanistan is based on opium; where the elections have been postponed three times. The president moved the troops, so he’s got 10 times the number of troops in Iraq than he has in Afghanistan, where Osama bin Laden is. Does that mean that Saddam Hussein was 10 times more important than Osama bin Laden — than, excuse me, Saddam Hussein more important than Osama bin Laden? I don’t think so.",True,"[{""start"": 280, ""end"": 463, ""text"": ""it wasn’t until former Secretary of State Jim Baker and General Scowcroft and others pushed publicly and said you’ve got to go to the U.N., that the president finally changed his mind"", ""reason_text"": """", ""reason_choices"": [""causation"", ""attribution"", ""politics"", ""geopolitics""]}, {""start"": 624, ""end"": 689, ""text"": ""He also promised America that he would go to war as a last resort"", ""reason_text"": """", ""reason_choices"": [""attribution"", ""geopolitics"", ""defense/military""]}, {""start"": 1025, ""end"": 1108, ""text"": ""today, we are 90 percent of the casualties and 90 percent of the cost: $200 billion"", ""reason_text"": """", ""reason_choices"": [""numerical absolute"", ""statistic"", ""geopolitics"", ""defense/military""]}, {""start"": 1367, ""end"": 1430, ""text"": ""there were more Americans killed last year than the year before"", ""reason_text"": """", ""reason_choices"": [""vague quantitative"", ""comparative/temporal"", ""geopolitics"", ""defense/military""]}, {""start"": 1432, ""end"": 1504, ""text"": ""where the opium production is 75 percent of the world’s opium production"", ""reason_text"": """", ""reason_choices"": [""statistic"", ""narcotics""]}, {""start"": 1512, ""end"": 1576, ""text"": ""40 to 60 percent of the economy of Afghanistan is based on opium"", ""reason_text"": """", ""reason_choices"": [""statistic"", ""geopolitics"", ""narcotics""]}, {""start"": 1578, ""end"": 1629, ""text"": ""where the elections have been postponed three times"", ""reason_text"": """", ""reason_choices"": [""numerical absolute"", ""politics"", ""geopolitics""]}, {""start"": 1666, ""end"": 1739, ""text"": ""he’s got 10 times the number of troops in Iraq than he has in Afghanistan"", ""reason_text"": """", ""reason_choices"": [""numerical absolute"", ""geopolitics"", ""defense/military""]}, {""start"": 1741, ""end"": 1765, ""text"": ""where Osama bin Laden is"", ""reason_text"": """", ""reason_choices"": [""geopolitics"", ""terrorism""]}]",
2004093000039,20040930_bush_kerry,KERRY,"Well, you know, when I talked about the $87 billion, I made a mistake in how I talk about the war. But the president made a mistake in invading Iraq. Which is worse? I believe that when you know something’s going wrong, you make it right. That’s what I learned in Vietnam. When I came back from that war I saw that it was wrong. Some people don’t like the fact that I stood up to say no, but I did. And that’s what I did with that vote. And I’m going to lead those troops to victory.",False,[],
2004093000051,20040930_bush_kerry,KERRY,"What I think troubles a lot of people in our country is that the president has just sort of described one kind of mistake. But what he has said is that, even knowing there were no weapons of mass destruction, even knowing there was no imminent threat, even knowing there was no connection with Al Qaida, he would still have done everything the same way. Those are his words. Now, I would not. So what I’m trying to do is just talk the truth to the American people and to the world. The truth is what good policy is based on. It’s what leadership is based on. The president says that I’m denigrating these troops. I have nothing but respect for the British, Tony Blair, and for what they’ve been willing to do. But you can’t tell me that when the most troops any other country has on the ground is Great Britain, with 8,300, and below that the four others are below 4,000, and below that, there isn’t anybody out of the hundreds, that we have a genuine coalition to get this job done. You can’t tell me that on the day that we went into that war and it started — it was principally the United States, the America and Great Britain and one or two others. That’s it. And today, we are 90 percent of the casualties and 90 percent of the costs. And meanwhile, North Korea has got nuclear weapons. Talk about mixed messages. The president is the one that said, “We can’t allow countries to get nuclear weapons.” They have. I’ll change that.",True,"[{""start"": 166, ""end"": 207, ""text"": ""there were no weapons of mass destruction"", ""reason_text"": """", ""reason_choices"": [""nuclear warfare""]}, {""start"": 265, ""end"": 302, ""text"": ""there was no connection with Al Qaida"", ""reason_text"": """", ""reason_choices"": [""terrorism""]}, {""start"": 304, ""end"": 373, ""text"": ""he would still have done everything the same way. Those are his words"", ""reason_text"": """", ""reason_choices"": [""attribution""]}, {""start"": 742, ""end"": 822, ""text"": ""the most troops any other country has on the ground is Great Britain, with 8,300"", ""reason_text"": """", ""reason_choices"": [""ranking"", ""geopolitics"", ""defense/military""]}, {""start"": 828, ""end"": 870, ""text"": ""below that the four others are below 4,000"", ""reason_text"": """", ""reason_choices"": [""numerical absolute"", ""ranking"", ""geopolitics"", ""defense/military""]}, {""start"": 876, ""end"": 927, ""text"": ""below that, there isn’t anybody out of the hundreds"", ""reason_text"": """", ""reason_choices"": [""numerical absolute"", ""ranking"", ""geopolitics"", ""defense/military""]}, {""start"": 1062, ""end"": 1151, ""text"": ""it was principally the United States, the America and Great Britain and one or two others"", ""reason_text"": """", ""reason_choices"": [""attribution"", ""geopolitics"", ""defense/military""]}, {""start"": 1168, ""end"": 1238, ""text"": ""today, we are 90 percent of the casualties and 90 percent of the costs"", ""reason_text"": """", ""reason_choices"": [""statistic"", ""geopolitics"", ""defense/military""]}, {""start"": 1255, ""end"": 1290, ""text"": ""North Korea has got nuclear weapons"", ""reason_text"": """", ""reason_choices"": [""geopolitics"", ""nuclear warfare""]}, {""start"": 1319, ""end"": 1405, ""text"": ""The president is the one that said, “We can’t allow countries to get nuclear weapons.”"", ""reason_text"": """", ""reason_choices"": [""attribution"", ""geopolitics"", ""nuclear warfare""]}]",
2004093000092,20040930_bush_kerry,KERRY,"With respect to Iran, the British, French, and Germans were the ones who initiated an effort without the United States, regrettably, to begin to try to move to curb the nuclear possibilities in Iran. I believe we could have done better. I think the United States should have offered the opportunity to provide the nuclear fuel, test them, see whether or not they were actually looking for it for peaceful purposes. If they weren’t willing to work a deal, then we could have put sanctions together. The president did nothing. With respect to North Korea, the real story: We had inspectors and television cameras in the nuclear reactor in North Korea. Secretary Bill Perry negotiated that under President Clinton. And we knew where the fuel rods were. And we knew the limits on their nuclear power. Colin Powell, our secretary of state, announced one day that we were going to continue the dialog of working with the North Koreans. The president reversed it publicly while the president of South Korea was here. And the president of South Korea went back to South Korea bewildered and embarrassed because it went against his policy. And for two years, this administration didn’t talk at all to North Korea. While they didn’t talk at all, the fuel rods came out, the inspectors were kicked out, the television cameras were kicked out. And today, there are four to seven nuclear weapons in the hands of North Korea. That happened on this president’s watch. Now, that, I think, is one of the most serious, sort of, reversals or mixed messages that you could possibly send.",True,"[{""start"": 0, ""end"": 118, ""text"": ""With respect to Iran, the British, French, and Germans were the ones who initiated an effort without the United States"", ""reason_text"": """", ""reason_choices"": [""attribution"", ""geopolitics"", ""nuclear warfare""]}, {""start"": 133, ""end"": 198, ""text"": ""to begin to try to move to curb the nuclear possibilities in Iran"", ""reason_text"": """", ""reason_choices"": [""geopolitics"", ""nuclear warfare""]}, {""start"": 570, ""end"": 648, ""text"": ""We had inspectors and television cameras in the nuclear reactor in North Korea"", ""reason_text"": """", ""reason_choices"": [""geopolitics"", ""nuclear warfare""]}, {""start"": 650, ""end"": 710, ""text"": ""Secretary Bill Perry negotiated that under President Clinton"", ""reason_text"": """", ""reason_choices"": [""attribution"", ""politics"", ""geopolitics"", ""nuclear warfare""]}, {""start"": 930, ""end"": 1008, ""text"": ""The president reversed it publicly while the president of South Korea was here"", ""reason_text"": """", ""reason_choices"": [""attribution""]}, {""start"": 1135, ""end"": 1203, ""text"": ""for two years, this administration didn’t talk at all to North Korea"", ""reason_text"": """", ""reason_choices"": [""geopolitics""]}, {""start"": 1260, ""end"": 1330, ""text"": ""the inspectors were kicked out, the television cameras were kicked out"", ""reason_text"": """", ""reason_choices"": [""nuclear warfare""]}, {""start"": 1336, ""end"": 1410, ""text"": ""today, there are four to seven nuclear weapons in the hands of North Korea"", ""reason_text"": """", ""reason_choices"": [""numerical absolute"", ""geopolitics"", ""nuclear warfare""]}]",
2004093000002,20040930_bush_kerry,KERRY,"Yes, I do. But before I answer further, let me thank you for moderating. I want to thank the University of Miami for hosting us. And I know the president will join me in welcoming all of Florida to this debate. You’ve been through the roughest weeks anybody could imagine. Our hearts go out to you. And we admire your pluck and perseverance. I can make American safer than President Bush has made us. And I believe President Bush and I both love our country equally. But we just have a different set of convictions about how you make America safe. I believe America is safest and strongest when we are leading the world and we are leading strong alliances. I’ll never give a veto to any country over our security. But I also know how to lead those alliances. This president has left them in shatters across the globe, and we’re now 90 percent of the casualties in Iraq and 90 percent of the costs. I think that’s wrong, and I think we can do better. I have a better plan for homeland security. I have a better plan to be able to fight the war on terror by strengthening our military, strengthening our intelligence, by going after the financing more authoritatively, by doing what we need to do to rebuild the alliances, by reaching out to the Muslim world, which the president has almost not done, and beginning to isolate the radical Islamic Muslims, not have them isolate the United States of America. I know I can do a better job in Iraq. I have a plan to have a summit with all of the allies, something this president has not yet achieved, not yet been able to do to bring people to the table. We can do a better job of training the Iraqi forces to defend themselves, and I know that we can do a better job of preparing for elections. All of these, and especially homeland security, which we’ll talk about a little bit later.",True,"[{""start"": 822, ""end"": 896, ""text"": ""we’re now 90 percent of the casualties in Iraq and 90 percent of the costs"", ""reason_text"": """", ""reason_choices"": [""statistic"", ""geopolitics"", ""defense/military""]}, {""start"": 1498, ""end"": 1543, ""text"": ""something this president has not yet achieved"", ""reason_text"": """", ""reason_choices"": [""attribution"", ""geopolitics""]}]",
2004093000021,20040930_bush_kerry,KERRY,"Yes, we have to be steadfast and resolved, and I am. And I will succeed for those troops, now that we’re there. We have to succeed. We can’t leave a failed Iraq. But that doesn’t mean it wasn’t a mistake of judgment to go there and take the focus off of Osama bin Laden. It was. Now, we can succeed. But I don’t believe this president can. I think we need a president who has the credibility to bring the allies back to the table and to do what’s necessary to make it so America isn’t doing this alone.",False,[],
2004093000110,20040930_bush_kerry,KERRY,"… and a great first lady. But we do have differences. I’m not going to talk about a difference of character. I don’t think that’s my job or my business. But let me talk about something that the president just sort of finished up with. Maybe someone would call it a character trait, maybe somebody wouldn’t. But this issue of certainty. It’s one thing to be certain, but you can be certain and be wrong. It’s another to be certain and be right, or to be certain and be moving in the right direction, or be certain about a principle and then learn new facts and take those new facts and put them to use in order to change and get your policy right. What I worry about with the president is that he’s not acknowledging what’s on the ground, he’s not acknowledging the realities of North Korea, he’s not acknowledging the truth of the science of stem-cell research or of global warming and other issues. And certainty sometimes can get you in trouble.",True,"[{""start"": 791, ""end"": 881, ""text"": ""he’s not acknowledging the truth of the science of stem-cell research or of global warming"", ""reason_text"": """", ""reason_choices"": [""attribution"", ""science"", ""environment""]}]",
2008092600114,20080926_obama_mccain,MCCAIN,"A war that I was in, where we had an Army, that it wasn’t through any fault of their own, but they were defeated. And I know how hard it is for that — for an Army and a military to recover from that. And it did and we will win this one and we won’t come home in defeat and dishonor and probably have to go back if we fail.",False,[],
2008092600100,20080926_obama_mccain,MCCAIN,Admiral Mullen suggests that Senator Obama’s plan is dangerous for America.,True,"[{""start"": 0, ""end"": 74, ""text"": ""Admiral Mullen suggests that Senator Obama’s plan is dangerous for America"", ""reason_text"": """", ""reason_choices"": [""attribution"", ""stance/support""]}]",
2008092600095,20080926_obama_mccain,MCCAIN,"An election law just in the last few days. There is social, economic progress, and a strategy, a strategy of going into an area, clearing and holding, and the people of the country then become allied with you. They inform on the bad guys. And peace comes to the country, and prosperity. That’s what’s happening in Iraq, and it wasn’t a tactic.",False,[],
2008092600138,20080926_obama_mccain,MCCAIN,And I guarantee you he would not — he would not say that presidential top level.,False,[],
2008092600075,20080926_obama_mccain,MCCAIN,"And I want to tell you that now that we will succeed and our troops will come home, and not in defeat, that we will see a stable ally in the region and a fledgling democracy. The consequences of defeat would have been increased Iranian influence. It would have been increase in sectarian violence. It would have been a wider war, which the United States of America might have had to come back. So there was a lot at stake there. And thanks to this great general, David Petraeus, and the troops who serve under him, they have succeeded. And we are winning in Iraq, and we will come home. And we will come home as we have when we have won other wars and not in defeat.",False,[],
2008092600142,20080926_obama_mccain,MCCAIN,And Senator Obama is parsing words when he says precondition means preparation.,False,[],
2008092600106,20080926_obama_mccain,MCCAIN,"And also General Petraeus said the same thing. Osama bin Laden and General Petraeus have one thing in common that I know of, they both said that Iraq is the central battleground. Now General Petraeus has praised the successes, but he said those successes are fragile and if we set a specific date for withdrawal — and by the way, Senator Obama’s original plan, they would have been out last spring before the surge ever had a chance to succeed. And I’m — I’m — understand why Senator Obama was surprised and said that the surge succeeded beyond his wildest expectations.",True,"[{""start"": 125, ""end"": 177, ""text"": ""they both said that Iraq is the central battleground"", ""reason_text"": """", ""reason_choices"": [""attribution"", ""geopolitics""]}, {""start"": 330, ""end"": 443, ""text"": ""Senator Obama’s original plan, they would have been out last spring before the surge ever had a chance to succeed"", ""reason_text"": """", ""reason_choices"": [""attribution"", ""stance/support"", ""geopolitics""]}, {""start"": 508, ""end"": 569, ""text"": ""said that the surge succeeded beyond his wildest expectations"", ""reason_text"": """", ""reason_choices"": [""attribution"", ""geopolitics""]}]",
2008092600045,20080926_obama_mccain,MCCAIN,"And that’s just a fact. Again, you can look it up.",False,[],
2008092600150,20080926_obama_mccain,MCCAIN,"And they showed solidarity with them, but, also, they are very concerned about the Russian threats to regain their status of the old Russian to regain their status of the old Russian empire. Now, I think the Russians ought to understand that we will support — we, the United States — will support the inclusion of Georgia and Ukraine in the natural process, inclusion into NATO. We also ought to make it very clear that the Russians are in violation of their cease-fire agreement. They have stationed additional troops in Abkhazia and South Ossetia. By the way, I went there once, and we went inside and drove in, and there was a huge poster. And this is — this is Georgian territory. And there was a huge poster of Vladimir Putin, and it said, “Vladimir Putin, our president.” It was very clear, the Russian intentions towards Georgia. They were just waiting to seize the opportunity. So, this is a very difficult situation. We want to work with the Russians. But we also have every right to expect the Russians to behave in a fashion and keeping with a — with a — with a country who respects international boundaries and the norms of international behavior. And watch Ukraine. This whole thing has got a lot to do with Ukraine, Crimea, the base of the Russian fleet in Sevastopol. And the breakdown of the political process in Ukraine between Tymoshenko and Yushchenko is a very serious problem. So watch Ukraine, and let’s make sure that we — that the Ukrainians understand that we are their friend and ally.",True,"[{""start"": 79, ""end"": 189, ""text"": ""the Russian threats to regain their status of the old Russian to regain their status of the old Russian empire"", ""reason_text"": """", ""reason_choices"": [""attribution"", ""geopolitics""]}, {""start"": 420, ""end"": 479, ""text"": ""the Russians are in violation of their cease-fire agreement"", ""reason_text"": """", ""reason_choices"": [""geopolitics"", ""defense/military""]}, {""start"": 481, ""end"": 548, ""text"": ""They have stationed additional troops in Abkhazia and South Ossetia"", ""reason_text"": """", ""reason_choices"": [""geopolitics"", ""defense/military""]}, {""start"": 689, ""end"": 777, ""text"": ""there was a huge poster of Vladimir Putin, and it said, “Vladimir Putin, our president.”"", ""reason_text"": """", ""reason_choices"": [""geopolitics""]}]",
2008092600018,20080926_obama_mccain,MCCAIN,Are you afraid I couldn’t hear him? (LAUGHTER),False,[],
2008092600181,20080926_obama_mccain,MCCAIN,"But in the case of missile defense, Senator Obama said it had to be, quote, “proven.” That wasn’t proven when Ronald Reagan said we would do SDI, which is missile defense. And it was major — a major factor in bringing about the end of the Cold War. We seem to come full circle again. Senator Obama still doesn’t quite understand — or doesn’t get it — that if we fail in Iraq, it encourages Al Qaida. They would establish a base in Iraq. The consequences of defeat, which would result from his plan of withdrawal and according to date certain, regardless of conditions, according to our military leaders, according to every expert, would lead to defeat — possible defeat, loss of all the fragile sacrifice that we’ve made of American blood and treasure, which grieves us all. All of that would be lost if we followed Senator Obama’s plan to have specific dates with withdrawal, regardless of conditions on the ground. And General Petraeus says we have had great success, but it’s very fragile. And we can’t do what Senator Obama wants to do. That is the central issue of our time. And I think Americans will judge very seriously as to whether that’s the right path or the wrong path and who should be the next president of the United States.",True,"[{""start"": 4, ""end"": 85, ""text"": ""in the case of missile defense, Senator Obama said it had to be, quote, “proven.”"", ""reason_text"": """", ""reason_choices"": [""attribution"", ""defense/military"", ""nuclear warfare""]}, {""start"": 86, ""end"": 170, ""text"": ""That wasn’t proven when Ronald Reagan said we would do SDI, which is missile defense"", ""reason_text"": """", ""reason_choices"": [""attribution"", ""defense/military"", ""nuclear warfare""]}, {""start"": 172, ""end"": 247, ""text"": ""And it was major — a major factor in bringing about the end of the Cold War"", ""reason_text"": """", ""reason_choices"": [""causation"", ""geopolitics"", ""defense/military""]}, {""start"": 489, ""end"": 651, ""text"": ""his plan of withdrawal and according to date certain, regardless of conditions, according to our military leaders, according to every expert, would lead to defeat"", ""reason_text"": """", ""reason_choices"": [""attribution"", ""geopolitics"", ""defense/military""]}]",
2008092600136,20080926_obama_mccain,MCCAIN,"By the way, my friend, Dr. Kissinger, who’s been my friend for 35 years, would be interested to hear this conversation and Senator Obama’s depiction of his — of his positions on the issue. I’ve known him for 35 years.",False,[],
2008092600111,20080926_obama_mccain,MCCAIN,"First of all, I won’t repeat the mistake that I regret enormously, and that is, after we were able to help the Afghan freedom fighters and drive the Russians out of Afghanistan, we basically washed our hands of the region. And the result over time was the Taliban, Al Qaida, and a lot of the difficulties we are facing today. So we can’t ignore those lessons of history. Now, on this issue of aiding Pakistan, if you’re going to aim a gun at somebody, George Shultz, our great secretary of state, told me once, you’d better be prepared to pull the trigger. I’m not prepared at this time to cut off aid to Pakistan. So I’m not prepared to threaten it, as Senator Obama apparently wants to do, as he has said that he would announce military strikes into Pakistan. We’ve got to get the support of the people of — of Pakistan. He said that he would launch military strikes into Pakistan. Now, you don’t do that. You don’t say that out loud. If you have to do things, you have to do things, and you work with the Pakistani government. Now, the new president of Pakistan, Kardari (sic), has got his hands full. And this area on the border has not been governed since the days of Alexander the Great. I’ve been to Waziristan. I can see how tough that terrain is. It’s ruled by a handful of tribes. And, yes, Senator Obama calls for more troops, but what he doesn’t understand, it’s got to be a new strategy, the same strategy that he condemned in Iraq. It’s going to have to be employed in Afghanistan. And we’re going to have to help the Pakistanis go into these areas and obtain the allegiance of the people. And it’s going to be tough. They’ve intermarried with Al Qaida and the Taliban. And it’s going to be tough. But we have to get the cooperation of the people in those areas. And the Pakistanis are going to have to understand that that bombing in the Marriott Hotel in Islamabad was a signal from the terrorists that they don’t want that government to cooperate with us in combating the Taliban and jihadist elements. So we’ve got a lot of work to do in Afghanistan. But I’m confident, now that General Petraeus is in the new position of command, that we will employ a strategy which not only means additional troops — and, by the way, there have been 20,000 additional troops, from 32,000 to 53,000, and there needs to be more. So it’s not just the addition of troops that matters. It’s a strategy that will succeed. And Pakistan is a very important element in this. And I know how to work with them. And I guarantee you I would not publicly state that I’m going to attack them.",True,"[{""start"": 227, ""end"": 273, ""text"": ""the result over time was the Taliban, Al Qaida"", ""reason_text"": """", ""reason_choices"": [""causation"", ""geopolitics"", ""terrorism""]}, {""start"": 695, ""end"": 760, ""text"": ""he has said that he would announce military strikes into Pakistan"", ""reason_text"": """", ""reason_choices"": [""attribution"", ""geopolitics"", ""defense/military""]}, {""start"": 823, ""end"": 882, ""text"": ""He said that he would launch military strikes into Pakistan"", ""reason_text"": """", ""reason_choices"": [""attribution"", ""geopolitics"", ""defense/military""]}, {""start"": 1109, ""end"": 1192, ""text"": ""this area on the border has not been governed since the days of Alexander the Great"", ""reason_text"": """", ""reason_choices"": [""geopolitics""]}, {""start"": 1256, ""end"": 1289, ""text"": ""It’s ruled by a handful of tribes"", ""reason_text"": """", ""reason_choices"": [""geopolitics""]}, {""start"": 2238, ""end"": 2301, ""text"": ""there have been 20,000 additional troops, from 32,000 to 53,000"", ""reason_text"": """", ""reason_choices"": [""numerical absolute"", ""comparative/temporal"", ""geopolitics"", ""defense/military""]}]",
2008092600132,20080926_obama_mccain,MCCAIN,"He said that there could be secretary-level and lower level meetings. I’ve always encouraged them. The Iranians have met with Ambassador Crocker in Baghdad. What Senator Obama doesn’t seem to understand that if without precondition you sit down across the table from someone who has called Israel a “stinking corpse,” and wants to destroy that country and wipe it off the map, you legitimize those comments. This is dangerous. It isn’t just naive; it’s dangerous. And so we just have a fundamental difference of opinion. As far as North Korea is concerned, our secretary of state, Madeleine Albright, went to North Korea. By the way, North Korea, most repressive and brutal regime probably on Earth. The average South Korean is three inches taller than the average North Korean, a huge gulag. We don’t know what the status of the dear leader’s health is today, but we know this, that the North Koreans have broken every agreement that they’ve entered into. And we ought to go back to a little bit of Ronald Reagan’s “trust, but verify,” and certainly not sit down across the table from — without precondition, as Senator Obama said he did twice, I mean, it’s just dangerous.",True,"[{""start"": 70, ""end"": 97, ""text"": ""I’ve always encouraged them"", ""reason_text"": """", ""reason_choices"": [""stance/support"", ""geopolitics""]}, {""start"": 99, ""end"": 155, ""text"": ""The Iranians have met with Ambassador Crocker in Baghdad"", ""reason_text"": """", ""reason_choices"": [""geopolitics""]}, {""start"": 267, ""end"": 375, ""text"": ""someone who has called Israel a “stinking corpse,” and wants to destroy that country and wipe it off the map"", ""reason_text"": """", ""reason_choices"": [""attribution"", ""geopolitics""]}, {""start"": 557, ""end"": 620, ""text"": ""our secretary of state, Madeleine Albright, went to North Korea"", ""reason_text"": """", ""reason_choices"": [""attribution"", ""geopolitics""]}, {""start"": 700, ""end"": 777, ""text"": ""The average South Korean is three inches taller than the average North Korean"", ""reason_text"": """", ""reason_choices"": [""numerical absolute"", ""statistic""]}, {""start"": 884, ""end"": 955, ""text"": ""the North Koreans have broken every agreement that they’ve entered into"", ""reason_text"": """", ""reason_choices"": [""geopolitics""]}, {""start"": 1055, ""end"": 1144, ""text"": ""sit down across the table from — without precondition, as Senator Obama said he did twice"", ""reason_text"": """", ""reason_choices"": [""attribution"", ""geopolitics""]}]",
2008092600144,20080926_obama_mccain,MCCAIN,"He’s parsing words, my friends.",False,[],
2008092600061,20080926_obama_mccain,MCCAIN,"How about a spending freeze on everything but defense, veteran affairs and entitlement programs.",False,[],
2008092600168,20080926_obama_mccain,MCCAIN,I have voted for alternate fuel all of my time…,True,"[{""start"": 0, ""end"": 46, ""text"": ""I have voted for alternate fuel all of my time"", ""reason_text"": """", ""reason_choices"": [""stance/support"", ""energy"", ""environment""]}]",
2008092600041,20080926_obama_mccain,MCCAIN,"I know we have to, but this is a classic example of walking the walk and talking the talk. We had an energy bill before the United States Senate. It was festooned with Christmas tree ornaments. It had all kinds of breaks for the oil companies, I mean, billions of dollars worth. I voted against it; Senator Obama voted for it.",True,"[{""start"": 194, ""end"": 277, ""text"": ""It had all kinds of breaks for the oil companies, I mean, billions of dollars worth"", ""reason_text"": """", ""reason_choices"": [""numerical absolute"", ""economy"", ""energy""]}, {""start"": 279, ""end"": 297, ""text"": ""I voted against it"", ""reason_text"": """", ""reason_choices"": [""stance/support"", ""energy""]}, {""start"": 299, ""end"": 325, ""text"": ""Senator Obama voted for it"", ""reason_text"": """", ""reason_choices"": [""stance/support"", ""energy""]}]",
2008092600083,20080926_obama_mccain,MCCAIN,"I mean, it’s remarkable.",False,[],
2008092600053,20080926_obama_mccain,MCCAIN,"I saved the taxpayers $6.8 billion by fighting a contract that was negotiated between Boeing and DOD that was completely wrong. And we fixed it and we killed it and the people ended up in federal prison so I know how to do this because I’ve been involved these issues for many, many years. But I think that we have to examine every agency of government and find out those that are doing their job and keep them and find out those that aren’t and eliminate them and we’ll have to scrub every agency of government.",True,"[{""start"": 0, ""end"": 100, ""text"": ""I saved the taxpayers $6.8 billion by fighting a contract that was negotiated between Boeing and DOD"", ""reason_text"": """", ""reason_choices"": [""numerical absolute"", ""economy"", ""other""]}, {""start"": 236, ""end"": 288, ""text"": ""I’ve been involved these issues for many, many years"", ""reason_text"": """", ""reason_choices"": [""attribution""]}]",
2008092600176,20080926_obama_mccain,MCCAIN,"I think it’s much less than it was the day after 9/11. I think it — that we have a safer nation, but we are a long way from safe. And I want to tell you that one of the things I’m most proud of, among others, because I have worked across the aisle. I have a long record on that, on a long series of reforms. But after 9/11, Senator Joe Lieberman and I decided that we needed a commission, and that was a commission to investigate 9/11, and find out what happened, and fix it. And we were — we were opposed by the administration, another area where I differed with this administration. And we were stymied until the families of 9/11 came, and they descended on Washington, and we got that legislation passed. And there were a series of recommendations, as I recall, more than 40. And I’m happy to say that we’ve gotten written into law most of those reforms recommended by that commission. I’m proud of that work, again, bipartisan, reaching across the aisle, working together, Democrat and Republican alike. So we have a long way to go in our intelligence services. We have to do a better job in human intelligence. And we’ve got to — to make sure that we have people who are trained interrogators so that we don’t ever torture a prisoner ever again. We have to make sure that our technological and intelligence capabilities are better. We have to work more closely with our allies. I know our allies, and I can work much more closely with them. But I can tell you that I think America is safer today than it was on 9/11. But that doesn’t mean that we don’t have a long way to go. And I’d like to remind you, also, as a result of those recommendations, we’ve probably had the largest reorganization of government since we established the Defense Department. And I think that those men and women in those agencies are doing a great job. But we still have a long way to go before we can declare America safe, and that means doing a better job along our borders, as well.",True,"[{""start"": 490, ""end"": 527, ""text"": ""we were opposed by the administration"", ""reason_text"": """", ""reason_choices"": [""attribution"", ""stance/support"", ""politics"", ""terrorism""]}, {""start"": 589, ""end"": 636, ""text"": ""we were stymied until the families of 9/11 came"", ""reason_text"": """", ""reason_choices"": [""politics"", ""terrorism""]}, {""start"": 712, ""end"": 777, ""text"": ""there were a series of recommendations, as I recall, more than 40"", ""reason_text"": """", ""reason_choices"": [""numerical absolute"", ""politics"", ""terrorism""]}, {""start"": 805, ""end"": 887, ""text"": ""we’ve gotten written into law most of those reforms recommended by that commission"", ""reason_text"": """", ""reason_choices"": [""politics"", ""terrorism""]}, {""start"": 1615, ""end"": 1756, ""text"": ""as a result of those recommendations, we’ve probably had the largest reorganization of government since we established the Defense Department"", ""reason_text"": """", ""reason_choices"": [""causation"", ""politics"", ""defense/military"", ""terrorism""]}]",
2008092600074,20080926_obama_mccain,MCCAIN,"I think the lessons of Iraq are very clear that you cannot have a failed strategy that will then cause you to nearly lose a conflict. Our initial military success, we went in to Baghdad and everybody celebrated. And then the war was very badly mishandled. I went to Iraq in 2003 and came back and said, we’ve got to change this strategy. This strategy requires additional troops, it requires a fundamental change in strategy and I fought for it. And finally, we came up with a great general and a strategy that has succeeded. This strategy has succeeded. And we are winning in Iraq. And we will come home with victory and with honor. And that withdrawal is the result of every counterinsurgency that succeeds.",False,[],
2008092600063,20080926_obama_mccain,MCCAIN,I think we ought to seriously consider with the exceptions of caring for our veterans national defense and several other vital issues.,False,[],
2008092600113,20080926_obama_mccain,MCCAIN,"I — I don’t think that Senator Obama understands that there was a failed state in Pakistan when Musharraf came to power. Everybody who was around then, and had been there, and knew about it knew that it was a failed state. But let me tell you, you know, this business about bombing Iran and all that, let me tell you my record. Back in 1983, when I was a brand-new United States congressman, the one — the person I admired the most and still admire the most, Ronald Reagan, wanted to send Marines into Lebanon. And I saw that, and I saw the situation, and I stood up, and I voted against that, because I was afraid that they couldn’t make peace in a place where 300 or 400 or several hundred Marines would make a difference. Tragically, I was right: Nearly 300 Marines lost their lives in the bombing of the barracks. And then we had Somalia — then we had the first Gulf War. I supported — I supported that. I supported us going into Bosnia, when a number of my own party and colleagues was against that operation in Bosnia. That was the right thing to do, to stop genocide and to preserve what was necessary inside of Europe. I supported what we did in Kosovo. I supported it because ethnic cleansing and genocide was taking place there. And I have a record — and Somalia, I opposed that we should turn — turn the force in Somalia from a peacekeeping force into a peacemaking force, which they were not capable of. So I have a record. I have a record of being involved in these national security issues, which involve the highest responsibility and the toughest decisions that any president can make, and that is to send our young men and women into harm’s way. And I’ll tell you, I had a town hall meeting in Wolfeboro, New Hampshire, and a woman stood up and she said, “Senator McCain, I want you to do me the honor of wearing a bracelet with my son’s name on it.” He was 22 years old and he was killed in combat outside of Baghdad, Matthew Stanley, before Christmas last year. This was last August, a year ago. And I said, “I will — I will wear his bracelet with honor.” And this was August, a year ago. And then she said, “But, Senator McCain, I want you to do everything — promise me one thing, that you’ll do everything in your power to make sure that my son’s death was not in vain.” That means that that mission succeeds, just like those young people who re-enlisted in Baghdad, just like the mother I met at the airport the other day whose son was killed. And they all say to me that we don’t want defeat. I know what that's like when an army is defeated.",True,"[{""start"": 54, ""end"": 119, ""text"": ""there was a failed state in Pakistan when Musharraf came to power"", ""reason_text"": """", ""reason_choices"": [""geopolitics""]}, {""start"": 459, ""end"": 509, ""text"": ""Ronald Reagan, wanted to send Marines into Lebanon"", ""reason_text"": """", ""reason_choices"": [""attribution"", ""geopolitics"", ""defense/military""]}, {""start"": 572, ""end"": 592, ""text"": ""I voted against that"", ""reason_text"": """", ""reason_choices"": [""stance/support""]}, {""start"": 750, ""end"": 816, ""text"": ""Nearly 300 Marines lost their lives in the bombing of the barracks"", ""reason_text"": """", ""reason_choices"": [""numerical absolute"", ""geopolitics"", ""defense/military""]}, {""start"": 890, ""end"": 906, ""text"": ""I supported that"", ""reason_text"": """", ""reason_choices"": [""stance/support"", ""geopolitics"", ""defense/military""]}, {""start"": 908, ""end"": 940, ""text"": ""I supported us going into Bosnia"", ""reason_text"": """", ""reason_choices"": [""stance/support"", ""geopolitics"", ""defense/military""]}, {""start"": 947, ""end"": 1023, ""text"": ""a number of my own party and colleagues was against that operation in Bosnia"", ""reason_text"": """", ""reason_choices"": [""attribution"", ""stance/support"", ""geopolitics"", ""defense/military""]}, {""start"": 1127, ""end"": 1160, ""text"": ""I supported what we did in Kosovo"", ""reason_text"": """", ""reason_choices"": [""stance/support"", ""geopolitics"", ""defense/military""]}, {""start"": 1185, ""end"": 1237, ""text"": ""ethnic cleansing and genocide was taking place there"", ""reason_text"": """", ""reason_choices"": [""geopolitics"", ""ethnicity/race""]}]",
2008092600007,20080926_obama_mccain,MCCAIN,I — I hope so. And I…,False,[],
2008092600107,20080926_obama_mccain,MCCAIN,"It didn’t exceed beyond mine, because I know that that’s a strategy that has worked and can succeed. But if we snatch defeat from the jaws of victory and adopt Senator Obama’s plan, then we will have a wider war and it will make things more complicated throughout the region, including in Afghanistan.",False,[],
2008092600098,20080926_obama_mccain,MCCAIN,"It was a strategy. And that same strategy will be employed in Afghanistan by this great general. And Senator Obama, who after promising not to vote to cut off funds for the troops, did the incredible thing of voting to cut off the funds for the troops in Iraq and Afghanistan.",True,"[{""start"": 101, ""end"": 275, ""text"": ""Senator Obama, who after promising not to vote to cut off funds for the troops, did the incredible thing of voting to cut off the funds for the troops in Iraq and Afghanistan"", ""reason_text"": """", ""reason_choices"": [""attribution"", ""stance/support"", ""geopolitics"", ""defense/military""]}]",
2008092600072,20080926_obama_mccain,MCCAIN,"It’s well-known that I have not been elected Miss Congeniality in the United States Senate nor with the administration. I have opposed the president on spending, on climate change, on torture of prisoner, on – on Guantanamo Bay. On a — on the way that the Iraq War was conducted. I have a long record and the American people know me very well and that is independent and a maverick of the Senate and I’m happy to say that I’ve got a partner that’s a good maverick along with me now.",True,"[{""start"": 120, ""end"": 278, ""text"": ""I have opposed the president on spending, on climate change, on torture of prisoner, on – on Guantanamo Bay. On a — on the way that the Iraq War was conducted"", ""reason_text"": """", ""reason_choices"": [""stance/support"", ""economy"", ""geopolitics"", ""environment""]}]",
2008092600091,20080926_obama_mccain,MCCAIN,"I’m afraid Senator Obama doesn’t understand the difference between a tactic and a strategy. But the important — I’d like to tell you, two Fourths of July ago I was in Baghdad. General Petraeus invited Senator Lindsey Graham and me to attend a ceremony where 688 brave young Americans, whose enlistment had expired, were reenlisting to stay and fight for Iraqi freedom and American freedom. I was honored to be there. I was honored to speak to those troops. And you know, afterwards, we spent a lot of time with them. And you know what they said to us? They said, let us win. They said, let us win. We don’t want our kids coming back here. And this strategy, and this general, they are winning. Senator Obama refuses to acknowledge that we are winning in Iraq.",True,"[{""start"": 736, ""end"": 758, ""text"": ""we are winning in Iraq"", ""reason_text"": """", ""reason_choices"": [""geopolitics""]}]",
2008092600130,20080926_obama_mccain,MCCAIN,"I’m not going to set the White House visitors schedule before I’m president of the United States. I don’t even have a seal yet. Look, Dr. Kissinger did not say that he would approve of face-to-face meetings between the president of the United States and the president — and Ahmadinejad. He did not say that.",True,"[{""start"": 134, ""end"": 286, ""text"": ""Dr. Kissinger did not say that he would approve of face-to-face meetings between the president of the United States and the president — and Ahmadinejad"", ""reason_text"": """", ""reason_choices"": [""attribution"", ""geopolitics""]}]",
2008092600184,20080926_obama_mccain,MCCAIN,"I’ve been involved, as I mentioned to you before, in virtually every major national security challenge we’ve faced in the last 20-some years. There are some advantages to experience, and knowledge, and judgment. And I — and I honestly don’t believe that Senator Obama has the knowledge or experience and has made the wrong judgments in a number of areas, including his initial reaction to Russian invasion — aggression in Georgia, to his — you know, we’ve seen this stubbornness before in this administration to cling to a belief that somehow the surge has not succeeded and failing to acknowledge that he was wrong about the surge is — shows to me that we — that — that we need more flexibility in a president of the United States than that. As far as our other issues that he brought up are concerned, I know the veterans. I know them well. And I know that they know that I’ll take care of them. And I’ve been proud of their support and their recognition of my service to the veterans. And I love them. And I’ll take care of them. And they know that I’ll take care of them. And that’s going to be my job. But, also, I have the ability, and the knowledge, and the background to make the right judgments, to keep this country safe and secure. Reform, prosperity, and peace, these are major challenges to the United States of America. I don’t think I need any on-the-job training. I’m ready to go at it right now.",True,"[{""start"": 0, ""end"": 18, ""text"": ""I’ve been involved"", ""reason_text"": """", ""reason_choices"": [""vague quantitative"", ""attribution"", ""defense/military""]}, {""start"": 50, ""end"": 140, ""text"": ""in virtually every major national security challenge we’ve faced in the last 20-some years"", ""reason_text"": """", ""reason_choices"": [""vague quantitative"", ""attribution"", ""defense/military""]}]",
2008092600187,20080926_obama_mccain,MCCAIN,"Jim, when I came home from prison, I saw our veterans being very badly treated, and it made me sad. And I embarked on an effort to resolve the POW-MIA issue, which we did in a bipartisan fashion, and then I worked on normalization of relations between our two countries so that our veterans could come all the way home. I guarantee you, as president of the United States, I know how to heal the wounds of war, I know how to deal with our adversaries, and I know how to deal with our friends.",True,"[{""start"": 131, ""end"": 194, ""text"": ""resolve the POW-MIA issue, which we did in a bipartisan fashion"", ""reason_text"": """", ""reason_choices"": [""politics"", ""defense/military""]}]",
2008092600066,20080926_obama_mccain,MCCAIN,"Look, we are sending $700 billion a year overseas to countries that don’t like us very much. Some of that money ends up in the hands of terrorist organizations. We have to have wind, tide, solar, natural gas, flex fuel cars and all that but we also have to have offshore drilling and we also have to have nuclear power. Senator Obama opposes both storing and reprocessing of spent nuclear fuel. You can’t get there from here and the fact is that we can create 700,000 jobs by building constructing 45 new nuclear power plants by the year 2030. Nuclear power is not only important as far as eliminating our dependence on foreign oil but it’s also responsibility as far as climate change is concerned. An issue I have been involved in for many, many years and I’m proud of the work of the work that I’ve done there along with Senator Clinton.",True,"[{""start"": 6, ""end"": 49, ""text"": ""we are sending $700 billion a year overseas"", ""reason_text"": """", ""reason_choices"": [""numerical absolute""]}, {""start"": 93, ""end"": 159, ""text"": ""Some of that money ends up in the hands of terrorist organizations"", ""reason_text"": """", ""reason_choices"": [""vague quantitative"", ""terrorism""]}, {""start"": 320, ""end"": 393, ""text"": ""Senator Obama opposes both storing and reprocessing of spent nuclear fuel"", ""reason_text"": """", ""reason_choices"": [""stance/support"", ""energy"", ""environment""]}, {""start"": 446, ""end"": 542, ""text"": ""we can create 700,000 jobs by building constructing 45 new nuclear power plants by the year 2030"", ""reason_text"": """", ""reason_choices"": [""numerical absolute"", ""forecast/projection"", ""economy"", ""energy""]}]",
2008092600052,20080926_obama_mccain,MCCAIN,"Look, we, no matter what, we’ve got to cut spending. We have — as I said, we’ve let government get completely out of control. Senator Obama has the most liberal voting record in the United States Senate. It’s hard to reach across the aisle from that far to the left. The point — the point is — the point is, we need to examine every agency of government. First of all, by the way, I’d eliminate ethanol subsidies. I oppose ethanol subsidies. I think that we have to return — particularly in defense spending, which is the largest part of our appropriations — we have to do away with cost-plus contracts. We now have defense systems that the costs are completely out of control. We tried to build a little ship called the Littoral Combat Ship that was supposed to cost $140 million, ended up costing $400 million, and we still haven’t done it. So we need to have fixed-cost contracts. We need very badly to understand that defense spending is very important and vital, particularly in the new challenges we face in the world, but we have to get a lot of the cost overruns under control. I know how to do that.",True,"[{""start"": 126, ""end"": 202, ""text"": ""Senator Obama has the most liberal voting record in the United States Senate"", ""reason_text"": """", ""reason_choices"": [""ranking"", ""attribution"", ""politics""]}, {""start"": 518, ""end"": 556, ""text"": ""the largest part of our appropriations"", ""reason_text"": ""?"", ""reason_choices"": [""ranking"", ""economy"", ""other""]}, {""start"": 717, ""end"": 811, ""text"": ""the Littoral Combat Ship that was supposed to cost $140 million, ended up costing $400 million"", ""reason_text"": """", ""reason_choices"": [""numerical absolute"", ""other""]}]",
2008092600121,20080926_obama_mccain,MCCAIN,"My reading of the threat from Iran is that if Iran acquires nuclear weapons, it is an existential threat to the State of Israel and it is a threat to other countries in the region because the other countries in the region will feel compelling requirement to acquire nuclear weapons as well. Now we cannot allow a second Holocaust. Let’s just make that very clear. What I have proposed for a long time, and I’ve had conversation with foreign leaders about forming a league of democracies, let’s be clear and let’s have some straight talk. The Russians are preventing significant action in the United Nations Security Council. I have proposed a league of democracies, a group of people – a group of countries that share common interests, common values, common ideals, they also control a lot of the world’s economic power. We could impose significant meaningful, painful sanctions on the Iranians that I think could have a beneficial effect. The Iranians have a lousy government, so therefore their economy is lousy, even though they have significant oil revenues. So I am convinced that together, we can, with the French, with the British, with the Germans and other countries, democracies around the world, we can affect Iranian behavior. But have no doubt, but have no doubt that the Iranians continue on the path to the acquisition of a nuclear weapon as we speak tonight. And it is a threat not only in this region but around the world. What I’d also like to point out the Iranians are putting the most lethal IEDs into Iraq which are killing young Americans, there are special groups in Iran coming into Iraq and are being trained in Iran. There is the Republican Guard in Iran, which Senator Kyl had an amendment in order to declare them a sponsor of terror. Senator Obama said that would be provocative. So this is a serious threat. This is a serious threat to security in the world, and I believe we can act and we can act with our friends and allies and reduce that threat as quickly as possible, but have no doubt about the ultimate result of them acquiring nuclear weapons.",True,"[{""start"": 538, ""end"": 623, ""text"": ""The Russians are preventing significant action in the United Nations Security Council"", ""reason_text"": """", ""reason_choices"": [""geopolitics""]}, {""start"": 1027, ""end"": 1061, ""text"": ""they have significant oil revenues"", ""reason_text"": """", ""reason_choices"": [""vague quantitative"", ""economy"", ""energy"", ""geopolitics""]}, {""start"": 1472, ""end"": 1527, ""text"": ""the Iranians are putting the most lethal IEDs into Iraq"", ""reason_text"": """", ""reason_choices"": [""ranking"", ""geopolitics"", ""defense/military""]}, {""start"": 1689, ""end"": 1762, ""text"": ""Senator Kyl had an amendment in order to declare them a sponsor of terror"", ""reason_text"": """", ""reason_choices"": [""attribution"", ""geopolitics"", ""terrorism""]}, {""start"": 1764, ""end"": 1808, ""text"": ""Senator Obama said that would be provocative"", ""reason_text"": """", ""reason_choices"": [""attribution"", ""geopolitics"", ""terrorism""]}]",
2008092600173,20080926_obama_mccain,MCCAIN,No one can be opposed to alternate energy.,False,[],
2008092600155,20080926_obama_mccain,MCCAIN,"No one from Arizona is against solar. And Senator Obama says he’s for nuclear, but he’s against reprocessing and he’s against storing. So…",True,"[{""start"": 0, ""end"": 36, ""text"": ""No one from Arizona is against solar"", ""reason_text"": """", ""reason_choices"": [""stance/support"", ""energy"", ""environment""]}, {""start"": 42, ""end"": 133, ""text"": ""Senator Obama says he’s for nuclear, but he’s against reprocessing and he’s against storing"", ""reason_text"": """", ""reason_choices"": [""attribution"", ""stance/support"", ""energy"", ""environment""]}]",
2008092600022,20080926_obama_mccain,MCCAIN,"No, I — look, we’ve got to fix the system. We’ve got fundamental problems in the system. And Main Street is paying a penalty for the excesses and greed in Washington, D.C., and in the Wall Street. So there’s no doubt that we have a long way to go. And, obviously, stricter interpretation and consolidation of the various regulatory agencies that weren’t doing their job, that has brought on this crisis. But I have a fundamental belief in the goodness and strength of the American worker. And the American worker is the most productive, the most innovative. America is still the greatest producer, exporter and importer. But we’ve got to get through these times, but I have a fundamental belief in the United States of America. And I still believe, under the right leadership, our best days are ahead of us.",True,"[{""start"": 309, ""end"": 402, ""text"": ""the various regulatory agencies that weren’t doing their job, that has brought on this crisis"", ""reason_text"": """", ""reason_choices"": [""causation"", ""economy""]}, {""start"": 558, ""end"": 619, ""text"": ""America is still the greatest producer, exporter and importer"", ""reason_text"": """", ""reason_choices"": [""ranking"", ""economy""]}]",
2008092600140,20080926_obama_mccain,MCCAIN,"Of course he encourages and other people encourage contacts, and negotiations, and all other things. We do that all the time.",False,[],
2008092600081,20080926_obama_mccain,MCCAIN,"Senator Obama is the chairperson of a committee that oversights NATO that’s in Afghanistan. To this day, he has never had a hearing.",True,"[{""start"": 0, ""end"": 90, ""text"": ""Senator Obama is the chairperson of a committee that oversights NATO that’s in Afghanistan"", ""reason_text"": """", ""reason_choices"": [""attribution"", ""geopolitics""]}, {""start"": 92, ""end"": 131, ""text"": ""To this day, he has never had a hearing"", ""reason_text"": """", ""reason_choices"": [""attribution"", ""geopolitics""]}]",
2008092600030,20080926_obama_mccain,MCCAIN,"Senator Obama suspended those requests for pork-barrel projects after he was running for president of the United States. He didn’t happen to see that light during the first three years as a member of the United States Senate, $932 million in requests. Maybe to Senator Obama it’s not a lot of money. But the point is that — you see, I hear this all the time. “It’s only $18 billion.” Do you know that it’s tripled in the last five years? Do you know that it’s gone completely out of control to the point where it corrupts people? It corrupts people. That’s why we have, as I said, people under federal indictment and charges. It’s a system that’s got to be cleaned up. I have fought against it my career. I have fought against it. I was called the sheriff, by the — one of the senior members of the Appropriations Committee. I didn’t win Miss Congeniality in the United States Senate. Now, Senator Obama didn’t mention that, along with his tax cuts, he is also proposing some $800 billion in new spending on new programs. Now, that’s a fundamental difference between myself and Senator Obama. I want to cut spending. I want to keep taxes low. The worst thing we could do in this economic climate is to raise people’s taxes.",True,"[{""start"": 0, ""end"": 119, ""text"": ""Senator Obama suspended those requests for pork-barrel projects after he was running for president of the United States"", ""reason_text"": """", ""reason_choices"": [""attribution"", ""politics""]}, {""start"": 156, ""end"": 250, ""text"": ""during the first three years as a member of the United States Senate, $932 million in requests"", ""reason_text"": """", ""reason_choices"": [""numerical absolute"", ""politics""]}, {""start"": 401, ""end"": 436, ""text"": ""it’s tripled in the last five years"", ""reason_text"": """", ""reason_choices"": [""numerical absolute"", ""comparative/temporal""]}, {""start"": 669, ""end"": 703, ""text"": ""I have fought against it my career"", ""reason_text"": """", ""reason_choices"": [""stance/support""]}, {""start"": 950, ""end"": 1020, ""text"": ""he is also proposing some $800 billion in new spending on new programs"", ""reason_text"": """", ""reason_choices"": [""numerical absolute"", ""stance/support""]}]",
2008092600125,20080926_obama_mccain,MCCAIN,"Senator Obama twice said in debates he would sit down with Ahmadinejad, Chavez and Raul Castro without precondition. Without precondition. Here is Ahmadinenene (ph), Ahmadinejad, who is, Ahmadinejad, who is now in New York, talking about the extermination of the State of Israel, of wiping Israel off the map, and we’re going to sit down, without precondition, across the table, to legitimize and give a propaganda platform to a person that is espousing the extermination of the state of Israel, and therefore then giving them more credence in the world arena and therefore saying, they’ve probably been doing the right thing, because you will sit down across the table from them and that will legitimize their illegal behavior. The point is that throughout history, whether it be Ronald Reagan, who wouldn’t sit down with Brezhnev, Andropov or Chernenko until Gorbachev was ready with glasnost and perestroika. Or whether it be Nixon’s trip to China, which was preceded by Henry Kissinger, many times before he went. Look, I’ll sit down with anybody, but there’s got to be pre-conditions. Those pre-conditions would apply that we wouldn’t legitimize with a face to face meeting, a person like Ahmadinejad. Now, Senator Obama said, without preconditions.",True,"[{""start"": 0, ""end"": 115, ""text"": ""Senator Obama twice said in debates he would sit down with Ahmadinejad, Chavez and Raul Castro without precondition"", ""reason_text"": """", ""reason_choices"": [""attribution"", ""geopolitics""]}, {""start"": 224, ""end"": 278, ""text"": ""talking about the extermination of the State of Israel"", ""reason_text"": """", ""reason_choices"": [""attribution"", ""geopolitics""]}, {""start"": 427, ""end"": 494, ""text"": ""a person that is espousing the extermination of the state of Israel"", ""reason_text"": """", ""reason_choices"": [""attribution"", ""geopolitics""]}, {""start"": 781, ""end"": 910, ""text"": ""Ronald Reagan, who wouldn’t sit down with Brezhnev, Andropov or Chernenko until Gorbachev was ready with glasnost and perestroika"", ""reason_text"": """", ""reason_choices"": [""attribution"", ""geopolitics""]}]",
2008092600159,20080926_obama_mccain,MCCAIN,"So I want to say that, with the Nunn-Lugar thing…",False,[],
2008092600134,20080926_obama_mccain,MCCAIN,"So let me get this right. We sit down with Ahmadinejad, and he says, “We’re going to wipe Israel off the face of the Earth,” and we say, “No, you’re not”? Oh, please.",False,[],
2008092600011,20080926_obama_mccain,MCCAIN,"Sure. But — but let me — let me point out, I also warned about Fannie Mae and Freddie Mac and warned about corporate greed and excess, and CEO pay, and all that. A lot of us saw this train wreck coming. But there’s also the issue of responsibility. You’ve mentioned President Dwight David Eisenhower. President Eisenhower, on the night before the Normandy invasion, went into his room, and he wrote out two letters. One of them was a letter congratulating the great members of the military and allies that had conducted and succeeded in the greatest invasion in history, still to this day, and forever. And he wrote out another letter, and that was a letter of resignation from the United States Army for the failure of the landings at Normandy. Somehow we’ve lost that accountability. I’ve been heavily criticized because I called for the resignation of the chairman of the Securities and Exchange Commission. We’ve got to start also holding people accountable, and we’ve got to reward people who succeed. But somehow in Washington today — and I’m afraid on Wall Street — greed is rewarded, excess is rewarded, and corruption — or certainly failure to carry out our responsibility is rewarded. As president of the United States, people are going to be held accountable in my administration. And I promise you that that will happen.",True,"[{""start"": 43, ""end"": 89, ""text"": ""I also warned about Fannie Mae and Freddie Mac"", ""reason_text"": """", ""reason_choices"": [""attribution"", ""economy""]}, {""start"": 94, ""end"": 146, ""text"": ""warned about corporate greed and excess, and CEO pay"", ""reason_text"": """", ""reason_choices"": [""attribution"", ""economy""]}, {""start"": 301, ""end"": 414, ""text"": ""President Eisenhower, on the night before the Normandy invasion, went into his room, and he wrote out two letters"", ""reason_text"": """", ""reason_choices"": [""attribution"", ""geopolitics""]}, {""start"": 607, ""end"": 744, ""text"": ""he wrote out another letter, and that was a letter of resignation from the United States Army for the failure of the landings at Normandy"", ""reason_text"": """", ""reason_choices"": [""attribution"", ""geopolitics""]}, {""start"": 786, ""end"": 909, ""text"": ""I’ve been heavily criticized because I called for the resignation of the chairman of the Securities and Exchange Commission"", ""reason_text"": """", ""reason_choices"": [""attribution"", ""stance/support""]}]",
2008092600104,20080926_obama_mccain,MCCAIN,That’s what Admiral Mullen said.,False,[],
2008092600079,20080926_obama_mccain,MCCAIN,"The next president of the United States is not going to have to address the issue as to whether we went into Iraq or not. The next president of the United States is going to have to decide how we leave, when we leave, and what we leave behind. That’s the decision of the next president of the United States. Senator Obama said the surge could not work, said it would increase sectarian violence, said it was doomed to failure. Recently on a television program, he said it exceed our wildest expectations. But yet, after conceding that, he still says that he would oppose the surge if he had to decide that again today. Incredibly, incredibly Senator Obama didn’t go to Iraq for 900 days and never asked for a meeting with General Petraeus.",True,"[{""start"": 427, ""end"": 503, ""text"": ""Recently on a television program, he said it exceed our wildest expectations"", ""reason_text"": """", ""reason_choices"": [""attribution"", ""geopolitics""]}, {""start"": 642, ""end"": 686, ""text"": ""Senator Obama didn’t go to Iraq for 900 days"", ""reason_text"": """", ""reason_choices"": [""attribution"", ""geopolitics""]}]",
2008092600093,20080926_obama_mccain,MCCAIN,They just passed an electoral…,False,[],
2008092600034,20080926_obama_mccain,MCCAIN,"Well — well, let me give you an example of what Senator Obama finds objectionable, the business tax. Right now, in the United States of America, business pays the second-highest business taxes in the world, 35 percent. Ireland pays 11 percent. Now, if you’re a business person, and you can locate any place in the world, then, obviously, if you go to the country where it’s 11 percent tax versus 35 percent, you’re going to be able to create jobs, increase your business, make more investment, et cetera. I want to cut that business tax. I want to cut it so that businesses will remain in — in the United States of America and create jobs. But, again, I want to return. It’s a lot more than $18 billion in pork-barrel spending. I can tell you, it’s rife. It’s throughout. The United States Senate will take up a continuing resolution tomorrow or the next day, sometime next week, with 2,000 — 2,000 — look at them, my friends. Look at them. You’ll be appalled. And Senator Obama is a recent convert, after requesting $932 million worth of pork-barrel spending projects. So the point is, I want people to have tax cuts. I want every family to have a $5,000 refundable tax credit so they can go out and purchase their own health care. I want to double the dividend from $3,500 to $7,000 for every dependent child in America. I know that the worst thing we could possibly do is to raise taxes on anybody, and a lot of people might be interested in Senator Obama’s definition of “rich.”",True,"[{""start"": 101, ""end"": 217, ""text"": ""Right now, in the United States of America, business pays the second-highest business taxes in the world, 35 percent"", ""reason_text"": """", ""reason_choices"": [""numerical absolute"", ""ranking"", ""economy""]}, {""start"": 219, ""end"": 242, ""text"": ""Ireland pays 11 percent"", ""reason_text"": """", ""reason_choices"": [""numerical absolute"", ""economy""]}, {""start"": 670, ""end"": 726, ""text"": ""It’s a lot more than $18 billion in pork-barrel spending"", ""reason_text"": """", ""reason_choices"": [""numerical absolute"", ""vague quantitative"", ""economy"", ""politics""]}, {""start"": 1006, ""end"": 1068, ""text"": ""requesting $932 million worth of pork-barrel spending projects"", ""reason_text"": """", ""reason_choices"": [""numerical absolute"", ""attribution"", ""politics""]}]",
2008092600069,20080926_obama_mccain,MCCAIN,"Well, I want to make sure we’re not handing the health care system over to the federal government which is basically what would ultimately happen with Senator Obama’s health care plan. I want the families to make decisions between themselves and their doctors. Not the federal government. Look. We have to obviously cut spending. I have fought to cut spending. Senator Obama has $800 billion in new spending programs. I would suggest he start by canceling some of those new spending program that he has. We can’t I think adjust spending around to take care of the very much needed programs, including taking care of our veterans but I also want to say again a healthy economy with low taxes would not raising anyone’s taxes is probably the best recipe for eventually having our economy recover. And spending restraint has got to be a vital part of that. And the reason, one of the major reasons why we’re in the difficulties we are in today is because spending got out of control. We owe China $500 billion. And spending, I know, can be brought under control because I have fought against excessive spending my entire career. And I got plans to reduce and eliminate unnecessary and wasteful spending and if there’s anybody here who thinks there aren’t agencies of government where spending can be cut and their budgets slashed they have not spent a lot of time in Washington.",True,"[{""start"": 36, ""end"": 183, ""text"": ""handing the health care system over to the federal government which is basically what would ultimately happen with Senator Obama’s health care plan"", ""reason_text"": """", ""reason_choices"": [""stance/support"", ""medicine""]}, {""start"": 330, ""end"": 359, ""text"": ""I have fought to cut spending"", ""reason_text"": """", ""reason_choices"": [""stance/support"", ""economy""]}, {""start"": 361, ""end"": 416, ""text"": ""Senator Obama has $800 billion in new spending programs"", ""reason_text"": """", ""reason_choices"": [""numerical absolute"", ""attribution"", ""stance/support"", ""economy""]}, {""start"": 870, ""end"": 979, ""text"": ""one of the major reasons why we’re in the difficulties we are in today is because spending got out of control"", ""reason_text"": """", ""reason_choices"": [""ranking"", ""causation"", ""economy""]}, {""start"": 981, ""end"": 1006, ""text"": ""We owe China $500 billion"", ""reason_text"": """", ""reason_choices"": [""numerical absolute"", ""economy"", ""geopolitics""]}, {""start"": 1067, ""end"": 1124, ""text"": ""I have fought against excessive spending my entire career"", ""reason_text"": """", ""reason_choices"": [""stance/support"", ""economy""]}]",
2008092600149,20080926_obama_mccain,MCCAIN,"Well, I was interested in Senator Obama’s reaction to the Russian aggression against Georgia. His first statement was, “Both sides ought to show restraint.” Again, a little bit of naivete there. He doesn’t understand that Russia committed serious aggression against Georgia. And Russia has now become a nation fueled by petro-dollars that is basically a KGB apparatchik-run government. I looked into Mr. Putin’s eyes, and I saw three letters, a “K,” a “G,” and a “B.” And their aggression in Georgia is not acceptable behavior. I don’t believe we’re going to go back to the Cold War. I am sure that that will not happen. But I do believe that we need to bolster our friends and allies. And that wasn’t just about a problem between Georgia and Russia. It had everything to do with energy. There’s a pipeline that runs from the Caspian through Georgia through Turkey. And, of course, we know that the Russians control other sources of energy into Europe, which they have used from time to time. It’s not accidental that the presidents of Latvia, Estonia, Lithuania, Poland, and Ukraine flew to Georgia, flew to Tbilisi, where I have spent significant amount of time with a great young president, Misha Saakashvili.",True,"[{""start"": 94, ""end"": 156, ""text"": ""His first statement was, “Both sides ought to show restraint.”"", ""reason_text"": """", ""reason_choices"": [""attribution"", ""geopolitics""]}, {""start"": 279, ""end"": 333, ""text"": ""Russia has now become a nation fueled by petro-dollars"", ""reason_text"": """", ""reason_choices"": [""economy"", ""energy"", ""geopolitics""]}, {""start"": 751, ""end"": 786, ""text"": ""It had everything to do with energy"", ""reason_text"": """", ""reason_choices"": [""causation"", ""energy"", ""geopolitics""]}, {""start"": 895, ""end"": 951, ""text"": ""the Russians control other sources of energy into Europe"", ""reason_text"": """", ""reason_choices"": [""economy"", ""geopolitics""]}, {""start"": 1018, ""end"": 1116, ""text"": ""the presidents of Latvia, Estonia, Lithuania, Poland, and Ukraine flew to Georgia, flew to Tbilisi"", ""reason_text"": """", ""reason_choices"": [""attribution"", ""geopolitics""]}]",
2008092600028,20080926_obama_mccain,MCCAIN,"Well, again, I don’t mean to go back and forth, but he… (CROSSTALK)",False,[],
2008092600003,20080926_obama_mccain,MCCAIN,"Well, thank you, Jim. And thanks to everybody. And I do have a sad note tonight. Senator Kennedy is in the hospital. He’s a dear and beloved friend to all of us. Our thoughts and prayers go out to the lion of the Senate. I also want to thank the University of Mississippi for hosting us tonight. And, Jim, I — I’ve been not feeling too great about a lot of things lately. So have a lot of Americans who are facing challenges. But I’m feeling a little better tonight, and I’ll tell you why. Because as we’re here tonight in this debate, we are seeing, for the first time in a long time, Republicans and Democrats together, sitting down, trying to work out a solution to this fiscal crisis that we’re in. And have no doubt about the magnitude of this crisis. And we’re not talking about failure of institutions on Wall Street. We’re talking about failures on Main Street, and people who will lose their jobs, and their credits, and their homes, if we don’t fix the greatest fiscal crisis, probably in — certainly in our time, and I’ve been around a little while. But the point is — the point is, we have finally seen Republicans and Democrats sitting down and negotiating together and coming up with a package. This package has transparency in it. It has to have accountability and oversight. It has to have options for loans to failing businesses, rather than the government taking over those loans. We have to — it has to have a package with a number of other essential elements to it. And, yes, I went back to Washington, and I met with my Republicans in the House of Representatives. And they weren’t part of the negotiations, and I understand that. And it was the House Republicans that decided that they would be part of the solution to this problem. But I want to emphasize one point to all Americans tonight. This isn’t the beginning of the end of this crisis. This is the end of the beginning, if we come out with a package that will keep these institutions stable. And we’ve got a lot of work to do. And we’ve got to create jobs. And one of the areas, of course, is to eliminate our dependence on foreign oil.",True,"[{""start"": 959, ""end"": 1022, ""text"": ""the greatest fiscal crisis, probably in — certainly in our time"", ""reason_text"": """", ""reason_choices"": [""ranking"", ""economy""]}, {""start"": 1590, ""end"": 1627, ""text"": ""they weren’t part of the negotiations"", ""reason_text"": """", ""reason_choices"": [""attribution"", ""politics""]}, {""start"": 2087, ""end"": 2116, ""text"": ""our dependence on foreign oil"", ""reason_text"": """", ""reason_choices"": [""energy""]}]",
2008092600024,20080926_obama_mccain,MCCAIN,"Well, the first thing we have to do is get spending under control in Washington. It’s completely out of control. It’s gone — we have now presided over the largest increase in the size of government since the Great Society. We Republicans came to power to change government, and government changed us. And the — the worst symptom on this disease is what my friend, Tom Coburn, calls earmarking as a gateway drug, because it’s a gateway. It’s a gateway to out-of-control spending and corruption. And we have former members of Congress now residing in federal prison because of the evils of this earmarking and pork-barrel spending. You know, we spent $3 million to study the DNA of bears in Montana. I don’t know if that was a criminal issue or a paternal issue, but the fact is that it was $3 million of our taxpayers’ money. And it has got to be brought under control. As president of the United States, I want to assure you, I’ve got a pen. This one’s kind of old. I’ve got a pen, and I’m going to veto every single spending bill that comes across my desk. I will make them famous. You will know their names. Now, Senator Obama, you wanted to know one of the differences. He has asked for $932 million of earmark pork-barrel spending, nearly a million dollars for every day that he’s been in the United States Senate. I suggest that people go up on the Web site of Citizens Against Government Waste, and they’ll look at those projects. That kind of thing is not the way to rein in runaway spending in Washington, D.C. That’s one of the fundamental differences that Senator Obama and I have.",True,"[{""start"": 125, ""end"": 221, ""text"": ""we have now presided over the largest increase in the size of government since the Great Society"", ""reason_text"": """", ""reason_choices"": [""comparative/temporal"", ""ranking"", ""politics""]}, {""start"": 506, ""end"": 628, ""text"": ""former members of Congress now residing in federal prison because of the evils of this earmarking and pork-barrel spending"", ""reason_text"": """", ""reason_choices"": [""politics"", ""crime/law""]}, {""start"": 640, ""end"": 696, ""text"": ""we spent $3 million to study the DNA of bears in Montana"", ""reason_text"": """", ""reason_choices"": [""numerical absolute"", ""science""]}, {""start"": 782, ""end"": 823, ""text"": ""it was $3 million of our taxpayers’ money"", ""reason_text"": """", ""reason_choices"": [""numerical absolute"", ""economy"", ""science""]}, {""start"": 1173, ""end"": 1234, ""text"": ""He has asked for $932 million of earmark pork-barrel spending"", ""reason_text"": """", ""reason_choices"": [""numerical absolute"", ""attribution"", ""politics""]}]",
2008092600039,20080926_obama_mccain,MCCAIN,"Well, you know, let me just…",False,[],
2008092600047,20080926_obama_mccain,MCCAIN,"With all due respect, you already gave them to the oil companies.",False,[],
2008092600117,20080926_obama_mccain,MCCAIN,"You might think that with that kind of concern that Senator Obama would have gone to Afghanistan, particularly given his responsibilities as a subcommittee chairman. By the way, when I’m subcommittee chairman, we take up the issues under my subcommittee. But the important thing is — the important thing is I visited Afghanistan and I traveled to Waziristan and I traveled to these places and I know what our security requirements are. I know what our needs are. So the point is that we will prevail in Afghanistan, but we need the new strategy and we need it to succeed. But the important thing is, if we suffer defeat in Iraq, which General Petraeus predicts we will, if we adopted Senator Obama’s set date for withdrawal, then that will have a calamitous effect in Afghanistan and American national security interests in the region. Senator Obama doesn’t seem to understand there is a connected between the two.",False,[],
2008092600043,20080926_obama_mccain,MCCAIN,"You’ve got to look at our record. You’ve got to look at our records. That’s the important thing. Who fought against wasteful and earmark spending? Who has been the person who has tried to keep spending under control? Who’s the person who has believed that the best thing for America is — is to have a tax system that is fundamentally fair? And I’ve fought to simplify it, and I have proposals to simplify it. Let’s give every American a choice: two tax brackets, generous dividends, and, two — and let Americans choose whether they want the — the existing tax code or they want a new tax code. And so, again, look at the record, particularly the energy bill. But, again, Senator Obama has shifted on a number of occasions. He has voted in the United States Senate to increase taxes on people who make as low as $42,000 a year.",True,"[{""start"": 344, ""end"": 370, ""text"": ""I’ve fought to simplify it"", ""reason_text"": """", ""reason_choices"": [""stance/support"", ""economy""]}, {""start"": 723, ""end"": 825, ""text"": ""He has voted in the United States Senate to increase taxes on people who make as low as $42,000 a year"", ""reason_text"": """", ""reason_choices"": [""numerical absolute"", ""attribution"", ""stance/support"", ""economy""]}]",
2008092600162,20080926_obama_mccain,MCCAIN,… I supported Nunn-Lugar back in the early 1990s when a lot of my colleagues didn’t. That was the key legislation at the time and put us on the road to eliminating this issue of nuclear waste and the nuclear fuel that has to be taken care of.,True,"[{""start"": 2, ""end"": 83, ""text"": ""I supported Nunn-Lugar back in the early 1990s when a lot of my colleagues didn’t"", ""reason_text"": """", ""reason_choices"": [""attribution"", ""stance/support"", ""geopolitics"", ""nuclear warfare""]}]",
2008092600157,20080926_obama_mccain,MCCAIN,"… it’s hard to get there from here. And off-shore drilling is also something that is very important and it is a bridge. And we know that, if we drill off-shore and exploit a lot of these reserves, it will help, at temporarily, relieve our energy requirements. And it will have, I think, an important effect on the price of a barrel of oil.",True,"[{""start"": 138, ""end"": 258, ""text"": ""if we drill off-shore and exploit a lot of these reserves, it will help, at temporarily, relieve our energy requirements"", ""reason_text"": ""?"", ""reason_choices"": [""forecast/projection"", ""energy""]}]",
2008092600119,20080926_obama_mccain,OBAMA,"A testimony to you, Jim.",False,[],
2008092600174,20080926_obama_mccain,OBAMA,"All right, fair enough. Let’s move on. You’ve got one more energy — you’ve got one more question.",False,[],
2008092600179,20080926_obama_mccain,OBAMA,"And this is the greatest country on Earth. But because of some of the mistakes that have been made — and I give Senator McCain great credit on the torture issue, for having identified that as something that undermines our long-term security — because of those things, we, I think, are going to have a lot of work to do in the next administration to restore that sense that America is that shining beacon on a hill.",False,[],
2008092600032,20080926_obama_mccain,OBAMA,"And when you look at your tax policies that are directed primarily at those who are doing well, and you are neglecting people who are really struggling right now, I think that is a continuation of the last eight years, and we can’t afford another four.",False,[],
2008092600169,20080926_obama_mccain,OBAMA,He — he — he objects… (CROSSTALK),False,[],
2008092600143,20080926_obama_mccain,OBAMA,I am not parsing words.,False,[],
2008092600015,20080926_obama_mccain,OBAMA,I do not think that they are.,False,[],
2008092600158,20080926_obama_mccain,OBAMA,"I just have to respond very quickly, just to correct — just to correct the record.",False,[],
2008092600070,20080926_obama_mccain,OBAMA,"I just want to make this point, Jim. John, it’s been your president who you said you agreed with 90 percent of the time who presided over this increase in spending. This orgy of spending and enormous deficits you voted for almost all of his budgets. So to stand here and after eight years and say that you’re going to lead on controlling spending and, you know, balancing our tax cuts so that they help middle class families when over the last eight years that hasn’t happened I think just is, you know, kind of hard to swallow.",True,"[{""start"": 53, ""end"": 119, ""text"": ""your president who you said you agreed with 90 percent of the time"", ""reason_text"": """", ""reason_choices"": [""attribution"", ""stance/support""]}, {""start"": 124, ""end"": 163, ""text"": ""presided over this increase in spending"", ""reason_text"": """", ""reason_choices"": [""attribution"", ""economy""]}, {""start"": 209, ""end"": 248, ""text"": ""you voted for almost all of his budgets"", ""reason_text"": """", ""reason_choices"": [""attribution"", ""stance/support"", ""economy""]}]",
2008092600031,20080926_obama_mccain,OBAMA,"I — I don’t know where John is getting his figures. Let’s just be clear. What I do is I close corporate loopholes, stop providing tax cuts to corporations that are shipping jobs overseas so that we’re giving tax breaks to companies that are investing here in the United States. I make sure that we have a health care system that allows for everyone to have basic coverage. I think those are pretty important priorities. And I pay for every dime of it. But let’s go back to the original point. John, nobody is denying that $18 billion is important. And, absolutely, we need earmark reform. And when I’m president, I will go line by line to make sure that we are not spending money unwisely. But the fact is that eliminating earmarks alone is not a recipe for how we’re going to get the middle class back on track.",True,"[{""start"": 120, ""end"": 186, ""text"": ""providing tax cuts to corporations that are shipping jobs overseas"", ""reason_text"": """", ""reason_choices"": [""economy""]}]",
2008092600163,20080926_obama_mccain,OBAMA,"I — I just have to correct the record here. I have never said that I object to nuclear waste. What I’ve said is that we have to store it safely. And, Senator McCain, he says — he talks about Arizona.",True,"[{""start"": 44, ""end"": 92, ""text"": ""I have never said that I object to nuclear waste"", ""reason_text"": """", ""reason_choices"": [""attribution"", ""energy"", ""environment""]}, {""start"": 94, ""end"": 143, ""text"": ""What I’ve said is that we have to store it safely"", ""reason_text"": """", ""reason_choices"": [""attribution"", ""energy"", ""environment""]}]",
2008092600129,20080926_obama_mccain,OBAMA,"If we can’t meet with our friends, I don’t know how we’re going to lead the world in terms of dealing with critical issues like terrorism.",False,[],
2008092600145,20080926_obama_mccain,OBAMA,"I’m using the same words that your advisers use. Please, go ahead.",False,[],
2008092600165,20080926_obama_mccain,OBAMA,"I’ve got to make this point, Jim.",False,[],
2008092600097,20080926_obama_mccain,OBAMA,"Jim, Jim, this is a big…",False,[],
2008092600115,20080926_obama_mccain,OBAMA,"Jim, let me just make a point. I’ve got a bracelet, too, from Sergeant – from the mother of Sergeant Ryan David Jopeck (ph), given to me in green bay. She asked me, can you please make sure another mother is not going through what I’m going through. No U.S. soldier ever dies in vain because they’re carrying out the missions of their commander in chief. And we honor all the service that they’ve provided. Our troops have performed brilliantly. The question is for the next president, are we making good judgments about how to keep America safe precisely because sending our military into battle is such an enormous step. And the point that I originally made is that we took our eye off Afghanistan, we took our eye off the folks who perpetrated 9/11, they are still sending out videotapes and Senator McCain, nobody is talking about defeat in Iraq, but I have to say we are having enormous problems in Afghanistan because of that decision. And it is not true you have consistently been concerned about what happened in Afghanistan. At one point, while you were focused on Iraq, you said well, we can “muddle through” Afghanistan. You don’t muddle through the central front on terror and you don’t muddle through going after bin Laden. You don’t muddle through stamping out the Taliban. I think that is something we have to take seriously. And when I’m president, I will.",True,"[{""start"": 753, ""end"": 790, ""text"": ""they are still sending out videotapes"", ""reason_text"": """", ""reason_choices"": [""geopolitics"", ""terrorism""]}, {""start"": 1048, ""end"": 1130, ""text"": ""while you were focused on Iraq, you said well, we can “muddle through” Afghanistan"", ""reason_text"": """", ""reason_choices"": [""attribution"", ""geopolitics"", ""defense/military""]}]",
2008092600099,20080926_obama_mccain,OBAMA,"Jim, there are a whole bunch of things we have got to answer. First of all, let’s talk about this troop funding issue because John always brings this up. Senator McCain cut — Senator McCain opposed funding for troops in legislation that had a timetable, because he didn’t believe in a timetable. I opposed funding a mission that had no timetable, and was open-ended, giving a blank check to George Bush. We had a difference on the timetable. We didn’t have a difference on whether or not we were going to be funding troops. We had a legitimate difference, and I absolutely understand the difference between tactics and strategy. And the strategic question that the president has to ask is not whether or not we are employing a particular approach in the country once we have made the decision to be there. The question is, was this wise? We have seen Afghanistan worsen, deteriorate. We need more troops there. We need more resources there. Senator McCain, in the rush to go into Iraq, said, you know what? We’ve been successful in Afghanistan. There is nobody who can pose a threat to us there. This is a time when bin Laden was still out, and now they’ve reconstituted themselves. Secretary of Defense Robert Gates himself acknowledges the war on terrorism started in Afghanistan and it needs to end there. But we can’t do it if we are not willing to give Iraq back its country. Now, what I’ve said is we should end this war responsibly. We should do it in phases. But in 16 months we should be able to reduce our combat troops, put — provide some relief to military families and our troops and bolster our efforts in Afghanistan so that we can capture and kill bin Laden and crush al Qaeda. And right now, the commanders in Afghanistan, as well as Admiral Mullen, have acknowledged that we don’t have enough troops to deal with Afghanistan because we still have more troops in Iraq than we did before the surge.",True,"[{""start"": 175, ""end"": 294, ""text"": ""Senator McCain opposed funding for troops in legislation that had a timetable, because he didn’t believe in a timetable"", ""reason_text"": """", ""reason_choices"": [""causation"", ""geopolitics"", ""defense/military"", ""other""]}, {""start"": 314, ""end"": 403, ""text"": ""a mission that had no timetable, and was open-ended, giving a blank check to George Bush"", ""reason_text"": """", ""reason_choices"": [""geopolitics"", ""defense/military""]}, {""start"": 838, ""end"": 869, ""text"": ""We have seen Afghanistan worsen"", ""reason_text"": """", ""reason_choices"": [""geopolitics""]}, {""start"": 1183, ""end"": 1307, ""text"": ""Secretary of Defense Robert Gates himself acknowledges the war on terrorism started in Afghanistan and it needs to end there"", ""reason_text"": """", ""reason_choices"": [""attribution"", ""geopolitics"", ""defense/military"", ""terrorism""]}, {""start"": 1709, ""end"": 1817, ""text"": ""the commanders in Afghanistan, as well as Admiral Mullen, have acknowledged that we don’t have enough troops"", ""reason_text"": """", ""reason_choices"": [""attribution"", ""geopolitics"", ""defense/military""]}, {""start"": 1851, ""end"": 1913, ""text"": ""we still have more troops in Iraq than we did before the surge"", ""reason_text"": """", ""reason_choices"": [""comparative/temporal"", ""geopolitics"", ""defense/military""]}]",
2008092600042,20080926_obama_mccain,OBAMA,"John, you want to give oil companies another $4 billion.",True,"[{""start"": 6, ""end"": 55, ""text"": ""you want to give oil companies another $4 billion"", ""reason_text"": """", ""reason_choices"": [""numerical absolute"", ""attribution"", ""stance/support"", ""energy""]}]",
2008092600133,20080926_obama_mccain,OBAMA,"Look, I mean, Senator McCain keeps on using this example that suddenly the president would just meet with somebody without doing any preparation, without having low-level talks. Nobody’s been talking about that, and Senator McCain knows it. This is a mischaracterization of my position. When we talk about preconditions — and Henry Kissinger did say we should have contacts without preconditions — the idea is that we do not expect to solve every problem before we initiate talks. And, you know, the Bush administration has come to recognize that it hasn’t worked, this notion that we are simply silent when it comes to our enemies. And the notion that we would sit with Ahmadinejad and not say anything while he’s spewing his nonsense and his vile comments is ridiculous. Nobody is even talking about that.",True,"[{""start"": 326, ""end"": 395, ""text"": ""Henry Kissinger did say we should have contacts without preconditions"", ""reason_text"": """", ""reason_choices"": [""attribution"", ""geopolitics""]}, {""start"": 496, ""end"": 563, ""text"": ""the Bush administration has come to recognize that it hasn’t worked"", ""reason_text"": """", ""reason_choices"": [""attribution"", ""geopolitics""]}]",
2008092600087,20080926_obama_mccain,OBAMA,"Look, I’m very proud of my vice presidential selection, Joe Biden, who is the chairman of the Senate Foreign Relations Committee, and as he explains, and as John well knows, the issues of Afghanistan, the issues of Iraq, critical issues like that, don’t go through my subcommittee because they’re done as a committee as a whole. But that’s Senate inside baseball. But let’s get back to the core issue here. Senator McCain is absolutely right that the violence has been reduced as a consequence of the extraordinary sacrifice of our troops and our military families. They have done a brilliant job, and General Petraeus has done a brilliant job. But understand, that was a tactic designed to contain the damage of the previous four years of mismanagement of this war. And so John likes — John, you like to pretend like the war started in 2007. You talk about the surge. The war started in 2003, and at the time when the war started, you said it was going to be quick and easy. You said we knew where the weapons of mass destruction were. You were wrong. You said that we were going to be greeted as liberators. You were wrong. You said that there was no history of violence between Shia and Sunni. And you were wrong. And so my question is… (CROSSTALK)",True,"[{""start"": 932, ""end"": 974, ""text"": ""you said it was going to be quick and easy"", ""reason_text"": """", ""reason_choices"": [""attribution"", ""geopolitics""]}, {""start"": 976, ""end"": 1035, ""text"": ""You said we knew where the weapons of mass destruction were"", ""reason_text"": """", ""reason_choices"": [""attribution"", ""geopolitics"", ""nuclear warfare""]}, {""start"": 1053, ""end"": 1108, ""text"": ""You said that we were going to be greeted as liberators"", ""reason_text"": """", ""reason_choices"": [""attribution"", ""geopolitics""]}, {""start"": 1126, ""end"": 1195, ""text"": ""You said that there was no history of violence between Shia and Sunni"", ""reason_text"": """", ""reason_choices"": [""attribution"", ""geopolitics""]}]",
2008092600046,20080926_obama_mccain,OBAMA,"Look, it’s just not true. And if we want to talk about oil company profits, under your tax plan, John — this is undeniable — oil companies would get an additional $4 billion in tax breaks. Now, look, we all would love to lower taxes on everybody. But here’s the problem: If we are giving them to oil companies, then that means that there are those who are not going to be getting them. And…",True,"[{""start"": 125, ""end"": 187, ""text"": ""oil companies would get an additional $4 billion in tax breaks"", ""reason_text"": """", ""reason_choices"": [""numerical absolute"", ""forecast/projection"", ""economy"", ""energy""]}]",
2008092600038,20080926_obama_mccain,OBAMA,"My definition — here’s what I can tell the American people: 95 percent of you will get a tax cut. And if you make less than $250,000, less than a quarter-million dollars a year, then you will not see one dime’s worth of tax increase. Now, John mentioned the fact that business taxes on paper are high in this country, and he’s absolutely right. Here’s the problem: There are so many loopholes that have been written into the tax code, oftentimes with support of Senator McCain, that we actually see our businesses pay effectively one of the lowest tax rates in the world. And what that means, then, is that there are people out there who are working every day, who are not getting a tax cut, and you want to give them more. It’s not like you want to close the loopholes. You just want to add an additional tax cut over the loopholes. And that’s a problem. Just one last point I want to make, since Senator McCain talked about providing a $5,000 health credit. Now, what he doesn’t tell you is that he intends to, for the first time in history, tax health benefits. So you may end up getting a $5,000 tax credit. Here’s the only problem: Your employer now has to pay taxes on the health care that you’re getting from your employer. And if you end up losing your health care from your employer, you’ve got to go out on the open market and try to buy it. It is not a good deal for the American people. But it’s an example of this notion that the market can always solve everything and that the less regulation we have, the better off we’re going to be.",True,"[{""start"": 435, ""end"": 476, ""text"": ""oftentimes with support of Senator McCain"", ""reason_text"": """", ""reason_choices"": [""stance/support"", ""economy""]}, {""start"": 499, ""end"": 570, ""text"": ""our businesses pay effectively one of the lowest tax rates in the world"", ""reason_text"": """", ""reason_choices"": [""vague quantitative"", ""ranking"", ""economy""]}, {""start"": 998, ""end"": 1063, ""text"": ""he intends to, for the first time in history, tax health benefits"", ""reason_text"": """", ""reason_choices"": [""stance/support"", ""economy"", ""medicine""]}, {""start"": 1137, ""end"": 1229, ""text"": ""Your employer now has to pay taxes on the health care that you’re getting from your employer"", ""reason_text"": """", ""reason_choices"": [""economy"", ""medicine""]}]",
2008092600152,20080926_obama_mccain,OBAMA,"No, actually, I think Senator McCain and I agree for the most part on these issues. Obviously, I disagree with this notion that somehow we did not forcefully object to Russians going into Georgia. I immediately said that this was illegal and objectionable. And, absolutely, I wanted a cessation of the violence, because it put an enormous strain on Georgia, and that’s why I was the first to say that we have to rebuild the Georgian economy and called for a billion dollars that has now gone in to help them rebuild. Because part of Russia’s intentions here was to weaken the economy to the point where President Saakashvili was so weakened that he might be replaced by somebody that Putin favored more. Two points I think are important to think about when it comes to Russia. Number one is we have to have foresight and anticipate some of these problems. So back in April, I warned the administration that you had Russian peacekeepers in Georgian territory. That made no sense whatsoever. And what we needed to do was replace them with international peacekeepers and a special envoy to resolve the crisis before it boiled over. That wasn’t done. But had it been done, it’s possible we could have avoided the issue. The second point I want to make is — is the issue of energy. Russia is in part resurgent and Putin is feeling powerful because of petro-dollars, as Senator McCain mentioned. That means that we, as one of the biggest consumers of oil — 25 percent of the world’s oil — have to have an energy strategy not just to deal with Russia, but to deal with many of the rogue states we’ve talked about, Iran, Venezuela. And that means, yes, increasing domestic production and off-shore drilling, but we only have 3 percent of the world’s oil supplies and we use 25 percent of the world’s oil. So we can’t simply drill our way out of the problem. What we’re going to have to do is to approach it through alternative energy, like solar, and wind, and biodiesel, and, yes, nuclear energy, clean-coal technology. And, you know, I’ve got a plan for us to make a significant investment over the next 10 years to do that. And I have to say, Senator McCain and I, I think agree on the importance of energy, but Senator McCain mentioned earlier the importance of looking at a record. Over 26 years, Senator McCain voted 23 times against alternative energy, like solar, and wind, and biodiesel. And so we — we — we’ve got to walk the walk and not just talk the talk when it comes to energy independence, because this is probably going to be just as vital for our economy and the pain that people are feeling at the pump — and, you know, winter’s coming and home heating oil — as it is our national security and the issue of climate change that’s so important.",True,"[{""start"": 197, ""end"": 255, ""text"": ""I immediately said that this was illegal and objectionable"", ""reason_text"": """", ""reason_choices"": [""attribution"", ""stance/support"", ""geopolitics""]}, {""start"": 373, ""end"": 515, ""text"": ""I was the first to say that we have to rebuild the Georgian economy and called for a billion dollars that has now gone in to help them rebuild"", ""reason_text"": """", ""reason_choices"": [""attribution"", ""stance/support"", ""geopolitics""]}, {""start"": 859, ""end"": 957, ""text"": ""back in April, I warned the administration that you had Russian peacekeepers in Georgian territory"", ""reason_text"": """", ""reason_choices"": [""attribution"", ""geopolitics""]}, {""start"": 1406, ""end"": 1480, ""text"": ""we, as one of the biggest consumers of oil — 25 percent of the world’s oil"", ""reason_text"": """", ""reason_choices"": [""statistic"", ""energy""]}, {""start"": 1704, ""end"": 1754, ""text"": ""we only have 3 percent of the world’s oil supplies"", ""reason_text"": """", ""reason_choices"": [""statistic"", ""energy""]}, {""start"": 1759, ""end"": 1795, ""text"": ""we use 25 percent of the world’s oil"", ""reason_text"": """", ""reason_choices"": [""statistic"", ""energy""]}, {""start"": 2279, ""end"": 2387, ""text"": ""Over 26 years, Senator McCain voted 23 times against alternative energy, like solar, and wind, and biodiesel"", ""reason_text"": """", ""reason_choices"": [""attribution"", ""stance/support"", ""energy"", ""environment""]}]",
2008092600048,20080926_obama_mccain,OBAMA,"No, but, John, the fact of the matter is, is that I was opposed to those tax breaks, tried to strip them out. We’ve got an energy bill on the Senate floor right now that contains some good stuff, some stuff you want, including drilling off-shore, but you’re opposed to it because it would strip away those tax breaks that have gone to oil companies.",True,"[{""start"": 50, ""end"": 83, ""text"": ""I was opposed to those tax breaks"", ""reason_text"": """", ""reason_choices"": [""stance/support"", ""economy""]}, {""start"": 251, ""end"": 271, ""text"": ""you’re opposed to it"", ""reason_text"": """", ""reason_choices"": [""stance/support"", ""energy""]}, {""start"": 280, ""end"": 348, ""text"": ""it would strip away those tax breaks that have gone to oil companies"", ""reason_text"": """", ""reason_choices"": [""causation"", ""economy"", ""energy""]}]",
2008092600135,20080926_obama_mccain,OBAMA,"No, let me tell… (CROSSTALK)",False,[],
2008092600055,20080926_obama_mccain,OBAMA,"No. As I said before, Jim, there are going to be things that end up having to be …",False,[],
2008092600112,20080926_obama_mccain,OBAMA,"Nobody talked about attacking Pakistan. Here’s what I said. And if John wants to disagree with this, he can let me know, that, if the United States has Al Qaida, bin Laden, top-level lieutenants in our sights, and Pakistan is unable or unwilling to act, then we should take them out. Now, I think that’s the right strategy; I think that’s the right policy. And, John, I — you’re absolutely right that presidents have to be prudent in what they say. But, you know, coming from you, who, you know, in the past has threatened extinction for North Korea and, you know, sung songs about bombing Iran, I don’t know, you know, how credible that is. I think this is the right strategy. Now, Senator McCain is also right that it’s difficult. This is not an easy situation. You’ve got cross-border attacks against U.S. troops. And we’ve got a choice. We could allow our troops to just be on the defensive and absorb those blows again and again and again, if Pakistan is unwilling to cooperate, or we have to start making some decisions. And the problem, John, with the strategy that’s been pursued was that, for 10 years, we coddled Musharraf, we alienated the Pakistani population, because we were anti-democratic. We had a 20th-century mindset that basically said, “Well, you know, he may be a dictator, but he’s our dictator.” And as a consequence, we lost legitimacy in Pakistan. We spent $10 billion. And in the meantime, they weren’t going after Al Qaida, and they are more powerful now than at any time since we began the war in Afghanistan. That’s going to change when I’m president of the United States.",True,"[{""start"": 496, ""end"": 549, ""text"": ""in the past has threatened extinction for North Korea"", ""reason_text"": """", ""reason_choices"": [""attribution"", ""geopolitics""]}, {""start"": 565, ""end"": 594, ""text"": ""sung songs about bombing Iran"", ""reason_text"": """", ""reason_choices"": [""attribution"", ""geopolitics"", ""defense/military""]}, {""start"": 775, ""end"": 815, ""text"": ""cross-border attacks against U.S. troops"", ""reason_text"": """", ""reason_choices"": [""geopolitics"", ""defense/military""]}, {""start"": 1374, ""end"": 1394, ""text"": ""We spent $10 billion"", ""reason_text"": """", ""reason_choices"": [""numerical absolute"", ""geopolitics""]}, {""start"": 1456, ""end"": 1537, ""text"": ""they are more powerful now than at any time since we began the war in Afghanistan"", ""reason_text"": """", ""reason_choices"": [""vague quantitative"", ""geopolitics"", ""defense/military"", ""terrorism""]}]",
2008092600139,20080926_obama_mccain,OBAMA,Nobody’s talking about that.,False,[],
2008092600059,20080926_obama_mccain,OBAMA,"Not willing to give up the need to do it but there may be individual components that we can’t do. But John is right we have to make cuts. We right now give $15 billion every year as subsidies to private insurers under the Medicare system. Doesn’t work any better through the private insurers. They just skim off $15 billion. That was a give away and part of the reason is because lobbyists are able to shape how Medicare works. They did it on the Medicaid prescription drug bill and we have to change the culture. Tom — or John mentioned me being wildly liberal. Mostly that’s just me opposing George Bush’s wrong headed policies since I’ve been in Congress but I think it is that it is also important to recognize I worked with Tom Coburn, the most conservative, one of the most conservative Republicans who John already mentioned to set up what we call a Google for government saying we’ll list every dollar of federal spending to make sure that the taxpayer can take a look and see who, in fact, is promoting some of these spending projects that John’s been railing about.",True,"[{""start"": 138, ""end"": 237, ""text"": ""We right now give $15 billion every year as subsidies to private insurers under the Medicare system"", ""reason_text"": """", ""reason_choices"": [""numerical absolute"", ""medicine""]}, {""start"": 428, ""end"": 478, ""text"": ""They did it on the Medicaid prescription drug bill"", ""reason_text"": """", ""reason_choices"": [""attribution"", ""medicine"", ""politics""]}, {""start"": 715, ""end"": 739, ""text"": ""I worked with Tom Coburn"", ""reason_text"": """", ""reason_choices"": [""attribution"", ""politics""]}]",
2008092600183,20080926_obama_mccain,OBAMA,"Oh, there’s no doubt. Look, over the last eight years, this administration, along with Senator McCain, have been solely focused on Iraq. That has been their priority. That has been where all our resources have gone. In the meantime, bin Laden is still out there. He is not captured. He is not killed. Al Qaida is resurgent. In the meantime, we’ve got challenges, for example, with China, where we are borrowing billions of dollars. They now hold a trillion dollars’ worth of our debt. And they are active in countries like — in regions like Latin America, and Asia, and Africa. They are — the conspicuousness of their presence is only matched by our absence, because we’ve been focused on Iraq. We have weakened our capacity to project power around the world because we have viewed everything through this single lens, not to mention, look at our economy. We are now spending $10 billion or more every month. And that means we can’t provide health care to people who need it. We can’t invest in science and technology, which will determine whether or not we are going to be competitive in the long term. There has never been a country on Earth that saw its economy decline and yet maintained its military superiority. So this is a national security issue. We haven’t adequately funded veterans’ care. I sit on the Veterans Affairs Committee, and we’ve got — I meet veterans all across the country who are trying to figure out, “How can I get disability payments? I’ve got post-traumatic stress disorder, and yet I can’t get treatment.” So we have put all chips in, right there, and nobody is talking about losing this war. What we are talking about is recognizing that the next president has to have a broader strategic vision about all the challenges that we face. That’s been missing over the last eight years. That sense is something that I want to restore.",True,"[{""start"": 167, ""end"": 214, ""text"": ""That has been where all our resources have gone"", ""reason_text"": """", ""reason_choices"": [""geopolitics"", ""defense/military""]}, {""start"": 301, ""end"": 322, ""text"": ""Al Qaida is resurgent"", ""reason_text"": """", ""reason_choices"": [""terrorism""]}, {""start"": 381, ""end"": 430, ""text"": ""China, where we are borrowing billions of dollars"", ""reason_text"": """", ""reason_choices"": [""numerical absolute"", ""economy"", ""geopolitics""]}, {""start"": 432, ""end"": 483, ""text"": ""They now hold a trillion dollars’ worth of our debt"", ""reason_text"": """", ""reason_choices"": [""numerical absolute"", ""economy"", ""geopolitics""]}, {""start"": 856, ""end"": 907, ""text"": ""We are now spending $10 billion or more every month"", ""reason_text"": """", ""reason_choices"": [""numerical absolute"", ""economy""]}, {""start"": 1104, ""end"": 1216, ""text"": ""There has never been a country on Earth that saw its economy decline and yet maintained its military superiority"", ""reason_text"": """", ""reason_choices"": [""epistemic"", ""economy"", ""geopolitics"", ""defense/military""]}]",
2008092600127,20080926_obama_mccain,OBAMA,"Senator McCain mentioned Henry Kissinger, who’s one of his advisers, who, along with five recent secretaries of state, just said that we should meet with Iran — guess what — without precondition. This is one of your own advisers. Now, understand what this means “without preconditions.” It doesn’t mean that you invite them over for tea one day. What it means is that we don’t do what we’ve been doing, which is to say, “Until you agree to do exactly what we say, we won’t have direct contacts with you.” There’s a difference between preconditions and preparation. Of course we’ve got to do preparations, starting with low-level diplomatic talks, and it may not work, because Iran is a rogue regime. But I will point out that I was called naive when I suggested that we need to look at exploring contacts with Iran. And you know what? President Bush recently sent a senior ambassador, Bill Burns, to participate in talks with the Europeans around the issue of nuclear weapons. Again, it may not work, but if it doesn’t work, then we have strengthened our ability to form alliances to impose the tough sanctions that Senator McCain just mentioned. And when we haven’t done it, as in North Korea — let me just take one more example — in North Korea, we cut off talks. They’re a member of the axis of evil. We can’t deal with them. And you know what happened? They went — they quadrupled their nuclear capacity. They tested a nuke. They tested missiles. They pulled out of the nonproliferation agreement. And they sent nuclear secrets, potentially, to countries like Syria. When we re-engaged — because, again, the Bush administration reversed course on this — then we have at least made some progress, although right now, because of the problems in North Korea, we are seeing it on shaky ground. And — and I just — so I just have to make this general point that the Bush administration, some of Senator McCain’s own advisers all think this is important, and Senator McCain appears resistant. He even said the other day that he would not meet potentially with the prime minister of Spain, because he — you know, he wasn’t sure whether they were aligned with us. I mean, Spain? Spain is a NATO ally.",True,"[{""start"": 74, ""end"": 158, ""text"": ""along with five recent secretaries of state, just said that we should meet with Iran"", ""reason_text"": """", ""reason_choices"": [""attribution"", ""geopolitics""]}, {""start"": 835, ""end"": 975, ""text"": ""President Bush recently sent a senior ambassador, Bill Burns, to participate in talks with the Europeans around the issue of nuclear weapons"", ""reason_text"": """", ""reason_choices"": [""attribution"", ""geopolitics"", ""nuclear warfare""]}, {""start"": 1369, ""end"": 1407, ""text"": ""they quadrupled their nuclear capacity"", ""reason_text"": """", ""reason_choices"": [""numerical absolute"", ""nuclear warfare""]}, {""start"": 1409, ""end"": 1427, ""text"": ""They tested a nuke"", ""reason_text"": """", ""reason_choices"": [""nuclear warfare""]}, {""start"": 1451, ""end"": 1500, ""text"": ""They pulled out of the nonproliferation agreement"", ""reason_text"": """", ""reason_choices"": [""geopolitics"", ""nuclear warfare""]}, {""start"": 1506, ""end"": 1569, ""text"": ""they sent nuclear secrets, potentially, to countries like Syria"", ""reason_text"": """", ""reason_choices"": [""geopolitics"", ""nuclear warfare""]}, {""start"": 1608, ""end"": 1655, ""text"": ""the Bush administration reversed course on this"", ""reason_text"": """", ""reason_choices"": [""attribution"", ""stance/support""]}, {""start"": 1990, ""end"": 2084, ""text"": ""He even said the other day that he would not meet potentially with the prime minister of Spain"", ""reason_text"": """", ""reason_choices"": [""attribution"", ""geopolitics""]}]",
2008092600126,20080926_obama_mccain,OBAMA,"So let’s talk about this. First of all, Ahmadinejad is not the most powerful person in Iran. So he may not be the right person to talk to. But I reserve the right, as president of the United States to meet with anybody at a time and place of my choosing if I think it’s going to keep America safe. And I’m glad that Senator McCain brought up the history, the bipartisan history of us engaging in direct diplomacy.",True,"[{""start"": 40, ""end"": 91, ""text"": ""Ahmadinejad is not the most powerful person in Iran"", ""reason_text"": """", ""reason_choices"": [""ranking"", ""geopolitics""]}]",
2008092600156,20080926_obama_mccain,OBAMA,"That’s just not true, John. John, I’m sorry, but that’s not true.",False,[],
2008092600101,20080926_obama_mccain,OBAMA,That’s not the case.,False,[],
2008092600044,20080926_obama_mccain,OBAMA,"That’s not true, John. That’s not true.",False,[],
2008092600065,20080926_obama_mccain,OBAMA,"The problem with a spending freeze is you’re using a hatchet where you need a scalpel. There are some programs that are very important that are under funded. I went to increase early childhood education and the notion that we should freeze that when there may be, for example, this Medicare subsidy, I think, doesn’t make sense. Let me tell you another place to look for some savings. We are currently spending $10 billion a month in Iraq when they have a $79 billion surplus. It seems to me that if we’re going to be strong at home as well as strong abroad, that we have to look at bringing that war to a close.",True,"[{""start"": 385, ""end"": 438, ""text"": ""We are currently spending $10 billion a month in Iraq"", ""reason_text"": """", ""reason_choices"": [""numerical absolute"", ""geopolitics""]}, {""start"": 444, ""end"": 475, ""text"": ""they have a $79 billion surplus"", ""reason_text"": """", ""reason_choices"": [""numerical absolute"", ""economy"", ""geopolitics""]}]",
2008092600020,20080926_obama_mccain,OBAMA,"The — and I just fundamentally disagree. And unless we are holding ourselves accountable day in, day out, not just when there’s a crisis for folks who have power and influence and can hire lobbyists, but for the nurse, the teacher, the police officer, who, frankly, at the end of each month, they’ve got a little financial crisis going on. They’re having to take out extra debt just to make their mortgage payments. We haven’t been paying attention to them. And if you look at our tax policies, it’s a classic example.",False,[],
2008092600068,20080926_obama_mccain,OBAMA,"There’s no doubt it's gonna affect our budgets. There is no doubt about it. Not only — Even if we get all $700 billion back, let’s assume the markets recover, we’re holding assets long enough that eventually taxpayers get it back and that happened during the Great Depression when Roosevelt purchased a whole bunch of homes, over time, home values went back up and in fact government made a profit. If we’re lucky and we do it right, that could potentially happen but in the short term there’s an outlay and we may not see that money for a while. And because of the economy’s slowing down, I think we can also expect less tax revenue so there’s no doubt that as president I’m going to have to make some tough decision. The only point I want to make is this, that in order to make those tough decisions we have to know what our values are and who we’re fighting for and what our priorities are and if we are spending $300 billion on tax cuts for people who don’t need them and weren’t even asking for them, and we are leaving out health care which is crushing on people all across the country, then I think we have made a bad decision and I want to make sure we’re not shortchanging our long term priorities.",True,"[{""start"": 234, ""end"": 397, ""text"": ""that happened during the Great Depression when Roosevelt purchased a whole bunch of homes, over time, home values went back up and in fact government made a profit"", ""reason_text"": """", ""reason_choices"": [""attribution"", ""economy""]}, {""start"": 900, ""end"": 940, ""text"": ""we are spending $300 billion on tax cuts"", ""reason_text"": """", ""reason_choices"": [""numerical absolute"", ""economy""]}]",
2008092600005,20080926_obama_mccain,OBAMA,"We haven’t seen the language yet. And I do think that there’s constructive work being done out there. So, for the viewers who are watching, I am optimistic about the capacity of us to come together with a plan. The question, I think, that we have to ask ourselves is, how did we get into this situation in the first place? Two years ago, I warned that, because of the subprime lending mess, because of the lax regulation, that we were potentially going to have a problem and tried to stop some of the abuses in mortgages that were taking place at the time. Last year, I wrote to the secretary of the Treasury to make sure that he understood the magnitude of this problem and to call on him to bring all the stakeholders together to try to deal with it. So — so the question, I think, that we’ve got to ask ourselves is, yes, we’ve got to solve this problem short term. And we are going to have to intervene; there’s no doubt about that. But we’re also going to have to look at, how is it that we shredded so many regulations? We did not set up a 21st-century regulatory framework to deal with these problems. And that in part has to do with an economic philosophy that says that regulation is always bad.",True,"[{""start"": 323, ""end"": 470, ""text"": ""Two years ago, I warned that, because of the subprime lending mess, because of the lax regulation, that we were potentially going to have a problem"", ""reason_text"": """", ""reason_choices"": [""attribution"", ""economy""]}, {""start"": 475, ""end"": 555, ""text"": ""tried to stop some of the abuses in mortgages that were taking place at the time"", ""reason_text"": """", ""reason_choices"": [""attribution"", ""economy""]}]",
2008092600137,20080926_obama_mccain,OBAMA,We will take a look.,False,[],
2008092600013,20080926_obama_mccain,OBAMA,"Well, I think Senator McCain’s absolutely right that we need more responsibility, but we need it not just when there’s a crisis. I mean, we’ve had years in which the reigning economic ideology has been what’s good for Wall Street, but not what’s good for Main Street. And there are folks out there who’ve been struggling before this crisis took place. And that’s why it’s so important, as we solve this short-term problem, that we look at some of the underlying issues that have led to wages and incomes for ordinary Americans to go down, the — a health care system that is broken, energy policies that are not working, because, you know, 10 days ago, John said that the fundamentals of the economy are sound.",True,"[{""start"": 137, ""end"": 229, ""text"": ""we’ve had years in which the reigning economic ideology has been what’s good for Wall Street"", ""reason_text"": """", ""reason_choices"": [""economy""]}, {""start"": 439, ""end"": 618, ""text"": ""some of the underlying issues that have led to wages and incomes for ordinary Americans to go down, the — a health care system that is broken, energy policies that are not working"", ""reason_text"": """", ""reason_choices"": [""causation"", ""economy"", ""medicine""]}, {""start"": 639, ""end"": 708, ""text"": ""10 days ago, John said that the fundamentals of the economy are sound"", ""reason_text"": """", ""reason_choices"": [""attribution"", ""economy""]}]",
2008092600147,20080926_obama_mccain,OBAMA,"Well, I think that, given what’s happened over the last several weeks and months, our entire Russian approach has to be evaluated, because a resurgent and very aggressive Russia is a threat to the peace and stability of the region. Their actions in Georgia were unacceptable. They were unwarranted. And at this point, it is absolutely critical for the next president to make clear that we have to follow through on our six-party — or the six-point cease-fire. They have to remove themselves from South Ossetia and Abkhazia. It is absolutely important that we have a unified alliance and that we explain to the Russians that you cannot be a 21st-century superpower, or power, and act like a 20th-century dictatorship. And we also have to affirm all the fledgling democracies in that region, you know, the Estonians, the Lithuanians, the Latvians, the Poles, the Czechs, that we are, in fact, going to be supportive and in solidarity with them in their efforts. They are members of NATO. And to countries like Georgia and the Ukraine, I think we have to insist that they are free to join NATO if they meet the requirements, and they should have a membership action plan immediately to start bringing them in. Now, we also can’t return to a Cold War posture with respect to Russia. It’s important that we recognize there are going to be some areas of common interest. One is nuclear proliferation. They have not only 15,000 nuclear warheads, but they’ve got enough to make another 40,000, and some of those loose nukes could fall into the hands of Al Qaida. This is an area where I’ve led on in the Senate, working with a Republican ranking member of the Senate Foreign Relations Committee, Dick Lugar, to deal with the proliferation of loose nuclear weapons. That’s an area where we’re going to have to work with Russia. But we have to have a president who is clear that you don’t deal with Russia based on staring into his eyes and seeing his soul. You deal with Russia based on, what are your — what are the national security interests of the United States of America? And we have to recognize that the way they’ve been behaving lately demands a sharp response from the international community and our allies.",True,"[{""start"": 1395, ""end"": 1484, ""text"": ""They have not only 15,000 nuclear warheads, but they’ve got enough to make another 40,000"", ""reason_text"": """", ""reason_choices"": [""numerical absolute"", ""forecast/projection"", ""nuclear warfare""]}, {""start"": 1555, ""end"": 1755, ""text"": ""This is an area where I’ve led on in the Senate, working with a Republican ranking member of the Senate Foreign Relations Committee, Dick Lugar, to deal with the proliferation of loose nuclear weapons"", ""reason_text"": """", ""reason_choices"": [""attribution"", ""stance/support"", ""politics"", ""geopolitics"", ""nuclear warfare""]}]",
2008092600026,20080926_obama_mccain,OBAMA,"Well, Senator McCain is absolutely right that the earmarks process has been abused, which is why I suspended any requests for my home state, whether it was for senior centers or what have you, until we cleaned it up. And he’s also right that oftentimes lobbyists and special interests are the ones that are introducing these kinds of requests, although that wasn’t the case with me. But let’s be clear: Earmarks account for $18 billion in last year’s budget. Senator McCain is proposing — and this is a fundamental difference between us — $300 billion in tax cuts to some of the wealthiest corporations and individuals in the country, $300 billion. Now, $18 billion is important; $300 billion is really important. And in his tax plan, you would have CEOs of Fortune 500 companies getting an average of $700,000 in reduced taxes, while leaving 100 million Americans out. So my attitude is, we’ve got to grow the economy from the bottom up. What I’ve called for is a tax cut for 95 percent of working families, 95 percent. And that means that the ordinary American out there who’s collecting a paycheck every day, they’ve got a little extra money to be able to buy a computer for their kid, to fill up on this gas that is killing them. And over time, that, I think, is going to be a better recipe for economic growth than the — the policies of President Bush that John McCain wants to — wants to follow.",True,"[{""start"": 97, ""end"": 139, ""text"": ""I suspended any requests for my home state"", ""reason_text"": """", ""reason_choices"": [""attribution"", ""politics""]}, {""start"": 242, ""end"": 342, ""text"": ""oftentimes lobbyists and special interests are the ones that are introducing these kinds of requests"", ""reason_text"": """", ""reason_choices"": [""vague quantitative"", ""politics""]}, {""start"": 403, ""end"": 457, ""text"": ""Earmarks account for $18 billion in last year’s budget"", ""reason_text"": """", ""reason_choices"": [""numerical absolute"", ""economy"", ""politics""]}, {""start"": 459, ""end"": 647, ""text"": ""Senator McCain is proposing — and this is a fundamental difference between us — $300 billion in tax cuts to some of the wealthiest corporations and individuals in the country, $300 billion"", ""reason_text"": ""? how to deal with the part between hyphens"", ""reason_choices"": [""numerical absolute"", ""stance/support"", ""economy""]}, {""start"": 718, ""end"": 827, ""text"": ""in his tax plan, you would have CEOs of Fortune 500 companies getting an average of $700,000 in reduced taxes"", ""reason_text"": """", ""reason_choices"": [""numerical absolute"", ""forecast/projection"", ""attribution"", ""economy""]}]",
2008092600178,20080926_obama_mccain,OBAMA,"Well, first of all, I think that we are safer in some ways. Obviously, we’ve poured billions of dollars into airport security. We have done some work in terms of securing potential targets, but we still have a long way to go. We’ve got to make sure that we’re hardening our chemical sites. We haven’t done enough in terms of transit; we haven’t done enough in terms of ports. And the biggest threat that we face right now is not a nuclear missile coming over the skies. It’s in a suitcase. This is why the issue of nuclear proliferation is so important. It is the — the biggest threat to the United States is a terrorist getting their hands on nuclear weapons. And we — we are spending billions of dollars on missile defense. And I actually believe that we need missile defense, because of Iran and North Korea and the potential for them to obtain or to launch nuclear weapons, but I also believe that, when we are only spending a few hundred million dollars on nuclear proliferation, then we’re making a mistake. The other thing that we have to focus on, though, is Al Qaida. They are now operating in 60 countries. We can’t simply be focused on Iraq. We have to go to the root cause, and that is in Afghanistan and Pakistan. That’s going to be critical. We are going to need more cooperation with our allies. And one last point I want to make. It is important for us to understand that the way we are perceived in the world is going to make a difference, in terms of our capacity to get cooperation and root out terrorism. And one of the things that I intend to do as president is to restore America’s standing in the world. We are less respected now than we were eight years ago or even four years ago.",True,"[{""start"": 71, ""end"": 125, ""text"": ""we’ve poured billions of dollars into airport security"", ""reason_text"": """", ""reason_choices"": [""numerical absolute"", ""terrorism""]}, {""start"": 670, ""end"": 724, ""text"": ""we are spending billions of dollars on missile defense"", ""reason_text"": """", ""reason_choices"": [""numerical absolute"", ""defense/military"", ""nuclear warfare""]}, {""start"": 908, ""end"": 983, ""text"": ""we are only spending a few hundred million dollars on nuclear proliferation"", ""reason_text"": """", ""reason_choices"": [""numerical absolute"", ""nuclear warfare""]}, {""start"": 1077, ""end"": 1115, ""text"": ""They are now operating in 60 countries"", ""reason_text"": """", ""reason_choices"": [""numerical absolute"", ""geopolitics"", ""terrorism""]}, {""start"": 1190, ""end"": 1225, ""text"": ""that is in Afghanistan and Pakistan"", ""reason_text"": """", ""reason_choices"": [""geopolitics"", ""terrorism""]}]",
2008092600123,20080926_obama_mccain,OBAMA,"Well, let me just correct something very quickly. I believe the Republican Guard of Iran is a terrorist organization. I’ve consistently said so. What Senator McCain refers to is a measure in the Senate that would try to broaden the mandate inside of Iraq. To deal with Iran. And ironically, the single thing that has strengthened Iran over the last several years has been the war in Iraq. Iraq was Iran’s mortal enemy. That was cleared away. And what we’ve seen over the last several years is Iran’s influence grow. They have funded Hezbollah, they have funded Hamas, they have gone from zero centrifuges to 4,000 centrifuges to develop a nuclear weapon. So obviously, our policy over the last eight years has not worked. Senator McCain is absolutely right, we cannot tolerate a nuclear Iran. It would be a game changer. Not only would it threaten Israel, a country that is our stalwart ally, but it would also create an environment in which you could set off an arms race in this Middle East. Now here’s what we need to do. We do need tougher sanctions. I do not agree with Senator McCain that we’re going to be able to execute the kind of sanctions we need without some cooperation with countries like Russia and China that are, I think Senator McCain would agree, not democracies, but have extensive trade with Iran but potentially have an interest in making sure Iran doesn’t have a nuclear weapon. But we are also going to have to, I believe, engage in tough direct diplomacy with Iran and this is a major difference I have with Senator McCain, this notion that by not talking to people we are punishing them has not worked. It has not worked in Iran, it has not worked in North Korea. In each instance, our efforts at isolation have actually accelerated their efforts to get nuclear weapons. That will change when I’m president of the United States.",True,"[{""start"": 118, ""end"": 143, ""text"": ""I’ve consistently said so"", ""reason_text"": """", ""reason_choices"": [""stance/support"", ""geopolitics"", ""terrorism""]}, {""start"": 291, ""end"": 387, ""text"": ""the single thing that has strengthened Iran over the last several years has been the war in Iraq"", ""reason_text"": """", ""reason_choices"": [""ranking"", ""geopolitics"", ""defense/military""]}, {""start"": 446, ""end"": 514, ""text"": ""what we’ve seen over the last several years is Iran’s influence grow"", ""reason_text"": """", ""reason_choices"": [""geopolitics""]}, {""start"": 516, ""end"": 566, ""text"": ""They have funded Hezbollah, they have funded Hamas"", ""reason_text"": """", ""reason_choices"": [""geopolitics"", ""terrorism""]}, {""start"": 568, ""end"": 653, ""text"": ""they have gone from zero centrifuges to 4,000 centrifuges to develop a nuclear weapon"", ""reason_text"": """", ""reason_choices"": [""numerical absolute"", ""comparative/temporal"", ""geopolitics"", ""nuclear warfare""]}, {""start"": 1691, ""end"": 1796, ""text"": ""In each instance, our efforts at isolation have actually accelerated their efforts to get nuclear weapons"", ""reason_text"": """", ""reason_choices"": [""geopolitics"", ""nuclear warfare""]}]",
2008092600185,20080926_obama_mccain,OBAMA,"Well, let me just make a closing point. You know, my father came from Kenya. That’s where I get my name. And in the ’60s, he wrote letter after letter to come to college here in the United States because the notion was that there was no other country on Earth where you could make it if you tried. The ideals and the values of the United States inspired the entire world. I don’t think any of us can say that our standing in the world now, the way children around the world look at the United States, is the same. And part of what we need to do, what the next president has to do — and this is part of our judgment, this is part of how we’re going to keep America safe — is to — to send a message to the world that we are going to invest in issues like education, we are going to invest in issues that — that relate to how ordinary people are able to live out their dreams. And that is something that I’m going to be committed to as president of the United States.",False,[],
2008092600036,20080926_obama_mccain,OBAMA,"Well, let me just make a couple of points.",False,[],
2008092600001,20080926_obama_mccain,OBAMA,"Well, thank you very much, Jim, and thanks to the commission and the University of Mississippi, Ole Miss, for hosting us tonight. I can’t think of a more important time for us to talk about the future of the country. You know, we are at a defining moment in our history. Our nation is involved in two wars, and we are going through the worst financial crisis since the Great Depression. And although we’ve heard a lot about Wall Street, those of you on Main Street I think have been struggling for a while, and you recognize that this could have an impact on all sectors of the economy. And you’re wondering, how’s it going to affect me? How’s it going to affect my job? How’s it going to affect my house? How’s it going to affect my retirement savings or my ability to send my children to college? So we have to move swiftly, and we have to move wisely. And I’ve put forward a series of proposals that make sure that we protect taxpayers as we engage in this important rescue effort. Number one, we’ve got to make sure that we’ve got oversight over this whole process; $700 billion, potentially, is a lot of money. Number two, we’ve got to make sure that taxpayers, when they are putting their money at risk, have the possibility of getting that money back and gains, if the market — and when the market returns. Number three, we’ve got to make sure that none of that money is going to pad CEO bank accounts or to promote golden parachutes. And, number four, we’ve got to make sure that we’re helping homeowners, because the root problem here has to do with the foreclosures that are taking place all across the country. Now, we also have to recognize that this is a final verdict on eight years of failed economic policies promoted by George Bush, supported by Senator McCain, a theory that basically says that we can shred regulations and consumer protections and give more and more to the most, and somehow prosperity will trickle down. It hasn’t worked. And I think that the fundamentals of the economy have to be measured by whether or not the middle class is getting a fair shake. That’s why I’m running for president, and that’s what I hope we’re going to be talking about tonight.",True,"[{""start"": 311, ""end"": 385, ""text"": ""we are going through the worst financial crisis since the Great Depression"", ""reason_text"": """", ""reason_choices"": [""ranking"", ""economy""]}, {""start"": 1522, ""end"": 1620, ""text"": ""the root problem here has to do with the foreclosures that are taking place all across the country"", ""reason_text"": """", ""reason_choices"": [""causation"", ""economy""]}, {""start"": 1750, ""end"": 1777, ""text"": ""supported by Senator McCain"", ""reason_text"": """", ""reason_choices"": [""stance/support"", ""economy""]}]",
2008092600017,20080926_obama_mccain,OBAMA,"Well, the — John, 10 days ago, you said that the fundamentals of the economy are sound. And…",True,"[{""start"": 18, ""end"": 86, ""text"": ""10 days ago, you said that the fundamentals of the economy are sound"", ""reason_text"": """", ""reason_choices"": [""attribution"", ""economy""]}]",
2008092600050,20080926_obama_mccain,OBAMA,"Well, there are a range of things that are probably going to have to be delayed. We don’t yet know what our tax revenues are going to be. The economy is slowing down, so it’s hard to anticipate right now what the budget is going to look like next year. But there’s no doubt that we’re not going to be able to do everything that I think needs to be done. There are some things that I think have to be done. We have to have energy independence, so I’ve put forward a plan to make sure that, in 10 years’ time, we have freed ourselves from dependence on Middle Eastern oil by increasing production at home, but most importantly by starting to invest in alternative energy, solar, wind, biodiesel, making sure that we’re developing the fuel-efficient cars of the future right here in the United States, in Ohio and Michigan, instead of Japan and South Korea. We have to fix our health care system, which is putting an enormous burden on families. Just — a report just came out that the average deductible went up 30 percent on American families. They are getting crushed, and many of them are going bankrupt as a consequence of health care. I’m meeting folks all over the country. We have to do that now, because it will actually make our businesses and our families better off. The third thing we have to do is we’ve got to make sure that we’re competing in education. We’ve got to invest in science and technology. China had a space launch and a space walk. We’ve got to make sure that our children are keeping pace in math and in science. And one of the things I think we have to do is make sure that college is affordable for every young person in America. And I also think that we’re going to have to rebuild our infrastructure, which is falling behind, our roads, our bridges, but also broadband lines that reach into rural communities. Also, making sure that we have a new electricity grid to get the alternative energy to population centers that are using them. So there are some — some things that we’ve got to do structurally to make sure that we can compete in this global economy. We can’t shortchange those things. We’ve got to eliminate programs that don’t work, and we’ve got to make sure that the programs that we do have are more efficient and cost less.",True,"[{""start"": 978, ""end"": 1040, ""text"": ""the average deductible went up 30 percent on American families"", ""reason_text"": """", ""reason_choices"": [""numerical absolute"", ""economy""]}]",
2008092600077,20080926_obama_mccain,OBAMA,"Well, this is an area where Senator McCain and I have a fundamental difference because I think the first question is whether we should have gone into the war in the first place. Now six years ago, I stood up and opposed this war at a time when it was politically risky to do so because I said that not only did we not know how much it was going to cost, what our exit strategy might be, how it would affect our relationships around the world, and whether our intelligence was sound, but also because we hadn’t finished the job in Afghanistan. We hadn’t caught bin Laden. We hadn’t put al Qaeda to rest, and as a consequence, I thought that it was going to be a distraction. Now Senator McCain and President Bush had a very different judgment. And I wish I had been wrong for the sake of the country and they had been right, but that’s not the case. We’ve spent over $600 billion so far, soon to be $1 trillion. We have lost over 4,000 lives. We have seen 30,000 wounded, and most importantly, from a strategic national security perspective, al Qaeda is resurgent, stronger now than at any time since 2001. We took our eye off the ball. And not to mention that we are still spending $10 billion a month, when they have a $79 billion surplus, at a time when we are in great distress here at home, and we just talked about the fact that our budget is way overstretched and we are borrowing money from overseas to try to finance just some of the basic functions of our government. So I think the lesson to be drawn is that we should never hesitate to use military force, and I will not, as president, in order to keep the American people safe. But we have to use our military wisely. And we did not use our military wisely in Iraq.",True,"[{""start"": 182, ""end"": 228, ""text"": ""six years ago, I stood up and opposed this war"", ""reason_text"": """", ""reason_choices"": [""attribution"", ""stance/support"", ""geopolitics""]}, {""start"": 849, ""end"": 885, ""text"": ""We’ve spent over $600 billion so far"", ""reason_text"": """", ""reason_choices"": [""numerical absolute"", ""geopolitics"", ""other""]}, {""start"": 911, ""end"": 940, ""text"": ""We have lost over 4,000 lives"", ""reason_text"": """", ""reason_choices"": [""numerical absolute"", ""geopolitics"", ""other""]}, {""start"": 942, ""end"": 969, ""text"": ""We have seen 30,000 wounded"", ""reason_text"": """", ""reason_choices"": [""numerical absolute"", ""geopolitics"", ""other""]}, {""start"": 1160, ""end"": 1201, ""text"": ""we are still spending $10 billion a month"", ""reason_text"": """", ""reason_choices"": [""numerical absolute"", ""geopolitics""]}, {""start"": 1208, ""end"": 1239, ""text"": ""they have a $79 billion surplus"", ""reason_text"": """", ""reason_choices"": [""numerical absolute"", ""economy"", ""geopolitics""]}, {""start"": 1370, ""end"": 1475, ""text"": ""we are borrowing money from overseas to try to finance just some of the basic functions of our government"", ""reason_text"": """", ""reason_choices"": [""economy""]}]",
2008092600103,20080926_obama_mccain,OBAMA,What he said was a precipitous…,False,[],
2008092600085,20080926_obama_mccain,OBAMA,Which point? He raised a whole bunch of them.,False,[],
2008092600109,20080926_obama_mccain,OBAMA,"Yes, I think we need more troops. I’ve been saying that for over a year now. And I think that we have to do it as quickly as possible, because it’s been acknowledged by the commanders on the ground the situation is getting worse, not better. We had the highest fatalities among U.S. troops this past year than at any time since 2002. And we are seeing a major offensive taking place — Al Qaida and Taliban crossing the border and attacking our troops in a brazen fashion. They are feeling emboldened. And we cannot separate Afghanistan from Iraq, because what our commanders have said is we don’t have the troops right now to deal with Afghanistan. So I would send two to three additional brigades to Afghanistan. Now, keep in mind that we have four times the number of troops in Iraq, where nobody had anything to do with 9/11 before we went in, where, in fact, there was no Al Qaida before we went in, but we have four times more troops there than we do in Afghanistan. And that is a strategic mistake, because every intelligence agency will acknowledge that Al Qaida is the greatest threat against the United States and that Secretary of Defense Gates acknowledged the central front — that the place where we have to deal with these folks is going to be in Afghanistan and in Pakistan. So here’s what we have to do comprehensively, though. It’s not just more troops. We have to press the Afghan government to make certain that they are actually working for their people. And I’ve said this to President Karzai. Number two, we’ve got to deal with a growing poppy trade that has exploded over the last several years. Number three, we’ve got to deal with Pakistan, because Al Qaida and the Taliban have safe havens in Pakistan, across the border in the northwest regions, and although, you know, under George Bush, with the support of Senator McCain, we’ve been giving them $10 billion over the last seven years, they have not done what needs to be done to get rid of those safe havens. And until we do, Americans here at home are not going to be safe.",True,"[{""start"": 34, ""end"": 75, ""text"": ""I’ve been saying that for over a year now"", ""reason_text"": """", ""reason_choices"": [""attribution"", ""geopolitics"", ""defense/military""]}, {""start"": 143, ""end"": 228, ""text"": ""it’s been acknowledged by the commanders on the ground the situation is getting worse"", ""reason_text"": """", ""reason_choices"": [""attribution"", ""geopolitics"", ""defense/military"", ""other""]}, {""start"": 242, ""end"": 332, ""text"": ""We had the highest fatalities among U.S. troops this past year than at any time since 2002"", ""reason_text"": """", ""reason_choices"": [""numerical absolute"", ""comparative/temporal"", ""ranking"", ""geopolitics"", ""defense/military""]}, {""start"": 385, ""end"": 450, ""text"": ""Al Qaida and Taliban crossing the border and attacking our troops"", ""reason_text"": """", ""reason_choices"": [""geopolitics"", ""defense/military"", ""terrorism""]}, {""start"": 737, ""end"": 784, ""text"": ""we have four times the number of troops in Iraq"", ""reason_text"": """", ""reason_choices"": [""numerical absolute"", ""geopolitics"", ""defense/military"", ""other""]}, {""start"": 786, ""end"": 902, ""text"": ""where nobody had anything to do with 9/11 before we went in, where, in fact, there was no Al Qaida before we went in"", ""reason_text"": """", ""reason_choices"": [""geopolitics"", ""defense/military"", ""terrorism""]}, {""start"": 908, ""end"": 970, ""text"": ""we have four times more troops there than we do in Afghanistan"", ""reason_text"": """", ""reason_choices"": [""numerical absolute"", ""geopolitics"", ""defense/military"", ""other""]}, {""start"": 1128, ""end"": 1287, ""text"": ""Secretary of Defense Gates acknowledged the central front — that the place where we have to deal with these folks is going to be in Afghanistan and in Pakistan"", ""reason_text"": """", ""reason_choices"": [""attribution"", ""geopolitics"", ""terrorism""]}, {""start"": 1549, ""end"": 1616, ""text"": ""a growing poppy trade that has exploded over the last several years"", ""reason_text"": """", ""reason_choices"": [""vague quantitative"", ""geopolitics""]}, {""start"": 1673, ""end"": 1726, ""text"": ""Al Qaida and the Taliban have safe havens in Pakistan"", ""reason_text"": """", ""reason_choices"": [""geopolitics"", ""terrorism""]}, {""start"": 1796, ""end"": 1911, ""text"": ""under George Bush, with the support of Senator McCain, we’ve been giving them $10 billion over the last seven years"", ""reason_text"": """", ""reason_choices"": [""numerical absolute"", ""geopolitics""]}]",
2008092600057,20080926_obama_mccain,OBAMA,"… deferred and delayed. Well, look, I want to make sure that we are investing in energy in order to free ourselves from the dependence on foreign oil. That is a big project. That is a multi-year project.",True,"[{""start"": 124, ""end"": 149, ""text"": ""dependence on foreign oil"", ""reason_text"": """", ""reason_choices"": [""energy""]}]",
2008092600089,20080926_obama_mccain,OBAMA,"… of judgment, of whether or not — of whether or not — if the question is who is best-equipped as the next president to make good decisions about how we use our military, how we make sure that we are prepared and ready for the next conflict, then I think we can take a look at our judgment.",False,[],
2008092600105,20080926_obama_mccain,OBAMA,… withdrawal would be dangerous. He did not say that. That’s not true.,False,[],
2012100300204,20121003_obama_romney,OBAMA,"And so part of leadership and governing is both saying what it is that you are for, but also being willing to say no to some things. And I've got to tell you, Governor Romney, when it comes to his own party during the course of this campaign, has not displayed that willingness to say no to some of the more extreme parts of his party.",True,"[{""start"": 159, ""end"": 334, ""text"": ""Governor Romney, when it comes to his own party during the course of this campaign, has not displayed that willingness to say no to some of the more extreme parts of his party"", ""reason_text"": """", ""reason_choices"": [""stance/support"", ""politics""]}]",
2012100300017,20121003_obama_romney,OBAMA,"And that's why independent studies looking at this said the only way to meet Governor Romney's pledge of not reducing the deficit or — or — or not adding to the deficit is by burdening middle-class families. The average middle-class family with children would pay about $2,000 more. Now, that's not my analysis. That's the analysis of economists who have looked at this. And — and that kind of top — top-down economics, where folks at the top are doing well, so the average person making $3 million is getting a $250,000 tax break, while middle-class families are burdened further, that's not what I believe is a recipe for economic growth.",True,"[{""start"": 15, ""end"": 206, ""text"": ""independent studies looking at this said the only way to meet Governor Romney's pledge of not reducing the deficit or — or — or not adding to the deficit is by burdening middle-class families"", ""reason_text"": """", ""reason_choices"": [""epistemic"", ""economy""]}, {""start"": 208, ""end"": 281, ""text"": ""The average middle-class family with children would pay about $2,000 more"", ""reason_text"": """", ""reason_choices"": [""numerical absolute"", ""forecast/projection"", ""economy""]}, {""start"": 462, ""end"": 530, ""text"": ""the average person making $3 million is getting a $250,000 tax break"", ""reason_text"": """", ""reason_choices"": [""numerical absolute"", ""economy""]}]",
2012100300099,20121003_obama_romney,OBAMA,"And then what you've got is folks like my grandmother at the mercy of the private insurance system precisely at the time when they are most in need of decent health care. So, I don't think vouchers are the right way to go. And this is not my own — only my opinion. AARP thinks that the — the savings that we obtained from Medicare bolster the system, lengthen the Medicare trust fund by eight years. Benefits were not affected at all. And ironically, if you repeal Obamacare, and I have become fond of this term, “Obamacare,” if you repeal it, what happens is those seniors right away are going to be paying $600 more in prescription care. They're now going to have to be paying copays for basic checkups that can keep them healthier. And the primary beneficiary of that repeal are insurance companies that are estimated to gain billions of dollars back when they aren't making seniors any healthier. And I don't think that's the right approach when it comes to making sure that Medicare is stronger over the long term.",True,"[{""start"": 351, ""end"": 398, ""text"": ""lengthen the Medicare trust fund by eight years"", ""reason_text"": """", ""reason_choices"": [""numerical absolute"", ""forecast/projection"", ""economy"", ""medicine""]}, {""start"": 560, ""end"": 638, ""text"": ""those seniors right away are going to be paying $600 more in prescription care"", ""reason_text"": """", ""reason_choices"": [""numerical absolute"", ""forecast/projection"", ""economy"", ""medicine""]}, {""start"": 640, ""end"": 704, ""text"": ""They're now going to have to be paying copays for basic checkups"", ""reason_text"": """", ""reason_choices"": [""medicine""]}, {""start"": 739, ""end"": 853, ""text"": ""the primary beneficiary of that repeal are insurance companies that are estimated to gain billions of dollars back"", ""reason_text"": """", ""reason_choices"": [""numerical absolute"", ""forecast/projection"", ""economy"", ""medicine""]}]",
2012100300027,20121003_obama_romney,OBAMA,"And we do have a difference, though, when it comes to definitions of small business. Under — under my plan, 97 percent of small businesses would not see their income taxes go up. Governor Romney says, well, those top 3 percent, they're the job creators, they'd be burdened. But under Governor Romney's definition, there are a whole bunch of millionaires and billionaires who are small businesses. Donald Trump is a small business. Now, I know Donald Trump doesn't like to think of himself as small anything, but — but that's how you define small businesses if you're getting business income. And that kind of approach, I believe, will not grow our economy, because the only way to pay for it without either burdening the middle class or blowing up our deficit is to make drastic cuts in things like education, making sure that we are continuing to invest in basic science and research, all the things that are helping America grow. And I think that would be a mistake.",True,"[{""start"": 108, ""end"": 177, ""text"": ""97 percent of small businesses would not see their income taxes go up"", ""reason_text"": """", ""reason_choices"": [""statistic"", ""forecast/projection"", ""economy""]}]",
2012100300051,20121003_obama_romney,OBAMA,And — and that is not a right strategy for us to move forward.,False,[],
2012100300037,20121003_obama_romney,OBAMA,"Bill Clinton tried the approach that I'm talking about. We created 23 million new jobs. We went from deficit to surplus. And businesses did very well. So, in some ways, we've got some data on which approach is more likely to create jobs and opportunity for Americans and I believe that the economy works best when middle-class families are getting tax breaks so that they've got some money in their pockets, and those of us who have done extraordinarily well because of this magnificent country that we live in, that we can afford to do a little bit more to make sure we're not blowing up the deficit.",True,"[{""start"": 56, ""end"": 86, ""text"": ""We created 23 million new jobs"", ""reason_text"": """", ""reason_choices"": [""numerical absolute"", ""economy""]}, {""start"": 88, ""end"": 119, ""text"": ""We went from deficit to surplus"", ""reason_text"": """", ""reason_choices"": [""economy""]}]",
2012100300173,20121003_obama_romney,OBAMA,"But as Abraham Lincoln understood, there are also some things we do better together. So, in the middle of the Civil War, Abraham Lincoln said, let's help to finance the Transcontinental Railroad, let's start the National Academy of Sciences, let's start land grant colleges, because we want to give these gateways of opportunity for all Americans, because if all Americans are getting opportunity, we're all going to be better off. That doesn't restrict people's freedom. That enhances it. And so what I've tried to do as president is to apply those same principles. And when it comes to education what I've said is we've got to reform schools that are not working. We use something called Race to the Top. Wasn't a top-down approach, Governor. What we've said is to states, we'll give you more money if you initiate reforms. And as a consequence, you had 46 states around the country who have made a real difference. But what I've also said is let's hire another 100,000 math and science teachers to make sure we maintain our technological lead and our people are skilled and able to succeed. And hard-pressed states right now can't all do that. In fact we've seen layoffs of hundreds of thousands of teachers over the last several years, and Governor Romney doesn't think we need more teachers. I do, because I think that that is the kind of investment where the federal government can help. It can't do it all, but it can make a difference. And as a consequence we'll have a better trained workforce and that will create jobs because companies want to locate in places where we've got a skilled workforce.",True,"[{""start"": 89, ""end"": 273, ""text"": ""in the middle of the Civil War, Abraham Lincoln said, let's help to finance the Transcontinental Railroad, let's start the National Academy of Sciences, let's start land grant colleges"", ""reason_text"": """", ""reason_choices"": [""attribution"", ""science"", ""education"", ""other""]}, {""start"": 830, ""end"": 916, ""text"": ""as a consequence, you had 46 states around the country who have made a real difference"", ""reason_text"": """", ""reason_choices"": [""numerical absolute"", ""causation"", ""education""]}, {""start"": 1166, ""end"": 1238, ""text"": ""layoffs of hundreds of thousands of teachers over the last several years"", ""reason_text"": """", ""reason_choices"": [""numerical absolute"", ""education""]}]",
2012100300154,20121003_obama_romney,OBAMA,"But the fact of the matter is that some of the prescriptions that he's offered, like letting you buy insurance across state lines, there's no indication that that somehow is going to help somebody who's got a pre-existing condition be able to finally buy insurance. In fact, it's estimated that by repealing Obamacare, you're looking at 50 million people losing health insurance…",True,"[{""start"": 131, ""end"": 264, ""text"": ""there's no indication that that somehow is going to help somebody who's got a pre-existing condition be able to finally buy insurance"", ""reason_text"": """", ""reason_choices"": [""forecast/projection"", ""epistemic"", ""medicine""]}, {""start"": 275, ""end"": 378, ""text"": ""it's estimated that by repealing Obamacare, you're looking at 50 million people losing health insurance"", ""reason_text"": """", ""reason_choices"": [""numerical absolute"", ""forecast/projection"", ""medicine""]}]",
2012100300092,20121003_obama_romney,OBAMA,"First of all, I think it's important for Governor Romney to present this plan that he says will only affect folks in the future. And the essence of the plan is that you would turn Medicare into a voucher program. It's called premium support, but it's understood to be a voucher program. His running mate…",True,"[{""start"": 133, ""end"": 211, ""text"": ""the essence of the plan is that you would turn Medicare into a voucher program"", ""reason_text"": """", ""reason_choices"": [""attribution"", ""stance/support"", ""medicine""]}]",
2012100300098,20121003_obama_romney,OBAMA,"For — so if you're — if you're 54 or 55, you might want to listen 'cause this — this will affect you. The idea, which was originally presented by Congressman Ryan, your running mate, is that we would give a voucher to seniors and they could go out in the private marketplace and buy their own health insurance. The problem is that because the voucher wouldn't necessarily keep up with health care inflation, it was estimated that this would cost the average senior about $6,000 a year. Now, in fairness, what Governor Romney has now said is he'll maintain traditional Medicare alongside it. But there's still a problem, because what happens is, those insurance companies are pretty clever at figuring out who are the younger and healthier seniors. They recruit them, leaving the older, sicker seniors in Medicare. And every health care economist that looks at it says, over time, what'll happen is the traditional Medicare system will collapse.",True,"[{""start"": 408, ""end"": 484, ""text"": ""it was estimated that this would cost the average senior about $6,000 a year"", ""reason_text"": """", ""reason_choices"": [""numerical absolute"", ""economy"", ""medicine""]}, {""start"": 748, ""end"": 812, ""text"": ""They recruit them, leaving the older, sicker seniors in Medicare"", ""reason_text"": """", ""reason_choices"": [""medicine""]}]",
2012100300153,20121003_obama_romney,OBAMA,"Governor Romney said this has to be done on a bipartisan basis. This was a bipartisan idea. In fact, it was a Republican idea. And Governor Romney at the beginning of this debate wrote and said what we did in Massachusetts could be a model for the nation. And I agree that the Democratic legislators in Massachusetts might have given some advice to Republicans in Congress about how to cooperate, but the fact of the matter is, we used the same advisers, and they say it's the same plan. It — when Governor Romney talks about this board, for example, unelected board that we've created, what this is, is a group of health care experts, doctors, et cetera, to figure out, how can we reduce the cost of care in the system overall? Because there — there are two ways of dealing with our health care crisis. One is to simply leave a whole bunch of people uninsured and let them fend for themselves, to let businesses figure out how long they can continue to pay premiums until finally they just give up, and their workers are no longer getting insured, and that's been the trend line. Or, alternatively, we can figure out, how do we make the cost of care more effective? And there are ways of doing it. So at Cleveland Clinic, one of the best health care systems in the world, they actually provide great care cheaper than average. And the reason they do is because they do some smart things. They — they say, if a patient's coming in, let's get all the doctors together at once, do one test instead of having the patient run around with 10 tests. Let's make sure that we're providing preventive care so we're catching the onset of something like diabetes. Let's — let's pay providers on the basis of performance as opposed to on the basis of how many procedures they've — they've engaged in. Now, so what this board does is basically identifies best practices and says, let's use the purchasing power of Medicare and Medicaid to help to institutionalize all these good things that we do. And the fact of the matter is that, when Obamacare is fully implemented, we're going to be in a position to show that costs are going down. And over the last two years, health care premiums have gone up — it's true — but they've gone up slower than any time in the last 50 years. So we're already beginning to see progress. In the meantime, folks out there with insurance, you're already getting a rebate. Let me make one last point. Governor Romney says, we should replace it, I'm just going to repeal it, but — but we can replace it with something. But the problem is, he hasn't described what exactly we'd replace it with, other than saying we're going to leave it to the states.",True,"[{""start"": 101, ""end"": 125, ""text"": ""it was a Republican idea"", ""reason_text"": """", ""reason_choices"": [""attribution"", ""politics""]}, {""start"": 459, ""end"": 486, ""text"": ""they say it's the same plan"", ""reason_text"": """", ""reason_choices"": [""attribution"", ""politics""]}, {""start"": 1205, ""end"": 1271, ""text"": ""Cleveland Clinic, one of the best health care systems in the world"", ""reason_text"": """", ""reason_choices"": [""ranking"", ""medicine""]}, {""start"": 1273, ""end"": 1326, ""text"": ""they actually provide great care cheaper than average"", ""reason_text"": """", ""reason_choices"": [""vague quantitative"", ""comparative/temporal"", ""medicine""]}, {""start"": 1667, ""end"": 1787, ""text"": ""pay providers on the basis of performance as opposed to on the basis of how many procedures they've — they've engaged in"", ""reason_text"": """", ""reason_choices"": [""medicine""]}, {""start"": 2129, ""end"": 2187, ""text"": ""over the last two years, health care premiums have gone up"", ""reason_text"": """", ""reason_choices"": [""vague quantitative"", ""comparative/temporal"", ""economy"", ""medicine""]}, {""start"": 2206, ""end"": 2263, ""text"": ""they've gone up slower than any time in the last 50 years"", ""reason_text"": """", ""reason_choices"": [""vague quantitative"", ""ranking"", ""economy"", ""medicine""]}]",
2012100300094,20121003_obama_romney,OBAMA,I don't. And let me explain why.,False,[],
2012100300139,20121003_obama_romney,OBAMA,"I think this is a great example. The reason we have been in such a enormous economic crisis was prompted by reckless behavior across the board. Now, it wasn't just on Wall Street. You had loan officers were — that were giving loans and mortgages that really shouldn't have been given, because the folks didn't qualify. You had people who were borrowing money to buy a house that they couldn't afford. You had credit agencies that were stamping these as A1 great investments when they weren't. But you also had banks making money hand over fist, churning out products that the bankers themselves didn't even understand, in order to make big profits, but knowing that it made the entire system vulnerable. So what did we do? We stepped in and had the toughest reforms on Wall Street since the 1930s. We said you've got — banks, you've got to raise your capital requirements. You can't engage in some of this risky behavior that is putting Main Street at risk. We've going to make sure that you've got to have a living will so — so we can know how you're going to wind things down if you make a bad bet so we don't have other taxpayer bailouts.",True,"[{""start"": 327, ""end"": 399, ""text"": ""people who were borrowing money to buy a house that they couldn't afford"", ""reason_text"": """", ""reason_choices"": [""economy""]}, {""start"": 409, ""end"": 491, ""text"": ""credit agencies that were stamping these as A1 great investments when they weren't"", ""reason_text"": """", ""reason_choices"": [""economy""]}, {""start"": 745, ""end"": 796, ""text"": ""the toughest reforms on Wall Street since the 1930s"", ""reason_text"": """", ""reason_choices"": [""ranking"", ""economy""]}]",
2012100300071,20121003_obama_romney,OBAMA,"If — if we're serious, we've got to take a balanced, responsible approach. And by the way, this is not just when it comes to individual taxes. Let's talk about corporate taxes. Now, I've identified areas where we can, right away, make a change that I believe would actually help the economy. The oil industry gets $4 billion a year in corporate welfare. Basically, they get deductions that those small businesses that Governor Romney refers to, they don't get. Now, does anybody think that ExxonMobil needs some extra money, when they're making money every time you go to the pump? Why wouldn't we want to eliminate that? Why wouldn't we eliminate tax breaks for corporate jets? My attitude is, if you got a corporate jet, you can probably afford to pay full freight, not get a special break for it. When it comes to corporate taxes, Governor Romney has said he wants to, in a revenue neutral way, close loopholes, deductions — he hasn't identified which ones they are — but that thereby bring down the corporate rate. Well, I want to do the same thing, but I've actually identified how we can do that. And part of the way to do it is to not give tax breaks to companies that are shipping jobs overseas. Right now, you can actually take a deduction for moving a plant overseas. I think most Americans would say that doesn't make sense. And all that raises revenue. And so if we take a balanced approach, what that then allows us to do is also to help young people, the way we already have during my administration, make sure that they can afford to go to college.",True,"[{""start"": 292, ""end"": 352, ""text"": ""The oil industry gets $4 billion a year in corporate welfare"", ""reason_text"": """", ""reason_choices"": [""numerical absolute"", ""energy""]}, {""start"": 928, ""end"": 968, ""text"": ""he hasn't identified which ones they are"", ""reason_text"": """", ""reason_choices"": [""attribution"", ""economy""]}, {""start"": 1204, ""end"": 1276, ""text"": ""Right now, you can actually take a deduction for moving a plant overseas"", ""reason_text"": """", ""reason_choices"": [""economy"", ""energy""]}]",
2012100300140,20121003_obama_romney,OBAMA,"In the meantime, by the way, we also made sure that all the help that we provided those banks was paid back every single dime, with interest. Now, Governor Romney has said he wants to repeal Dodd-Frank. And, you know, I appreciate and it appears we've got some agreement that a marketplace to work has to have some regulation. But in the past, Governor Romney has said he just want to repeal Dodd-Frank, roll it back. And so the question is: Does anybody out there think that the big problem we had is that there was too much oversight and regulation of Wall Street? Because if you do, then Governor Romney is your candidate. But that's not what I believe.",True,"[{""start"": 344, ""end"": 403, ""text"": ""Governor Romney has said he just want to repeal Dodd-Frank"", ""reason_text"": """", ""reason_choices"": [""attribution"", ""economy"", ""politics""]}]",
2012100300111,20121003_obama_romney,OBAMA,Is that a — is that a separate topic? (CROSSTALK),False,[],
2012100300164,20121003_obama_romney,OBAMA,"It just reminds me of, you know, he says that he's going to close deductions and loopholes for his tax plan. That's how it's going to be paid for, but we don't know the details. He says that he's going to replace Dodd-Frank, Wall Street reform, but we don't know exactly which ones. He won't tell us. He now says he's going to replace Obamacare and ensure that all the good things that are in it are going to be in there and you don't have to worry. And at some point, I think the American people have to ask themselves, is the reason that Governor Romney is keeping all these plans to replace secret because they're too good? Is it — is it because that somehow middle-class families are going to benefit too much from them? No. The reason is, is because, when we reform Wall Street, when we tackle the problem of pre-existing conditions, then, you know, these are tough problems and we've got to make choices. And the choices we've made have been ones that ultimately are benefiting middle-class families all across the country.",True,"[{""start"": 151, ""end"": 176, ""text"": ""we don't know the details"", ""reason_text"": ""?"", ""reason_choices"": [""epistemic"", ""economy""]}, {""start"": 249, ""end"": 281, ""text"": ""we don't know exactly which ones"", ""reason_text"": ""?"", ""reason_choices"": [""epistemic"", ""economy""]}]",
2012100300072,20121003_obama_romney,OBAMA,"It means that the teacher that I met in Las Vegas, a wonderful young lady, who describes to me — she's got 42 kids in her class. The first two weeks she's got them, some of them sitting on the floor until finally they get reassigned. They're using text books that are 10 years old. That is not a recipe for growth. That's not how America was built. And so budgets reflect choices. Ultimately, we're going to have to make some decisions. And if we're asking for no revenue, then that means that we've got to get rid of a whole bunch of stuff. And the magnitude of the tax cuts that you're talking about, Governor, would end up resulting in severe hardship for people, but more importantly, would not help us grow. As I indicated before, when you talk about shifting Medicaid to states, we're talking about potentially a 30 — a 30 percent cut in Medicaid over time. Now, you know, that may not seem like a big deal when it just is, you know, numbers on a sheet of paper, but if we're talking about a family who's got an autistic kid and is depending on that Medicaid, that's a big problem. And governors are creative. There's no doubt about it. But they're not creative enough to make up for 30 percent of revenue on something like Medicaid. What ends up happening is some people end up not getting help.",True,"[{""start"": 736, ""end"": 862, ""text"": ""when you talk about shifting Medicaid to states, we're talking about potentially a 30 — a 30 percent cut in Medicaid over time"", ""reason_text"": """", ""reason_choices"": [""numerical absolute"", ""forecast/projection"", ""economy"", ""medicine""]}]",
2012100300076,20121003_obama_romney,OBAMA,It's time to end it.,False,[],
2012100300036,20121003_obama_romney,OBAMA,"Jim, I — you may want to move onto another topic, but I — I would just say this to the American people. If you believe that we can cut taxes by $5 trillion and add $2 trillion in additional spending that the military is not asking for, $7 trillion — just to give you a sense, over 10 years, that's more than our entire defense budget — and you think that by closing loopholes and deductions for the well-to-do, somehow you will not end up picking up the tab, then Governor Romney's plan may work for you. But I think math, common sense, and our history shows us that's not a recipe for job growth. Look, we've tried this. We've tried both approaches. The approach that Governor Romney's talking about is the same sales pitch that was made in 2001 and 2003, and we ended up with the slowest job growth in 50 years, we ended up moving from surplus to deficits, and it all culminated in the worst financial crisis since the Great Depression.",True,"[{""start"": 276, ""end"": 333, ""text"": ""over 10 years, that's more than our entire defense budget"", ""reason_text"": """", ""reason_choices"": [""comparative/temporal"", ""economy"", ""other""]}, {""start"": 761, ""end"": 812, ""text"": ""we ended up with the slowest job growth in 50 years"", ""reason_text"": """", ""reason_choices"": [""ranking"", ""economy""]}, {""start"": 814, ""end"": 857, ""text"": ""we ended up moving from surplus to deficits"", ""reason_text"": """", ""reason_choices"": [""economy""]}, {""start"": 863, ""end"": 937, ""text"": ""it all culminated in the worst financial crisis since the Great Depression"", ""reason_text"": """", ""reason_choices"": [""ranking"", ""causation"", ""economy""]}]",
2012100300105,20121003_obama_romney,OBAMA,"Jim, if I — if I can just respond very quickly, first of all, every study has shown that Medicare has lower administrative costs than private insurance does, which is why seniors are generally pretty happy with it. And private insurers have to make a profit. Nothing wrong with that. That's what they do. And so you've got higher administrative costs, plus profit on top of that. And if you are going to save any money through what Governor Romney's proposing, what has to happen is, is that the money has to come from somewhere. And when you move to a voucher system, you are putting seniors at the mercy of those insurance companies. And over time, if traditional Medicare has decayed or fallen apart, then they're stuck. And this is the reason why AARP has said that your plan would weaken Medicare substantially. And that's why they were supportive of the approach that we took. One last point I want to make. We do have to lower the cost of health care, not just in Medicare and Medicaid…",True,"[{""start"": 62, ""end"": 83, ""text"": ""every study has shown"", ""reason_text"": """", ""reason_choices"": [""epistemic""]}, {""start"": 89, ""end"": 156, ""text"": ""Medicare has lower administrative costs than private insurance does"", ""reason_text"": """", ""reason_choices"": [""comparative/temporal"", ""economy"", ""medicine""]}, {""start"": 751, ""end"": 815, ""text"": ""AARP has said that your plan would weaken Medicare substantially"", ""reason_text"": """", ""reason_choices"": [""attribution"", ""medicine""]}, {""start"": 832, ""end"": 881, ""text"": ""they were supportive of the approach that we took"", ""reason_text"": """", ""reason_choices"": [""stance/support""]}]",
2012100300187,20121003_obama_romney,OBAMA,Let me just finish the point. (CROSSTALK),False,[],
2012100300163,20121003_obama_romney,OBAMA,"Let me just point out first of all this board that we're talking about can't make decisions about what treatments are given. That's explicitly prohibited in the law. But let's go back to what Governor Romney indicated, that under his plan, he would be able to cover people with preexisting conditions. Well, actually Governor, that isn't what your plan does. What your plan does is to duplicate what's already the law, which says if you are out of health insurance for three months, then you can end up getting continuous coverage and an insurance company can't deny you if you've — if it's been under 90 days. But that's already the law and that doesn't help the millions of people out there with preexisting conditions. There's a reason why Governor Romney set up the plan that he did in Massachusetts. It wasn't a government takeover of health care. It was the largest expansion of private insurance. But what it does say is that “insurers, you've got to take everybody.” Now, that also means that you've got more customers. But when — when Governor Romney says that he'll replace it with something, but can't detail how it will be in fact replaced and the reason he set up the system he did in Massachusetts was because there isn't a better way of dealing with the preexisting conditions problem.",True,"[{""start"": 31, ""end"": 123, ""text"": ""all this board that we're talking about can't make decisions about what treatments are given"", ""reason_text"": """", ""reason_choices"": [""medicine""]}, {""start"": 125, ""end"": 164, ""text"": ""That's explicitly prohibited in the law"", ""reason_text"": """", ""reason_choices"": [""medicine"", ""crime/law""]}, {""start"": 359, ""end"": 609, ""text"": ""What your plan does is to duplicate what's already the law, which says if you are out of health insurance for three months, then you can end up getting continuous coverage and an insurance company can't deny you if you've — if it's been under 90 days"", ""reason_text"": """", ""reason_choices"": [""stance/support"", ""medicine""]}, {""start"": 664, ""end"": 720, ""text"": ""millions of people out there with preexisting conditions"", ""reason_text"": """", ""reason_choices"": [""numerical absolute"", ""medicine""]}]",
2012100300148,20121003_obama_romney,OBAMA,"No, I think — I had five seconds before you interrupted me, was … (LAUGHTER) … the irony is that we've seen this model work really well in Massachusetts, because Governor Romney did a good thing, working with Democrats in the state to set up what is essentially the identical model and as a consequence people are covered there. It hasn't destroyed jobs. And as a consequence, we now have a system in which we have the opportunity to start bringing down costs, as opposed to just leaving millions of people out in the cold.",True,"[{""start"": 97, ""end"": 152, ""text"": ""we've seen this model work really well in Massachusetts"", ""reason_text"": """", ""reason_choices"": [""epistemic""]}]",
2012100300009,20121003_obama_romney,OBAMA,"So all of this is possible. Now, in order for us to do it, we do have to close our deficit, and one of the things I'm sure we'll be discussing tonight is, how do we deal with our tax code? And how do we make sure that we are reducing spending in a responsible way, but also, how do we have enough revenue to make those investments? And this is where there's a difference, because Governor Romney's central economic plan calls for a $5 trillion tax cut — on top of the extension of the Bush tax cuts — that's another trillion dollars — and $2 trillion in additional military spending that the military hasn't asked for. That's $8 trillion. How we pay for that, reduce the deficit, and make the investments that we need to make, without dumping those costs onto middle-class Americans, I think is one of the central questions of this campaign.",True,"[{""start"": 380, ""end"": 451, ""text"": ""Governor Romney's central economic plan calls for a $5 trillion tax cut"", ""reason_text"": """", ""reason_choices"": [""numerical absolute"", ""stance/support"", ""economy""]}, {""start"": 501, ""end"": 532, ""text"": ""that's another trillion dollars"", ""reason_text"": """", ""reason_choices"": [""numerical absolute"", ""economy""]}, {""start"": 539, ""end"": 582, ""text"": ""$2 trillion in additional military spending"", ""reason_text"": """", ""reason_choices"": [""numerical absolute"", ""economy"", ""defense/military""]}]",
2012100300088,20121003_obama_romney,OBAMA,"So my approach is to say, how do we strengthen the system over the long term? And in Medicare, what we did was we said, we are going to have to bring down the costs if we're going to deal with our long-term deficits, but to do that, let's look where some of the money's going. $716 billion we were able to save from the Medicare program by no longer overpaying insurance companies by making sure that we weren't overpaying providers. And using that money, we were actually able to lower prescription drug costs for seniors by an average of $600, and we were also able to make a — make a significant dent in providing them the kind of preventive care that will ultimately save money through the — throughout the system. So the way for us to deal with Medicare in particular is to lower health care costs. When it comes to Social Security, as I said, you don't need a major structural change in order to make sure that Social Security is there for the future.",True,"[{""start"": 277, ""end"": 432, ""text"": ""$716 billion we were able to save from the Medicare program by no longer overpaying insurance companies by making sure that we weren't overpaying providers"", ""reason_text"": """", ""reason_choices"": [""numerical absolute"", ""economy"", ""medicine""]}, {""start"": 456, ""end"": 544, ""text"": ""we were actually able to lower prescription drug costs for seniors by an average of $600"", ""reason_text"": """", ""reason_choices"": [""numerical absolute"", ""economy"", ""medicine""]}]",
2012100300058,20121003_obama_romney,OBAMA,"That's what we've done, made some adjustments to it, and we're putting it forward before Congress right now, a $4 trillion plan…",True,"[{""start"": 109, ""end"": 127, ""text"": ""a $4 trillion plan"", ""reason_text"": """", ""reason_choices"": [""numerical absolute"", ""economy""]}]",
2012100300172,20121003_obama_romney,OBAMA,"The first role of the federal government is to keep the American people safe. That's its most basic function. And as commander-in-chief, that is something that I've worked on and thought about every single day that I've been in the Oval Office. But I also believe that government has the capacity, the federal government has the capacity to help open up opportunity and create ladders of opportunity and to create frameworks where the American people can succeed. Look, the genius of America is the free enterprise system and freedom and the fact that people can go out there and start a business, work on an idea, make their own decisions.",False,[],
2012100300188,20121003_obama_romney,OBAMA,"The — where they're partnering so that they're designing training programs. And people who are going through them know that there's a job waiting for them if they complete it. That makes a big difference, but that requires some federal support. Let me just say one final example. When it comes to making college affordable, whether it's two-year or four-year, one of the things that I did as president was we were sending $60 billion to banks and lenders as middlemen for the student loan program, even though the loans were guaranteed. So there was no risk for the banks or the lenders, but they were taking billions out of the system. And we said, “Why not cut out the middleman?” And as a consequence, what we've been able to do is to provide millions more students assistance, lower or keep low interest rates on student loans. And this is an example of where our priorities make a difference. Governor Romney, I genuinely believe cares about education, but when he tells a student that, you know, “you should borrow money from your parents to go to college,” you know, that indicates the degree to which, you know, there may not be as much of a focus on the fact that folks like myself, folks like Michelle, kids probably who attend University of Denver, just don't have that option. And for us to be able to make sure that they've got that opportunity and they can walk through that door, that is vitally important not just to those kids. It's how we're going to grow this economy over the long term.",True,"[{""start"": 406, ""end"": 496, ""text"": ""we were sending $60 billion to banks and lenders as middlemen for the student loan program"", ""reason_text"": """", ""reason_choices"": [""numerical absolute"", ""economy"", ""education""]}, {""start"": 592, ""end"": 635, ""text"": ""they were taking billions out of the system"", ""reason_text"": """", ""reason_choices"": [""numerical absolute"", ""economy""]}, {""start"": 738, ""end"": 779, ""text"": ""provide millions more students assistance"", ""reason_text"": """", ""reason_choices"": [""numerical absolute"", ""education""]}, {""start"": 781, ""end"": 830, ""text"": ""lower or keep low interest rates on student loans"", ""reason_text"": """", ""reason_choices"": [""vague quantitative"", ""economy"", ""education""]}]",
2012100300067,20121003_obama_romney,OBAMA,"There has to be revenue in addition to cuts. Now, Governor Romney has ruled out revenue. He's ruled out revenue. (CROSSTALK)",False,[],
2012100300170,20121003_obama_romney,OBAMA,"Well, I definitely think there are differences.",False,[],
2012100300014,20121003_obama_romney,OBAMA,"Well, I think — let's talk about taxes, because I think it's instructive. Now, four years ago, when I stood on this stage, I said that I would cut taxes for middle-class families. And that's exactly what I did. We cut taxes for middle-class families by about $3,600. And the reason is, because I believe that we do best when the middle class is doing well. And by giving them those tax cuts, they had a little more money in their pocket, and so maybe they can buy a new car. They are certainly in a better position to weather the extraordinary recession that we went through. They can buy a computer for their kid who's going off to college, which means they're spending more money, businesses have more customers, businesses make more profits, and then hire more workers. Now, Governor Romney's proposal that he has been promoting for 18 months calls for a $5 trillion tax cut, on top of $2 trillion of additional spending for our military. And he is saying that he is going to pay for it by closing loopholes and deductions. The problem is that he's been asked over 100 times how you would close those deductions and loopholes, and he hasn't been able to identify them. But I'm going to make an important point here, Jim.",True,"[{""start"": 211, ""end"": 265, ""text"": ""We cut taxes for middle-class families by about $3,600"", ""reason_text"": """", ""reason_choices"": [""numerical absolute"", ""economy""]}, {""start"": 846, ""end"": 877, ""text"": ""calls for a $5 trillion tax cut"", ""reason_text"": """", ""reason_choices"": [""numerical absolute"", ""stance/support"", ""economy""]}, {""start"": 879, ""end"": 940, ""text"": ""on top of $2 trillion of additional spending for our military"", ""reason_text"": """", ""reason_choices"": [""numerical absolute"", ""stance/support"", ""economy"", ""defense/military""]}, {""start"": 1134, ""end"": 1170, ""text"": ""he hasn't been able to identify them"", ""reason_text"": """", ""reason_choices"": [""attribution"", ""economy""]}]",
2012100300206,20121003_obama_romney,OBAMA,"Well, Jim, I want to thank you, and I want to thank Governor Romney, because I think was a terrific debate, and I very much appreciate it. And I want to thank the University of Denver. You know, four years ago, we were going through a major crisis. And yet my faith and confidence in the American future is undiminished. And the reason is because of its people, because of the woman I met in North Carolina who decided at 55 to go back to school because she wanted to inspire her daughter and now has a job from that new training that she's gotten; because a company in Minnesota who was willing to give up salaries and perks for their executives to make sure that they didn't lay off workers during a recession. The auto workers that you meet in Toledo or Detroit take such pride in building the best cars in the world, not just because of a paycheck, but because it gives them that sense of pride, that they're helping to build America. And so the question now is how do we build on those strengths. And everything that I've tried to do, and everything that I'm now proposing for the next four years in terms of improving our education system or developing American energy or making sure that we're closing loopholes for companies that are shipping jobs overseas and focusing on small businesses and companies that are creating jobs here in the United States, or closing our deficit in a responsible, balanced way that allows us to invest in our future. All those things are designed to make sure that the American people, their genius, their grit, their determination, is — is channeled and — and they have an opportunity to succeed. And everybody's getting a fair shot. And everybody's getting a fair share — everybody's doing a fair share, and everybody's playing by the same rules. You know, four years ago, I said that I'm not a perfect man and I wouldn't be a perfect president. And that's probably a promise that Governor Romney thinks I've kept. But I also promised that I'd fight every single day on behalf of the American people, the middle class, and all those who were striving to get into the middle class. I've kept that promise and if you'll vote for me, then I promise I'll fight just as hard in a second term.",False,[],
2012100300182,20121003_obama_romney,OBAMA,"Well, as I've indicated, I think that it has a significant role to play. Through our Race to the Top program, we've worked with Republican and Democratic governors to initiate major reforms, and they're having an impact right now.",True,"[{""start"": 195, ""end"": 229, ""text"": ""they're having an impact right now"", ""reason_text"": """", ""reason_choices"": [""education""]}]",
2012100300202,20121003_obama_romney,OBAMA,"Well, first of all, I think Governor Romney's going to have a busy first day, because he's also going to repeal Obamacare, which will not be very popular among Democrats as you're sitting down with them. (LAUGHTER) But, look, my philosophy has been, I will take ideas from anybody, Democrat or Republican, as long as they're advancing the cause of making middle-class families stronger and giving ladders of opportunity to the middle class. That's how we cut taxes for middle-class families and small businesses. That's how we cut a trillion dollars of spending that wasn't advancing that cause. That's how we signed three trade deals into law that are helping us to double our exports and sell more American products around the world. That's how we repealed “don't ask/don't tell.” That's how we ended the war in Iraq, as I promised, and that's how we're going to wind down the war in Afghanistan. That's how we went after Al Qaida and bin Laden. So we've — we've seen progress even under Republican control of the House of Representatives. But, ultimately, part of being principled, part of being a leader is, A, being able to describe exactly what it is that you intend to do, not just saying, “I'll sit down,” but you have to have a plan. Number two, what's important is occasionally you've got to say no, to — to — to folks both in your own party and in the other party. And, you know, yes, have we had some fights between me and the Republicans when — when they fought back against us reining in the excesses of Wall Street? Absolutely, because that was a fight that needed to be had. When — when we were fighting about whether or not we were going to make sure that Americans had more security with their health insurance and they said no, yes, that was a fight that we needed to have.",True,"[{""start"": 86, ""end"": 121, ""text"": ""he's also going to repeal Obamacare"", ""reason_text"": """", ""reason_choices"": [""stance/support"", ""medicine""]}, {""start"": 524, ""end"": 561, ""text"": ""we cut a trillion dollars of spending"", ""reason_text"": """", ""reason_choices"": [""numerical absolute"", ""economy""]}, {""start"": 607, ""end"": 685, ""text"": ""we signed three trade deals into law that are helping us to double our exports"", ""reason_text"": """", ""reason_choices"": [""numerical absolute"", ""comparative/temporal"", ""attribution"", ""economy""]}]",
2012100300026,20121003_obama_romney,OBAMA,"Well, for 18 months he's been running on this tax plan. And now, five weeks before the election, he's saying that his big, bold idea is, “Never mind.” And the fact is that if you are lowering the rates the way you described, Governor, then it is not possible to come up with enough deductions and loopholes that only affect high-income individuals to avoid either raising the deficit or burdening the middle class. It's — it's math. It's arithmetic. Now, Governor Romney and I do share a deep interest in encouraging small-business growth. So at the same time that my tax plan has already lowered taxes for 98 percent of families, I also lowered taxes for small businesses 18 times. And what I want to do is continue the tax rates — the tax cuts that we put into place for small businesses and families. But I have said that for incomes over $250,000 a year, that we should go back to the rates that we had when Bill Clinton was president, when we created 23 million new jobs, went from deficit to surplus, and created a whole lot of millionaires to boot. And the reason this is important is because by doing that, we cannot only reduce the deficit, we cannot only encourage job growth through small businesses, but we're also able to make the investments that are necessary in education or in energy.",True,"[{""start"": 565, ""end"": 629, ""text"": ""my tax plan has already lowered taxes for 98 percent of families"", ""reason_text"": """", ""reason_choices"": [""statistic"", ""economy""]}, {""start"": 631, ""end"": 681, ""text"": ""I also lowered taxes for small businesses 18 times"", ""reason_text"": """", ""reason_choices"": [""numerical absolute"", ""economy""]}, {""start"": 907, ""end"": 1005, ""text"": ""when Bill Clinton was president, when we created 23 million new jobs, went from deficit to surplus"", ""reason_text"": """", ""reason_choices"": [""numerical absolute"", ""attribution"", ""economy""]}]",
2012100300146,20121003_obama_romney,OBAMA,"Well, four years ago, when I was running for office, I was traveling around and having those same conversations that Governor Romney talks about. And it wasn't just that small businesses were seeing costs skyrocket and they couldn't get affordable coverage even if they wanted to provide it to their employees. It wasn't just that this was the biggest driver of our federal deficit, our overall health care costs, but it was families who were worried about going bankrupt if they got sick, millions of families, all across the country. If they had a pre-existing condition, they might not be able to get coverage at all. If they did have coverage, insurance companies might impose an arbitrary limit. And so as a consequence, they're paying their premiums, somebody gets really sick, lo and behold, they don't have enough money to pay the bills, because the insurance companies say that they've hit the limit. So we did work on this, alongside working on jobs, because this is part of making sure that middle-class families are secure in this country. And let me tell you exactly what Obamacare did. Number one, if you've got health insurance, it doesn't mean a government takeover. You keep your own insurance. You keep your own doctor. But it does say insurance companies can't jerk you around. They can't impose arbitrary lifetime limits. They have to let you keep your kid on their insurance — your insurance plan until you're 26 years old. And it also says that you're going to have to get rebates if insurance companies are spending more on administrative costs and profits than they are on actual care. Number two, if you don't have health insurance, we're essentially setting up a group plan that allows you to benefit from group rates that are typically 18 percent lower than if you're out there trying to get insurance on the individual market. Now, the last point I'd make before…",True,"[{""start"": 331, ""end"": 412, ""text"": ""this was the biggest driver of our federal deficit, our overall health care costs"", ""reason_text"": """", ""reason_choices"": [""ranking"", ""economy"", ""medicine""]}, {""start"": 536, ""end"": 619, ""text"": ""If they had a pre-existing condition, they might not be able to get coverage at all"", ""reason_text"": """", ""reason_choices"": [""medicine""]}]",
2012100300008,20121003_obama_romney,OBAMA,"Well, let me talk specifically about what I think we need to do. First, we've got to improve our education system and we've made enormous progress drawing on ideas both from Democrats and Republicans that are already starting to show gains in some of the toughest to deal with schools. We've got a program called Race to the Top that has prompted reforms in 46 states around the country, raising standards, improving how we train teachers. So now I want to hire another 100,000 new math and science teachers, and create 2 million more slots in our community colleges so that people can get trained for the jobs that are out there right now. And I want to make sure that we keep tuition low for our young people. When it comes to our tax code, Governor Romney and I both agree that our corporate tax rate is too high, so I want to lower it, particularly for manufacturing, taking it down to 25 percent. But I also want to close those loopholes that are giving incentives for companies that are shipping jobs overseas. I want to provide tax breaks for companies that are investing here in the United States. On energy, Governor Romney and I, we both agree that we've got to boost American energy production, and oil and natural gas production are higher than they've been in years. But I also believe that we've got to look at the energy sources of the future, like wind and solar and biofuels, and make those investments.",True,"[{""start"": 200, ""end"": 284, ""text"": ""that are already starting to show gains in some of the toughest to deal with schools"", ""reason_text"": """", ""reason_choices"": [""education""]}, {""start"": 933, ""end"": 1015, ""text"": ""loopholes that are giving incentives for companies that are shipping jobs overseas"", ""reason_text"": """", ""reason_choices"": [""economy""]}, {""start"": 1210, ""end"": 1278, ""text"": ""oil and natural gas production are higher than they've been in years"", ""reason_text"": """", ""reason_choices"": [""vague quantitative"", ""comparative/temporal"", ""energy"", ""other""]}]",
2012100300003,20121003_obama_romney,OBAMA,"Well, thank you very much, Jim, for this opportunity. I want to thank Governor Romney and the University of Denver for your hospitality. There are a lot of points I want to make tonight, but the most important one is that 20 years ago I became the luckiest man on Earth because Michelle Obama agreed to marry me. And so I just want to wish, Sweetie, you happy anniversary and let you know that a year from now we will not be celebrating it in front of 40 million people. (LAUGHTER) You know, four years ago we went through the worst financial crisis since the Great Depression. Millions of jobs were lost, the auto industry was on the brink of collapse. The financial system had frozen up. And because of the resilience and the determination of the American people, we've begun to fight our way back. Over the last 30 months, we've seen 5 million jobs in the private sector created. The auto industry has come roaring back. And housing has begun to rise. But we all know that we've still got a lot of work to do. And so the question here tonight is not where we've been, but where we're going. Governor Romney has a perspective that says if we cut taxes, skewed towards the wealthy, and roll back regulations, that we'll be better off. I've got a different view. I think we've got to invest in education and training. I think it's important for us to develop new sources of energy here in America, that we change our tax code to make sure that we're helping small businesses and companies that are investing here in the United States, that we take some of the money that we're saving as we wind down two wars to rebuild America and that we reduce our deficit in a balanced way that allows us to make these critical investments. Now, it ultimately is going to be up to the voters — to you — which path we should take. Are we going to double on top-down economic policies that helped to get us into this mess or do we embrace a new economic patriotism that says America does best when the middle class does best? And I'm looking forward to having that debate.",True,"[{""start"": 492, ""end"": 576, ""text"": ""four years ago we went through the worst financial crisis since the Great Depression"", ""reason_text"": """", ""reason_choices"": [""ranking"", ""economy""]}, {""start"": 578, ""end"": 604, ""text"": ""Millions of jobs were lost"", ""reason_text"": """", ""reason_choices"": [""numerical absolute"", ""economy""]}, {""start"": 801, ""end"": 881, ""text"": ""Over the last 30 months, we've seen 5 million jobs in the private sector created"", ""reason_text"": """", ""reason_choices"": [""numerical absolute"", ""economy""]}]",
2012100300065,20121003_obama_romney,OBAMA,"Well, we've had this discussion before.",False,[],
2012100300048,20121003_obama_romney,OBAMA,"When I walked into the Oval Office, I had more than a trillion-dollar deficit greeting me. And we know where it came from: two wars that were paid for on a credit card; two tax cuts that were not paid for; and a whole bunch of programs that were not paid for; and then a massive economic crisis. And despite that, what we've said is, yes, we had to take some initial emergency measures to make sure we didn't slip into a Great Depression, but what we've also said is, let's make sure that we are cutting out those things that are not helping us grow. So 77 government programs, everything from aircrafts that the Air Force had ordered but weren't working very well, 18 government — 18 government programs for education that were well-intentioned, not weren't helping kids learn, we went after medical fraud in Medicare and Medicaid very aggressively, more aggressively than ever before, and have saved tens of billions of dollars, $50 billion of waste taken out of the system. And I worked with Democrats and Republicans to cut a trillion dollars out of our discretionary domestic budget. That's the largest cut in the discretionary domestic budget since Dwight Eisenhower. Now, we all know that we've got to do more. And so I've put forward a specific $4 trillion deficit reduction plan. It's on a website. You can look at all the numbers, what cuts we make and what revenue we raise. And the way we do it is $2.50 for every cut, we ask for $1 of additional revenue, paid for, as I indicated earlier, by asking those of us who have done very well in this country to contribute a little bit more to reduce the deficit. Governor Romney earlier mentioned the Bowles-Simpson commission. Well, that's how the commission — bipartisan commission that talked about how we should move forward suggested we have to do it, in a balanced way with some revenue and some spending cuts. And this is a major difference that Governor Romney and I have. Let — let me just finish their point, because you're looking for contrast. You know, when Governor Romney stood on a stage with other Republican candidates for the nomination and he was asked, would you take $10 of spending cuts for just $1 of revenue? And he said no. Now, if you take such an unbalanced approach, then that means you are going to be gutting our investments in schools and education. It means that Governor Romney… (CROSSTALK)",True,"[{""start"": 0, ""end"": 77, ""text"": ""When I walked into the Oval Office, I had more than a trillion-dollar deficit"", ""reason_text"": """", ""reason_choices"": [""numerical absolute"", ""economy""]}, {""start"": 169, ""end"": 204, ""text"": ""two tax cuts that were not paid for"", ""reason_text"": """", ""reason_choices"": [""causation"", ""economy""]}, {""start"": 931, ""end"": 975, ""text"": ""$50 billion of waste taken out of the system"", ""reason_text"": """", ""reason_choices"": [""numerical absolute"", ""economy""]}, {""start"": 981, ""end"": 1087, ""text"": ""I worked with Democrats and Republicans to cut a trillion dollars out of our discretionary domestic budget"", ""reason_text"": """", ""reason_choices"": [""numerical absolute"", ""economy""]}, {""start"": 1089, ""end"": 1172, ""text"": ""That's the largest cut in the discretionary domestic budget since Dwight Eisenhower"", ""reason_text"": """", ""reason_choices"": [""ranking"", ""economy""]}, {""start"": 2116, ""end"": 2204, ""text"": ""he was asked, would you take $10 of spending cuts for just $1 of revenue? And he said no"", ""reason_text"": """", ""reason_choices"": [""attribution"", ""economy""]}]",
2012100300185,20121003_obama_romney,OBAMA,"When it comes to community colleges, we are seeing great work done out there all over the country because we have the opportunity to train people for jobs that exist right now. And one of the things I suspect Governor Romney and I probably agree on is getting businesses to work with community colleges so that they're setting up their training programs…",False,[],
2012100300016,20121003_obama_romney,OBAMA,"When you add up all the loopholes and deductions that upper-income individuals can — are currently taking advantage of, you take those all away, you don't come close to paying for $5 trillion in tax cuts and $2 trillion in additional military spending.",True,"[{""start"": 0, ""end"": 251, ""text"": ""When you add up all the loopholes and deductions that upper-income individuals can — are currently taking advantage of, you take those all away, you don't come close to paying for $5 trillion in tax cuts and $2 trillion in additional military spending"", ""reason_text"": """", ""reason_choices"": [""numerical absolute"", ""economy"", ""defense/military""]}]",
2012100300087,20121003_obama_romney,OBAMA,"You know, I suspect that, on Social Security, we've got a somewhat similar position. Social Security is structurally sound. It's going to have to be tweaked the way it was by Ronald Reagan and Speaker — Democratic Speaker Tip O'Neill. But it is — the basic structure is sound. But — but I want to talk about the values behind Social Security and Medicare, and then talk about Medicare, because that's the big driver of our deficits right now. You know, my grandmother — some of you know — helped to raise me. My grandparents did. My grandfather died a while back. My grandmother died three days before I was elected president. And she was fiercely independent. She worked her way up, only had a high school education, started as a secretary, ended up being the vice president of a local bank. And she ended up living alone by choice. And the reason she could be independent was because of Social Security and Medicare. She had worked all her life, put in this money, and understood that there was a basic guarantee, a floor under which she could not go. And that's the perspective I bring when I think about what's called entitlements. You know, the name itself implies some sense of dependency on the part of these folks. These are folks who've worked hard, like my grandmother, and there are millions of people out there who are counting on this.",True,"[{""start"": 394, ""end"": 441, ""text"": ""that's the big driver of our deficits right now"", ""reason_text"": """", ""reason_choices"": [""causation"", ""economy"", ""medicine""]}]",
2012100300184,20121003_obama_romney,OBAMA,"You know, this is where budgets matter, because budgets reflect choices. So when Governor Romney indicates that he wants to cut taxes and potentially benefit folks like me and him, and to pay for it we're having to initiate significant cuts in federal support for education, that makes a difference. You know, his — his running mate, Congressman Ryan, put forward a budget that reflects many of the principles that Governor Romney's talked about. And it wasn't very detailed. This seems to be a trend. But — but what it did do is to — if you extrapolated how much money we're talking about, you'd look at cutting the education budget by up to 20 percent.",True,"[{""start"": 605, ""end"": 653, ""text"": ""cutting the education budget by up to 20 percent"", ""reason_text"": """", ""reason_choices"": [""statistic"", ""economy"", ""education""]}]",
2012100300194,20121003_obama_romney,OBAMA,You've done a great job.,False,[],
2012100300156,20121003_obama_romney,OBAMA,… at a time when it's vitally important.,False,[],
2012100300107,20121003_obama_romney,OBAMA,… but — but — but overall.,False,[],
2012100300049,20121003_obama_romney,OBAMA,"… talked about Medicaid and how we could send it back to the states, but effectively this means a 30 percent cut in the primary program we help for seniors who are in nursing homes, for kids who are with disabilities.",True,"[{""start"": 85, ""end"": 216, ""text"": ""this means a 30 percent cut in the primary program we help for seniors who are in nursing homes, for kids who are with disabilities"", ""reason_text"": """", ""reason_choices"": [""numerical absolute"", ""medicine""]}]",
2012100300095,20121003_obama_romney,ROMNEY,"Again, that's for future…",False,[],
2012100300040,20121003_obama_romney,ROMNEY,"All right. Well, but he gets the first word of that segment. I get the last word (inaudible) I hope. Let me just make this comment. (CROSSTALK)",False,[],
2012100300200,20121003_obama_romney,ROMNEY,And Republicans and Democrats both love America. But we need to have leadership — leadership in Washington that will actually bring people together and get the job done and could not care less if — if it's a Republican or a Democrat. I've done it before. I'll do it again.,False,[],
2012100300104,20121003_obama_romney,ROMNEY,"And by the way, if the government can be as efficient as the private sector and offer premiums that are as low as the private sector, people will be happy to get traditional Medicare or they'll be able to get a private plan. I know my own view is I'd rather have a private plan. I'd just assume not have the government telling me what kind of health care I get. I'd rather be able to have an insurance company. If I don't like them, I can get rid of them and find a different insurance company. But people make their own choice. The other thing we have to do to save Medicare? We have to have the benefits high for those that are low income, but for higher income people, we're going to have to lower some of the benefits. We have to make sure this program is there for the long term. That's the plan that I've put forward. And, by the way the idea came not even from Paul Ryan or — or Senator Wyden, who's the co-author of the bill with — with Paul Ryan in the Senate, but also it came from Bill — Bill Clinton's chief of staff. This is an idea that's been around a long time, which is saying, hey, let's see if we can't get competition into the Medicare world so that people can get the choice of different plans at lower cost, better quality. I believe in competition.",False,[],
2012100300077,20121003_obama_romney,ROMNEY,"And in one year, you provided $90 billion in breaks to the green energy world. Now, I like green energy as well, but that's about 50 years' worth of what oil and gas receives. And you say Exxon and Mobil. Actually, this $2.8 billion goes largely to small companies, to drilling operators and so forth.",True,"[{""start"": 4, ""end"": 77, ""text"": ""in one year, you provided $90 billion in breaks to the green energy world"", ""reason_text"": """", ""reason_choices"": [""numerical absolute"", ""economy"", ""energy"", ""environment""]}, {""start"": 117, ""end"": 174, ""text"": ""that's about 50 years' worth of what oil and gas receives"", ""reason_text"": """", ""reason_choices"": [""numerical absolute"", ""economy"", ""energy"", ""environment""]}, {""start"": 215, ""end"": 287, ""text"": ""this $2.8 billion goes largely to small companies, to drilling operators"", ""reason_text"": """", ""reason_choices"": [""numerical absolute"", ""vague quantitative"", ""economy"", ""energy""]}]",
2012100300012,20121003_obama_romney,ROMNEY,"And so the question is how to get them going again. And I've described it. It's energy and trade, the right kind of training programs, balancing our budget and helping small business. Those are the — the cornerstones of my plan. But the president mentioned a couple of other ideas I'll just note. First, education. I agree: Education is key, particularly the future of our economy. But our training programs right now, we've got 47 of them, housed in the federal government, reporting to eight different agencies. Overhead is overwhelming. We've got to get those dollars back to the states and go to the workers so they can create their own pathways to get in the training they need for jobs that will really help them. The second area, taxation, we agree, we ought to bring the tax rates down. And I do, both for corporations and for individuals. But in order for us not to lose revenue, have the government run out of money, I also lower deductions and credits and exemptions, so that we keep taking in the same money when you also account for growth. The third area, energy. Energy is critical, and the president pointed out correctly that production of oil and gas in the U.S. is up. But not due to his policies. In spite of his policies. Mr. President, all of the increase in natural gas and oil has happened on private land, not on government land. On government land, your administration has cut the number of permits and licenses in half. If I'm president, I'll double them, and also get the — the oil from offshore and Alaska. And I'll bring that pipeline in from Canada. And, by the way, I like coal. I'm going to make sure we can continue to burn clean coal. People in the coal industry feel like it's getting crushed by your policies. I want to get America and North America energy independent so we can create those jobs. And finally, with regards to that tax cut, look, I'm not looking to cut massive taxes and to reduce the — the revenues going to the government. My — my number-one principal is, there will be no tax cut that adds to the deficit. I want to underline that: no tax cut that adds to the deficit. But I do want to reduce the burden being paid by middle-income Americans. And I — and to do that, that also means I cannot reduce the burden paid by high-income Americans. So any — any language to the contrary is simply not accurate.",True,"[{""start"": 419, ""end"": 512, ""text"": ""we've got 47 of them, housed in the federal government, reporting to eight different agencies"", ""reason_text"": """", ""reason_choices"": [""numerical absolute"", ""education""]}, {""start"": 1143, ""end"": 1186, ""text"": ""production of oil and gas in the U.S. is up"", ""reason_text"": """", ""reason_choices"": [""vague quantitative"", ""energy""]}, {""start"": 1192, ""end"": 1215, ""text"": ""not due to his policies"", ""reason_text"": """", ""reason_choices"": [""causation"", ""energy""]}, {""start"": 1258, ""end"": 1353, ""text"": ""all of the increase in natural gas and oil has happened on private land, not on government land"", ""reason_text"": """", ""reason_choices"": [""energy""]}, {""start"": 1355, ""end"": 1445, ""text"": ""On government land, your administration has cut the number of permits and licenses in half"", ""reason_text"": """", ""reason_choices"": [""statistic"", ""attribution"", ""energy""]}]",
2012100300024,20121003_obama_romney,ROMNEY,"And the reason is because small business pays that individual rate; 54 percent of America's workers work in businesses that are taxed not at the corporate tax rate, but at the individual tax rate. And if we lower that rate, they will be able to hire more people. For me, this is about jobs. This is about getting jobs for the American people. (CROSSTALK)",True,"[{""start"": 68, ""end"": 195, ""text"": ""54 percent of America's workers work in businesses that are taxed not at the corporate tax rate, but at the individual tax rate"", ""reason_text"": """", ""reason_choices"": [""statistic"", ""economy""]}]",
2012100300137,20121003_obama_romney,ROMNEY,But let's — let's mention — let me mention the other one. Let's talk… (CROSSTALK),False,[],
2012100300122,20121003_obama_romney,ROMNEY,But my experience — my experience the private sector typically is able to provide a better product at a lower cost.,False,[],
2012100300162,20121003_obama_romney,ROMNEY,"But the right answer is not to have the federal government take over health care and start mandating to the providers across America, telling a patient and a doctor what kind of treatment they can have. That's the wrong way to go. The private market and individual responsibility always work best.",False,[],
2012100300059,20121003_obama_romney,ROMNEY,But you've been — but you've been president four years… (CROSSTALK),False,[],
2012100300080,20121003_obama_romney,ROMNEY,But — but the idea that you get a break for shipping jobs overseas is simply not the case. (CROSSTALK),True,"[{""start"": 24, ""end"": 66, ""text"": ""you get a break for shipping jobs overseas"", ""reason_text"": """", ""reason_choices"": [""economy""]}]",
2012100300083,20121003_obama_romney,ROMNEY,"But — but the right — the right approach is one which relies on the brilliance of our people and states, not the federal government.",False,[],
2012100300078,20121003_obama_romney,ROMNEY,"But, you know, if we get that tax rate from 35 percent down to 25 percent, why that $2.8 billion is on the table. Of course it's on the table. That's probably not going to survive you get that rate down to 25 percent. But don't forget, you put $90 billion, like 50 years' worth of breaks, into — into solar and wind, to Solyndra and Fisker and Tester and Ener1. I mean, I had a friend who said you don't just pick the winners and losers, you pick the losers, all right? So this — this is not — this is not the kind of policy you want to have if you want to get America energy secure. The second topic, which is you said you get a deduction for taking a plant overseas. Look, I've been in business for 25 years. I have no idea what you're talking about. I maybe need to get a new accountant.",True,"[{""start"": 236, ""end"": 360, ""text"": ""you put $90 billion, like 50 years' worth of breaks, into — into solar and wind, to Solyndra and Fisker and Tester and Ener1"", ""reason_text"": """", ""reason_choices"": [""numerical absolute"", ""comparative/temporal"", ""economy"", ""energy"", ""environment""]}]",
2012100300151,20121003_obama_romney,ROMNEY,"First of all, I like the way we did it in Massachusetts. I like the fact that in my state, we had Republicans and Democrats come together and work together. What you did instead was to push through a plan without a single Republican vote. As a matter of fact, when Massachusetts did something quite extraordinary — elected a Republican senator to stop Obamacare, you pushed it through anyway. So entirely on a partisan basis, instead of bringing America together and having a discussion on this important topic, you pushed through something that you and Nancy Pelosi and Harry Reid thought was the best answer and drove it through. What we did in a legislature 87 percent Democrat, we worked together; 200 legislators in my legislature, only two voted against the plan by the time we were finished. What were some differences? We didn't raise taxes. You've raised them by $1 trillion under Obamacare. We didn't cut Medicare. Of course, we don't have Medicare, but we didn't cut Medicare by $716 billion.",True,"[{""start"": 157, ""end"": 237, ""text"": ""What you did instead was to push through a plan without a single Republican vote"", ""reason_text"": """", ""reason_choices"": [""attribution"", ""politics""]}, {""start"": 702, ""end"": 768, ""text"": ""200 legislators in my legislature, only two voted against the plan"", ""reason_text"": """", ""reason_choices"": [""numerical absolute"", ""politics""]}, {""start"": 827, ""end"": 848, ""text"": ""We didn't raise taxes"", ""reason_text"": """", ""reason_choices"": [""economy""]}, {""start"": 850, ""end"": 899, ""text"": ""You've raised them by $1 trillion under Obamacare"", ""reason_text"": """", ""reason_choices"": [""numerical absolute"", ""attribution"", ""economy"", ""medicine""]}, {""start"": 901, ""end"": 923, ""text"": ""We didn't cut Medicare"", ""reason_text"": """", ""reason_choices"": [""medicine""]}, {""start"": 964, ""end"": 1002, ""text"": ""we didn't cut Medicare by $716 billion"", ""reason_text"": """", ""reason_choices"": [""numerical absolute"", ""economy"", ""medicine""]}]",
2012100300176,20121003_obama_romney,ROMNEY,"First, life and liberty. We have a responsibility to protect the lives and liberties of our people, and that means a military second to none. I do not believe in cutting our military. I believe in maintaining the strength of America's military. Second, in that line that says we are endowed by our creator with our rights, I believe we must maintain our commitment to religious tolerance and freedom in this country. That statement also says that we are endowed by our creator with the right to pursue happiness as we choose. I interpret that as, one, making sure that those people who are less fortunate and can't care for themselves are cared by — by one another. We're a nation that believes that we're all children of the same god and we care for those that have difficulties, those that are elderly and have problems and challenges, those that are disabled. We care for them. And we — we look for discovery and innovation, all these things desired out of the American heart to provide the pursuit of happiness for our citizens. But we also believe in maintaining for individuals the right to pursue their dreams and not to have the government substitute itself for the rights of free individuals. And what we're seeing right now is, in my view, a — a trickle-down government approach, which has government thinking it can do a better job than free people pursuing their dreams. And it's not working. And the proof of that is 23 million people out of work. The proof of that is 1 out of 6 people in poverty. The proof of that is we've gone from 32 million on food stamps to 47 million on food stamps. The proof of that is that 50 percent of college graduates this year can't find work.",True,"[{""start"": 1430, ""end"": 1459, ""text"": ""23 million people out of work"", ""reason_text"": """", ""reason_choices"": [""numerical absolute"", ""economy""]}, {""start"": 1482, ""end"": 1510, ""text"": ""1 out of 6 people in poverty"", ""reason_text"": """", ""reason_choices"": [""statistic"", ""economy""]}, {""start"": 1533, ""end"": 1603, ""text"": ""we've gone from 32 million on food stamps to 47 million on food stamps"", ""reason_text"": """", ""reason_choices"": [""numerical absolute"", ""comparative/temporal"", ""economy""]}, {""start"": 1631, ""end"": 1688, ""text"": ""50 percent of college graduates this year can't find work"", ""reason_text"": """", ""reason_choices"": [""statistic"", ""education""]}]",
2012100300043,20121003_obama_romney,ROMNEY,"Good. I'm glad you raised that, and it's a — it's a critical issue. I think it's not just an economic issue, I think it's a moral issue. I think it's, frankly, not moral for my generation to keep spending massively more than we take in, knowing those burdens are going to be passed on to the next generation and they're going to be paying the interest and the principal all their lives. And the amount of debt we're adding, at a trillion a year, is simply not moral. So how do we deal with it? Well, mathematically, there are three ways that you can cut a deficit. One, of course, is to raise taxes. Number two is to cut spending. And number is to grow the economy, because if more people work in a growing economy, they're paying taxes, and you can get the job done that way. The presidents would — president would prefer raising taxes. I understand. The problem with raising taxes is that it slows down the rate of growth. And you could never quite get the job done. I want to lower spending and encourage economic growth at the same time. What things would I cut from spending? Well, first of all, I will eliminate all programs by this test, if they don't pass it: Is the program so critical it's worth borrowing money from China to pay for it? And if not, I'll get rid of it. Obamacare's on my list. I apologize, Mr. President. I use that term with all respect, by the way.",True,"[{""start"": 391, ""end"": 444, ""text"": ""the amount of debt we're adding, at a trillion a year"", ""reason_text"": """", ""reason_choices"": [""numerical absolute"", ""economy""]}, {""start"": 852, ""end"": 923, ""text"": ""The problem with raising taxes is that it slows down the rate of growth"", ""reason_text"": """", ""reason_choices"": [""economy""]}, {""start"": 1206, ""end"": 1246, ""text"": ""borrowing money from China to pay for it"", ""reason_text"": """", ""reason_choices"": [""economy""]}]",
2012100300045,20121003_obama_romney,ROMNEY,"Good. OK, good. So I'll get rid of that. I'm sorry, Jim, I'm going to stop the subsidy to PBS. I'm going to stop other things. I like PBS, I love Big Bird. Actually like you, too. But I'm not going to — I'm not going to keep on spending money on things to borrow money from China to pay for. That's number one. Number two, I'll take programs that are currently good programs but I think could be run more efficiently at the state level and send them to the state.",True,"[{""start"": 246, ""end"": 290, ""text"": ""things to borrow money from China to pay for"", ""reason_text"": """", ""reason_choices"": [""economy""]}]",
2012100300057,20121003_obama_romney,ROMNEY,"I have my own plan. It's not the same as Simpson-Bowles. But in my view, the president should have grabbed it. If you wanted to make some adjustments to it, take it, go to Congress, fight for it.",False,[],
2012100300061,20121003_obama_romney,ROMNEY,"I mean, you have said before you'd cut the deficit in half. And this — I love this idea of $4 trillion in cuts. You found $4 trillion of ways to reduce or to get closer to a balanced budget, except we still show trillion-dollar deficits every year. That doesn't get the job done. Let me come back and say, why is it that I don't want to raise taxes? Why don't I want to raise taxes on people? And actually, you said it back in 2010. You said, “Look, I'm going to extend the tax policies that we have now; I'm not going to raise taxes on anyone, because when the economy is growing slow like this, when we're in recession, you shouldn't raise taxes on anyone.” Well, the economy is still growing slow. As a matter of fact, it's growing much more slowly now than when you made that statement. And so if you believe the same thing, you just don't want to raise taxes on people. And the reality is it's not just wealthy people — you mentioned Donald Trump. It's not just Donald Trump you're taxing. It's all those businesses that employ one-quarter of the workers in America; these small businesses that are taxed as individuals. You raise taxes and you kill jobs. That's why the National Federation of Independent Businesses said your plan will kill 700,000 jobs. I don't want to kill jobs in this environment. I'll make one more point. (CROSSTALK)",True,"[{""start"": 8, ""end"": 58, ""text"": ""you have said before you'd cut the deficit in half"", ""reason_text"": """", ""reason_choices"": [""numerical absolute"", ""attribution"", ""economy""]}, {""start"": 198, ""end"": 247, ""text"": ""we still show trillion-dollar deficits every year"", ""reason_text"": """", ""reason_choices"": [""numerical absolute"", ""economy""]}, {""start"": 407, ""end"": 659, ""text"": ""you said it back in 2010. You said, “Look, I'm going to extend the tax policies that we have now; I'm not going to raise taxes on anyone, because when the economy is growing slow like this, when we're in recession, you shouldn't raise taxes on anyone.”"", ""reason_text"": """", ""reason_choices"": [""attribution"", ""economy""]}, {""start"": 666, ""end"": 699, ""text"": ""the economy is still growing slow"", ""reason_text"": """", ""reason_choices"": [""vague quantitative"", ""economy""]}, {""start"": 722, ""end"": 789, ""text"": ""it's growing much more slowly now than when you made that statement"", ""reason_text"": """", ""reason_choices"": [""vague quantitative"", ""comparative/temporal"", ""economy""]}, {""start"": 995, ""end"": 1070, ""text"": ""It's all those businesses that employ one-quarter of the workers in America"", ""reason_text"": """", ""reason_choices"": [""statistic"", ""economy""]}, {""start"": 1172, ""end"": 1259, ""text"": ""the National Federation of Independent Businesses said your plan will kill 700,000 jobs"", ""reason_text"": """", ""reason_choices"": [""numerical absolute"", ""forecast/projection"", ""attribution""]}]",
2012100300144,20121003_obama_romney,ROMNEY,"I sure do. Well, in part, it comes, again, from my experience. You know, I was in New Hampshire. A woman came to me and she said, look, I can't afford insurance for myself or my son. I met a couple in Appleton, Wisconsin, and they said, we're thinking of dropping our insurance, we can't afford it. And the number of small businesses I've gone to that are saying they're dropping insurance because they can't afford it, the cost of health care is just prohibitive. And — and we've got to deal with cost. And, unfortunately, when — when — when you look at Obamacare, the Congressional Budget Office has said it will cost $2,500 a year more than traditional insurance. So it's adding to cost. And as a matter of fact, when the president ran for office, he said that, by this year, he would have brought down the cost of insurance for each family by $2,500 a family. Instead, it's gone up by that amount. So it's expensive. Expensive things hurt families. So that's one reason I don't want it. Second reason, it cuts $716 billion from Medicare to pay for it. I want to put that money back in Medicare for our seniors. Number three, it puts in place an unelected board that's going to tell people ultimately what kind of treatments they can have. I don't like that idea. Fourth, there was a survey done of small businesses across the country, said, what's been the effect of Obamacare on your hiring plans? And three-quarters of them said it makes us less likely to hire people. I just don't know how the president could have come into office, facing 23 million people out of work, rising unemployment, an economic crisis at the — at the kitchen table, and spend his energy and passion for two years fighting for Obamacare instead of fighting for jobs for the American people. It has killed jobs. And the best course for health care is to do what we did in my state: craft a plan at the state level that fits the needs of the state. And then let's focus on getting the costs down for people, rather than raising it with the $2,500 additional premium.",True,"[{""start"": 566, ""end"": 665, ""text"": ""the Congressional Budget Office has said it will cost $2,500 a year more than traditional insurance"", ""reason_text"": """", ""reason_choices"": [""numerical absolute"", ""comparative/temporal"", ""forecast/projection"", ""attribution"", ""economy"", ""medicine""]}, {""start"": 716, ""end"": 862, ""text"": ""when the president ran for office, he said that, by this year, he would have brought down the cost of insurance for each family by $2,500 a family"", ""reason_text"": """", ""reason_choices"": [""numerical absolute"", ""attribution"", ""economy"", ""medicine""]}, {""start"": 873, ""end"": 900, ""text"": ""it's gone up by that amount"", ""reason_text"": """", ""reason_choices"": [""numerical absolute"", ""economy"", ""medicine""]}, {""start"": 1006, ""end"": 1054, ""text"": ""it cuts $716 billion from Medicare to pay for it"", ""reason_text"": """", ""reason_choices"": [""numerical absolute"", ""economy"", ""medicine""]}, {""start"": 1129, ""end"": 1241, ""text"": ""it puts in place an unelected board that's going to tell people ultimately what kind of treatments they can have"", ""reason_text"": """", ""reason_choices"": [""medicine""]}, {""start"": 1407, ""end"": 1473, ""text"": ""three-quarters of them said it makes us less likely to hire people"", ""reason_text"": """", ""reason_choices"": [""statistic"", ""economy"", ""medicine""]}, {""start"": 1547, ""end"": 1576, ""text"": ""23 million people out of work"", ""reason_text"": """", ""reason_choices"": [""numerical absolute"", ""economy""]}, {""start"": 1578, ""end"": 1597, ""text"": ""rising unemployment"", ""reason_text"": """", ""reason_choices"": [""vague quantitative"", ""economy""]}, {""start"": 2000, ""end"": 2045, ""text"": ""raising it with the $2,500 additional premium"", ""reason_text"": """", ""reason_choices"": [""numerical absolute"", ""economy"", ""medicine""]}]",
2012100300041,20121003_obama_romney,ROMNEY,"I think first of all, let me — let me repeat — let me repeat what I said. I'm not in favor of a $5 trillion tax cut. That's not my plan. My plan is not to put in place any tax cut that will add to the deficit. That's point one. So you may keep referring to it as a $5 trillion tax cut, but that's not my plan. Number two, let's look at history. My plan is not like anything that's been tried before. My plan is to bring down rates, but also bring down deductions and exemptions and credits at the same time so the revenue stays in, but that we bring down rates to get more people working. My priority is putting people back to work in America. They're suffering in this country. And we talk about evidence. Look at the evidence of the last four years. It's absolutely extraordinary. We've got 23 million people out of work or stopped looking for work in this country. It's just — it's — we've got — when the president took office, 32 million people on food stamps; 47 million on food stamps today; economic growth this year slower than last year, and last year slower than the year before. Going forward with the status quo is not going to cut it for the American people who are struggling today.",True,"[{""start"": 74, ""end"": 115, ""text"": ""I'm not in favor of a $5 trillion tax cut"", ""reason_text"": """", ""reason_choices"": [""numerical absolute"", ""stance/support"", ""economy""]}, {""start"": 345, ""end"": 398, ""text"": ""My plan is not like anything that's been tried before"", ""reason_text"": """", ""reason_choices"": [""comparative/temporal"", ""ranking"", ""stance/support""]}, {""start"": 783, ""end"": 866, ""text"": ""We've got 23 million people out of work or stopped looking for work in this country"", ""reason_text"": """", ""reason_choices"": [""numerical absolute"", ""economy""]}, {""start"": 899, ""end"": 963, ""text"": ""when the president took office, 32 million people on food stamps"", ""reason_text"": """", ""reason_choices"": [""numerical absolute"", ""economy""]}, {""start"": 965, ""end"": 996, ""text"": ""47 million on food stamps today"", ""reason_text"": """", ""reason_choices"": [""numerical absolute"", ""economy""]}, {""start"": 998, ""end"": 1088, ""text"": ""economic growth this year slower than last year, and last year slower than the year before"", ""reason_text"": """", ""reason_choices"": [""vague quantitative"", ""comparative/temporal""]}]",
2012100300120,20121003_obama_romney,ROMNEY,"If that's the case, then it will always be the best product that people can purchase.",False,[],
2012100300161,20121003_obama_romney,ROMNEY,"In my opinion, the government is not effective in — in bringing down the cost of almost anything. As a matter of fact, free people and free enterprises trying to find ways to do things better are able to be more effective in bringing down the cost than the government will ever be. Your example of the Cleveland Clinic is my case in point, along with several others I could describe. This is the private market. These are small — these are enterprises competing with each other, learning how to do better and better jobs. I used to consult to businesses — excuse me, to hospitals and to health care providers. I was astonished at the creativity and innovation that exists in the American people. In order to bring the cost of health care down, we don't need to have a board of 15 people telling us what kinds of treatments we should have. We instead need to put insurance plans, providers, hospitals, doctors on target such that they have an incentive, as you say, performance pay, for doing an excellent job, for keeping costs down, and that's happening. Innermountain Healthcare does it superbly well, Mayo Clinic is doing it superbly well, Cleveland Clinic, others.",True,"[{""start"": 1056, ""end"": 1167, ""text"": ""Innermountain Healthcare does it superbly well, Mayo Clinic is doing it superbly well, Cleveland Clinic, others"", ""reason_text"": """", ""reason_choices"": [""epistemic"", ""medicine""]}]",
2012100300131,20121003_obama_romney,ROMNEY,"In some places, yes. Other places, no.",False,[],
2012100300033,20121003_obama_romney,ROMNEY,"It's fun, isn't it?",False,[],
2012100300196,20121003_obama_romney,ROMNEY,"Jim, I had the great experience — it didn't seem like it at the time — of being elected in a state where my legislature was 87 percent Democrat. And that meant I figured out from day one I had to get along and I had to work across the aisle to get anything done. We drove our schools to be number one in the nation. We cut taxes 19 times.",True,"[{""start"": 105, ""end"": 143, ""text"": ""my legislature was 87 percent Democrat"", ""reason_text"": """", ""reason_choices"": [""statistic"", ""politics""]}, {""start"": 263, ""end"": 314, ""text"": ""We drove our schools to be number one in the nation"", ""reason_text"": """", ""reason_choices"": [""ranking"", ""attribution"", ""education""]}, {""start"": 316, ""end"": 337, ""text"": ""We cut taxes 19 times"", ""reason_text"": """", ""reason_choices"": [""numerical absolute"", ""attribution"", ""economy""]}]",
2012100300029,20121003_obama_romney,ROMNEY,"Jim, let me just come back on that — on that point, which is these…",False,[],
2012100300073,20121003_obama_romney,ROMNEY,"Jim, let's — we've gone on a lot of topics there, and so it's going to take a minute to go from Medicaid to schools…",False,[],
2012100300038,20121003_obama_romney,ROMNEY,"Jim, the president began this segment, so I think I get the last word. (CROSSTALK)",False,[],
2012100300115,20121003_obama_romney,ROMNEY,Let's get back to Medicare.,False,[],
2012100300117,20121003_obama_romney,ROMNEY,Let's get back to Medicare. (CROSSTALK),False,[],
2012100300069,20121003_obama_romney,ROMNEY,"Look, the revenue I get is by more people working, getting higher pay, paying more taxes. That's how we get growth and how we balance the budget. But the idea of taxing people more, putting more people out of work, you'll never get there. You'll never balance the budget by raising taxes. Spain — Spain spends 42 percent of their total economy on government. We're now spending 42 percent of our economy on government. I don't want to go down the path to Spain. I want to go down the path of growth that puts Americans to work with more money coming in because they're working.",True,"[{""start"": 297, ""end"": 357, ""text"": ""Spain spends 42 percent of their total economy on government"", ""reason_text"": """", ""reason_choices"": [""statistic"", ""economy""]}, {""start"": 359, ""end"": 417, ""text"": ""We're now spending 42 percent of our economy on government"", ""reason_text"": """", ""reason_choices"": [""statistic"", ""economy""]}]",
2012100300191,20121003_obama_romney,ROMNEY,"Mr. President, Mr. President, you're entitled as the president to your own airplane and to your own house, but not to your own facts. All right, I'm not going to cut education funding. I don't have any plan to cut education funding and — and grants that go to people going to college. I'm planning on (inaudible) to grow. So I'm not planning on making changes there. But you make a very good point, which is that the place you put your money just makes a pretty clear indication of where your heart is. You put $90 billion into — into green jobs. And I — look, I'm all in favor of green energy. $90 billion, that would have — that would have hired 2 million teachers. $90 billion. And these businesses, many of them have gone out of business, I think about half of them, of the ones have been invested in have gone out of business. A number of them happened to be owned by people who were contributors to your campaigns. Look, the right course for America's government, we were talking about the role of government, is not to become the economic player, picking winners and losers, telling people what kind of health treatment they can receive, taking over the health care system that has existed in this country for a long, long time and has produced the best health records in the world. The right answer for government is say, How do we make the private sector become more efficient and more effective? How do we get schools to be more competitive? Let's grade them. I propose we grade our schools so parents know which schools are succeeding and failing, so they can take their child to a — to a school that he's being more successful. I don't want to cut our commitment to education. I wanted to make it more effective and efficient. And by the way, I've had that experience. I don't just talk about it. I've been there. Massachusetts schools are ranked number one in the nation. This is not because I didn't have commitment to education. It's because I care about education for all of our kids.",True,"[{""start"": 185, ""end"": 231, ""text"": ""I don't have any plan to cut education funding"", ""reason_text"": """", ""reason_choices"": [""stance/support"", ""education""]}, {""start"": 503, ""end"": 545, ""text"": ""You put $90 billion into — into green jobs"", ""reason_text"": """", ""reason_choices"": [""numerical absolute"", ""attribution"", ""economy"", ""environment""]}, {""start"": 626, ""end"": 666, ""text"": ""that would have hired 2 million teachers"", ""reason_text"": """", ""reason_choices"": [""numerical absolute"", ""forecast/projection"", ""economy"", ""education""]}, {""start"": 751, ""end"": 830, ""text"": ""about half of them, of the ones have been invested in have gone out of business"", ""reason_text"": """", ""reason_choices"": [""statistic"", ""economy"", ""environment""]}, {""start"": 832, ""end"": 919, ""text"": ""A number of them happened to be owned by people who were contributors to your campaigns"", ""reason_text"": """", ""reason_choices"": [""vague quantitative"", ""politics"", ""environment""]}, {""start"": 1826, ""end"": 1883, ""text"": ""Massachusetts schools are ranked number one in the nation"", ""reason_text"": """", ""reason_choices"": [""ranking"", ""education""]}]",
2012100300133,20121003_obama_romney,ROMNEY,"No, it can become out of date. And what's happened with some of the legislation that's been passed during the president's term, you've seen regulation become excessive, and it's hurt — it's hurt the economy. Let me give you an example. Dodd-Frank was passed. And it includes within it a number of provisions that I think has some unintended consequences that are harmful to the economy. One is it designates a number of banks as too big to fail, and they're effectively guaranteed by the federal government. This is the biggest kiss that's been given to — to New York banks I've ever seen. This is an enormous boon for them. There've been 122 community and small banks have closed since Dodd-Frank. So there's one example. Here's another. In Dodd-Frank…",True,"[{""start"": 394, ""end"": 506, ""text"": ""it designates a number of banks as too big to fail, and they're effectively guaranteed by the federal government"", ""reason_text"": """", ""reason_choices"": [""economy"", ""politics""]}, {""start"": 625, ""end"": 698, ""text"": ""There've been 122 community and small banks have closed since Dodd-Frank"", ""reason_text"": """", ""reason_choices"": [""numerical absolute"", ""economy"", ""politics""]}]",
2012100300166,20121003_obama_romney,ROMNEY,No. I — I have to respond to that.,False,[],
2012100300006,20121003_obama_romney,ROMNEY,"Now, I'm concerned that the path that we're on has just been unsuccessful. The president has a view very similar to the view he had when he ran four years, that a bigger government, spending more, taxing more, regulating more — if you will, trickle-down government — would work. That's not the right answer for America. I'll restore the vitality that gets America working again. Thank you.",False,[],
2012100300046,20121003_obama_romney,ROMNEY,"Number three, I'll make government more efficient and to cut back the number of employees, combine some agencies and departments. My cutbacks will be done through attrition, by the way. This is the approach we have to take to get America to a balanced budget. The president said he'd cut the deficit in half. Unfortunately, he doubled it. Trillion-dollar deficits for the last four years. The president's put it in place as much public debt — almost as much debt held by the public as all prior presidents combined.",True,"[{""start"": 260, ""end"": 307, ""text"": ""The president said he'd cut the deficit in half"", ""reason_text"": """", ""reason_choices"": [""attribution"", ""economy""]}, {""start"": 324, ""end"": 337, ""text"": ""he doubled it"", ""reason_text"": """", ""reason_choices"": [""numerical absolute"", ""economy""]}, {""start"": 339, ""end"": 387, ""text"": ""Trillion-dollar deficits for the last four years"", ""reason_text"": """", ""reason_choices"": [""numerical absolute"", ""economy""]}, {""start"": 389, ""end"": 514, ""text"": ""The president's put it in place as much public debt — almost as much debt held by the public as all prior presidents combined"", ""reason_text"": """", ""reason_choices"": [""vague quantitative"", ""comparative/temporal"", ""attribution"", ""economy""]}]",
2012100300129,20121003_obama_romney,ROMNEY,"Regulation is essential. You can't have a free market work if you don't have regulation. As a businessperson, I had to have — I need to know the regulations. I needed them there. You couldn't have people opening up banks in their — in their garage and making loans. I mean, you have to have regulations so that you can have an economy work. Every free economy has good regulation. At the same time, regulation can become excessive.",False,[],
2012100300055,20121003_obama_romney,ROMNEY,"Simpson-Bowles, the president should have grabbed that.",False,[],
2012100300023,20121003_obama_romney,ROMNEY,"So if the tax plan he described were a tax plan I was asked to support, I'd say absolutely not. I'm not looking for a $5 trillion tax cut. What I've said is I won't put in place a tax cut that adds to the deficit. That's part one. So there's no economist that can say Mitt Romney's tax plan adds $5 trillion if I say I will not add to the deficit with my tax plan. Number two, I will not reduce the share paid by high-income individuals. I know that you and your running mate keep saying that and I know it's a popular thing to say with a lot of people, but it's just not the case. Look, I've got five boys. I'm used to people saying something that's not always true, but just keep on repeating it and ultimately hoping I'll believe it. But that — that is not the case. All right? I will not reduce the taxes paid by high-income Americans. And number three, I will not under any circumstances raise taxes on middle-income families. I will lower taxes on middle-income families. Now, you cite a study. There are six other studies that looked at the study you describe and say it's completely wrong. I saw a study that came out today that said you're going to raise taxes by $3,000 to $4,000 on middle-income families. There are all these studies out there. But let's get at the bottom line. That is, I want to bring down rates. I want to bring the rates down, at the same time lower deductions and exemptions and credits and so forth, so we keep getting the revenue we need. And you'd think, well, then why lower the rates?",True,"[{""start"": 96, ""end"": 137, ""text"": ""I'm not looking for a $5 trillion tax cut"", ""reason_text"": """", ""reason_choices"": [""numerical absolute"", ""stance/support"", ""economy""]}, {""start"": 1001, ""end"": 1096, ""text"": ""There are six other studies that looked at the study you describe and say it's completely wrong"", ""reason_text"": """", ""reason_choices"": [""numerical absolute"", ""epistemic"", ""attribution""]}, {""start"": 1142, ""end"": 1215, ""text"": ""you're going to raise taxes by $3,000 to $4,000 on middle-income families"", ""reason_text"": """", ""reason_choices"": [""numerical absolute"", ""forecast/projection"", ""economy""]}]",
2012100300103,20121003_obama_romney,ROMNEY,"So that's — that's number one. Number two is for people coming along that are young, what I do to make sure that we can keep Medicare in place for them is to allow them either to choose the current Medicare program or a private plan. Their choice. They get to choose — and they'll have at least two plans that will be entirely at no cost to them. So they don't have to pay additional money, no additional $6,000. That's not going to happen. They'll have at least two plans.",False,[],
2012100300141,20121003_obama_romney,ROMNEY,"Sorry, but that's just not — that's just not the facts. Look, we have to have regulation on Wall Street. That's why I'd have regulation. But I wouldn't designate five banks as too big to fail and give them a blank check. That's one of the unintended consequences of Dodd-Frank. It wasn't thought through properly. We need to get rid of that provision because it's killing regional and small banks. They're getting hurt. Let me mention another regulation in Dodd-Frank. You say we were giving mortgages to people who weren't qualified. That's exactly right. It's one of the reasons for the great financial calamity we had. And so Dodd-Frank correctly says we need to have qualified mortgages, and if you give a mortgage that's not qualified, there are big penalties, except they didn't ever go on and define what a qualified mortgage was. It's been two years. We don't know what a qualified mortgage is yet. So banks are reluctant to make loans, mortgages. Try and get a mortgage these days. It's hurt the housing market because Dodd-Frank didn't anticipate putting in place the kinds of regulations you have to have. It's not that Dodd-Frank always was wrong with too much regulation. Sometimes they didn't come out with a clear regulation. I will make sure we don't hurt the functioning of our — of our marketplace and our business, because I want to bring back housing and get good jobs.",True,"[{""start"": 152, ""end"": 219, ""text"": ""designate five banks as too big to fail and give them a blank check"", ""reason_text"": """", ""reason_choices"": [""numerical absolute"", ""economy"", ""politics""]}, {""start"": 477, ""end"": 533, ""text"": ""we were giving mortgages to people who weren't qualified"", ""reason_text"": """", ""reason_choices"": [""economy""]}, {""start"": 557, ""end"": 620, ""text"": ""It's one of the reasons for the great financial calamity we had"", ""reason_text"": """", ""reason_choices"": [""causation"", ""economy""]}, {""start"": 773, ""end"": 836, ""text"": ""they didn't ever go on and define what a qualified mortgage was"", ""reason_text"": """", ""reason_choices"": [""economy"", ""politics""]}]",
2012100300208,20121003_obama_romney,ROMNEY,"Thank you, Jim, and Mr. President. And thank you for tuning in this evening. This is a — this is an important election and I'm concerned about America. I'm concerned about the direction America has been taking over the last four years. I — I know this is bigger than an election about the two of us as individuals. It's bigger than our respective parties. It's an election about the course of America. What kind of America do you want to have for yourself and for your children. And there really are two very different paths that we began speaking about this evening, and over the course of this month we're going to have two more presidential debates and a vice presidential debate. We're talk about those two paths. But they lead in very different directions. And it's not just looking to our words that you have to take in evidence of where they go. You can look at the record. There's no question in my mind that if the president were to be reelected you'll continue to see a middle-class squeeze with incomes going down and prices going up. I'll get incomes up again. You'll see chronic unemployment. We've had 43 straight months with unemployment above 8 percent. If I'm president I will create — help create 12 million new jobs in this country with rising incomes. If the president's reelected, Obamacare will be fully installed. In my view that's going to mean a whole different way of life for people who counted on the insurance plan they had in the past. Many will lose it. You're going to see health premiums go up by some $2,500 per family. If I'm elected we won't have Obama. We'll put in place the kind of principles that I put in place in my own state and allow each state to craft their own programs to get people insured and we'll focus on getting the cost of health care down. If the president were to be reelected you're going to see a $716 billion cut to Medicare. You'll have 4 million people who will lose Medicare Advantage. You'll have hospital and providers that'll no longer accept Medicare patients. I'll restore that $716 billion to Medicare. And finally, military. The president's reelected you'll see dramatic cuts to our military. The secretary of defense has said these would be even devastating. I will not cut our commitment to our military. I will keep America strong and get America's middle class working again. Thank you, Jim.",True,"[{""start"": 1106, ""end"": 1168, ""text"": ""We've had 43 straight months with unemployment above 8 percent"", ""reason_text"": """", ""reason_choices"": [""numerical absolute"", ""statistic"", ""comparative/temporal"", ""economy""]}, {""start"": 1505, ""end"": 1552, ""text"": ""health premiums go up by some $2,500 per family"", ""reason_text"": """", ""reason_choices"": [""numerical absolute"", ""forecast/projection"", ""economy"", ""medicine""]}, {""start"": 1796, ""end"": 1884, ""text"": ""If the president were to be reelected you're going to see a $716 billion cut to Medicare"", ""reason_text"": """", ""reason_choices"": [""numerical absolute"", ""forecast/projection"", ""stance/support"", ""medicine""]}, {""start"": 1898, ""end"": 1947, ""text"": ""4 million people who will lose Medicare Advantage"", ""reason_text"": """", ""reason_choices"": [""numerical absolute"", ""forecast/projection"", ""medicine""]}]",
2012100300005,20121003_obama_romney,ROMNEY,"Thank you, Jim. It's an honor to be here with you, and I appreciate the chance to be with the president. I'm pleased to be at the University of Denver, appreciate their welcome, and also the Presidential Commission on these debates. And congratulations to you, Mr. President, on your anniversary. I'm sure this was the most romantic place you could imagine, here — here with me. So I… (LAUGHTER) Congratulations. This is obviously a very tender topic. I've had the occasion over the last couple of years of meeting people across the country. I was in Dayton, Ohio, and a woman grabbed my arm and she said, “I've been out of work since May. Can you help me?” Ann yesterday was at a rally in Denver and a woman came up to her with a baby in her arms and said, “Ann, my husband has had four jobs in three years, part-time jobs. He's lost his most recent job and we've now just lost our home. Can you help us?” And the answer is, yes, we can help, but it's going to take a different path. Not the one we've been on, not the one the president describes as a top-down, cut taxes for the rich. That's not what I'm going to do. My plan has five basic parts. One, get us energy independent, North American energy independent. That creates about 4 million jobs. Number two, open up more trade, particularly in Latin America. Crack down on China, if and when they cheat. Number three, make sure our people have the skills they need to succeed and the best schools in the world. We're far away from that now. Number four, get to us a balanced budget. Number five, champion small business. It's small business that creates the jobs in America, and over the last four years, small business people have decided that America may not be the place to open a new business because new business startups are down to a 30-year low.",True,"[{""start"": 1217, ""end"": 1250, ""text"": ""That creates about 4 million jobs"", ""reason_text"": """", ""reason_choices"": [""forecast/projection"", ""energy"", ""other""]}, {""start"": 1467, ""end"": 1495, ""text"": ""We're far away from that now"", ""reason_text"": """", ""reason_choices"": [""education""]}, {""start"": 1761, ""end"": 1808, ""text"": ""new business startups are down to a 30-year low"", ""reason_text"": """", ""reason_choices"": [""ranking"", ""economy""]}]",
2012100300110,20121003_obama_romney,ROMNEY,That's — that's a big topic. Can we — can we stay on Medicare?,False,[],
2012100300118,20121003_obama_romney,ROMNEY,The president said that the government can provide the service at lower cost and without a profit.,False,[],
2012100300152,20121003_obama_romney,ROMNEY,"We didn't put in place a board that can tell people ultimately what treatments they're going to receive. We didn't also do something that I think a number of people across this country recognize, which is put — put people in a position where they're going to lose the insurance they had and they wanted. Right now, the CBO says up to 20 million people will lose their insurance as Obamacare goes into effect next year. And likewise, a study by McKinsey and Company of American businesses said 30 percent of them are anticipating dropping people from coverage. So for those reasons, for the tax, for Medicare, for this board, and for people losing their insurance, this is why the American people don't want Medicare — don't want Obamacare. It's why Republicans said, do not do this, and the Republicans had — had the plan. They put a plan out. They put out a plan, a bipartisan plan. It was swept aside. I think something this big, this important has to be done on a bipartisan basis. And we have to have a president who can reach across the aisle and fashion important legislation with the input from both parties.",True,"[{""start"": 315, ""end"": 417, ""text"": ""the CBO says up to 20 million people will lose their insurance as Obamacare goes into effect next year"", ""reason_text"": """", ""reason_choices"": [""numerical absolute"", ""forecast/projection"", ""economy"", ""medicine""]}, {""start"": 433, ""end"": 558, ""text"": ""a study by McKinsey and Company of American businesses said 30 percent of them are anticipating dropping people from coverage"", ""reason_text"": """", ""reason_choices"": [""statistic"", ""epistemic"", ""medicine""]}, {""start"": 844, ""end"": 902, ""text"": ""They put out a plan, a bipartisan plan. It was swept aside"", ""reason_text"": """", ""reason_choices"": [""politics""]}]",
2012100300178,20121003_obama_romney,ROMNEY,We know that the path we're taking is not working. It's time for a new path.,False,[],
2012100300198,20121003_obama_romney,ROMNEY,"We — as president, I will sit on day one — actually, the day after I get elected — I'll sit down with leaders — the Democratic leaders, as well as Republican leaders, and continue — as we did in my state — we met every Monday for a couple hours, talked about the issues and the challenges in the — in the — in our state in that case. We have to work on a collaborative basis, not because we're going to compromise our principle, but because there's common ground. And the challenges America faces right now — look, the reason I'm in this race is there are people that are really hurting today in this country. And we face — this deficit could crush the future generations. What's happening in the Middle East, there are developments around the world that are of real concern.",False,[],
2012100300150,20121003_obama_romney,ROMNEY,"Well, I did with my first statement. (CROSSTALK)",False,[],
2012100300135,20121003_obama_romney,ROMNEY,"Well, I would repeal and replace it. We're not going to get rid of all regulation. You have to have regulation. And there are some parts of Dodd-Frank that make all the sense in the world. You need transparency, you need to have leverage limits for…",False,[],
2012100300090,20121003_obama_romney,ROMNEY,"Well, Jim, our seniors depend on these programs, and I know anytime we talk about entitlements, people become concerned that something's going to happen that's going to change their life for the worse. And the answer is neither the president nor I are proposing any changes for any current retirees or near retirees, either to Social Security or Medicare. So if you're 60 or around 60 or older, you don't need to listen any further. But for younger people, we need to talk about what changes are going to be occurring. Oh, I just thought about one. And that is, in fact, I was wrong when I said the president isn't proposing any changes for current retirees. In fact he is on Medicare. On Social Security he's not. But on Medicare, for current retirees, he's cutting $716 billion from the program. Now, he says by not overpaying hospitals and providers. Actually just going to them and saying, “We're going to reduce the rates you get paid across the board, everybody's going to get a lower rate.” That's not just going after places where there's abuse. That's saying we're cutting the rates. Some 15 percent of hospitals and nursing homes say they won't take anymore Medicare patients under that scenario. We also have 50 percent of doctors who say they won't take more Medicare patients. This — we have 4 million people on Medicare Advantage that will lose Medicare Advantage because of those $716 billion in cuts. I can't understand how you can cut Medicare $716 billion for current recipients of Medicare. Now, you point out, well, we're putting some back. We're going to give a better prescription program. That's $1 — that's $1 for every $15 you've cut. They're smart enough to know that's not a good trade. I want to take that $716 billion you've cut and put it back into Medicare. By the way, we can include a prescription program if we need to improve it. But the idea of cutting $716 billion from Medicare to be able to balance the additional cost of Obamacare is, in my opinion, a mistake. And with regards to young people coming along, I've got proposals to make sure Medicare and Social Security are there for them without any question.",True,"[{""start"": 719, ""end"": 796, ""text"": ""on Medicare, for current retirees, he's cutting $716 billion from the program"", ""reason_text"": """", ""reason_choices"": [""numerical absolute"", ""attribution"", ""stance/support"", ""economy"", ""medicine""]}, {""start"": 1098, ""end"": 1205, ""text"": ""15 percent of hospitals and nursing homes say they won't take anymore Medicare patients under that scenario"", ""reason_text"": """", ""reason_choices"": [""statistic"", ""medicine""]}, {""start"": 1220, ""end"": 1288, ""text"": ""50 percent of doctors who say they won't take more Medicare patients"", ""reason_text"": """", ""reason_choices"": [""statistic"", ""medicine""]}, {""start"": 1305, ""end"": 1415, ""text"": ""4 million people on Medicare Advantage that will lose Medicare Advantage because of those $716 billion in cuts"", ""reason_text"": """", ""reason_choices"": [""numerical absolute"", ""economy"", ""medicine""]}, {""start"": 1624, ""end"": 1658, ""text"": ""that's $1 for every $15 you've cut"", ""reason_text"": """", ""reason_choices"": [""numerical absolute"", ""economy"", ""medicine""]}]",
2012100300160,20121003_obama_romney,ROMNEY,"Well, actually it's — it's — it's a lengthy description. But, number one, preexisting conditions are covered under my plan. Number two, young people are able to stay on their family plan. That's already offered in the private marketplace. You don't have to have the government mandate that for that to occur. But let's come back to something the president and I agree on, which is the key task we have in health care is to get the cost down so it's more affordable for families. And then he has as a model for doing that a board of people at the government, an unelected board, appointed board, who are going to decide what kind of treatment you ought to have. (CROSSTALK)",True,"[{""start"": 188, ""end"": 237, ""text"": ""That's already offered in the private marketplace"", ""reason_text"": """", ""reason_choices"": [""medicine""]}, {""start"": 488, ""end"": 659, ""text"": ""he has as a model for doing that a board of people at the government, an unelected board, appointed board, who are going to decide what kind of treatment you ought to have"", ""reason_text"": """", ""reason_choices"": [""stance/support"", ""medicine""]}]",
2012100300021,20121003_obama_romney,ROMNEY,"Well, but — but virtually — virtually everything he just said about my tax plan is inaccurate.",False,[],
2012100300175,20121003_obama_romney,ROMNEY,"Well, first, I love great schools. Massachusetts, our schools are ranked number one of all 50 states. And the key to great schools, great teachers. So I reject the idea that I don't believe in great teachers or more teachers. Every school district, every state should make that decision on their own. The role of government: Look behind us. The Constitution and the Declaration of Independence. The role of government is to promote and protect the principles of those documents.",True,"[{""start"": 35, ""end"": 100, ""text"": ""Massachusetts, our schools are ranked number one of all 50 states"", ""reason_text"": """", ""reason_choices"": [""ranking"", ""education""]}]",
2012100300011,20121003_obama_romney,ROMNEY,"Well, sure. I'd like to clear up the record and go through it piece by piece. First of all, I don't have a $5 trillion tax cut. I don't have a tax cut of a scale that you're talking about. My view is that we ought to provide tax relief to people in the middle class. But I'm not going to reduce the share of taxes paid by high-income people. High-income people are doing just fine in this economy. They'll do fine whether you're president or I am. The people who are having the hard time right now are middle-income Americans. Under the president's policies, middle-income Americans have been buried. They're just being crushed. Middle-income Americans have seen their income come down by $4,300. This is a — this is a tax in and of itself. I'll call it the economy tax. It's been crushing. At the same time, gasoline prices have doubled under the president. Electric rates are up. Food prices are up. Health care costs have gone up by $2,500 a family. Middle-income families are being crushed.",True,"[{""start"": 92, ""end"": 126, ""text"": ""I don't have a $5 trillion tax cut"", ""reason_text"": """", ""reason_choices"": [""numerical absolute"", ""economy""]}, {""start"": 629, ""end"": 695, ""text"": ""Middle-income Americans have seen their income come down by $4,300"", ""reason_text"": """", ""reason_choices"": [""numerical absolute"", ""economy""]}, {""start"": 809, ""end"": 857, ""text"": ""gasoline prices have doubled under the president"", ""reason_text"": """", ""reason_choices"": [""numerical absolute"", ""comparative/temporal"", ""economy"", ""energy""]}, {""start"": 859, ""end"": 880, ""text"": ""Electric rates are up"", ""reason_text"": """", ""reason_choices"": [""comparative/temporal"", ""economy"", ""energy""]}, {""start"": 882, ""end"": 900, ""text"": ""Food prices are up"", ""reason_text"": """", ""reason_choices"": [""comparative/temporal"", ""economy""]}, {""start"": 902, ""end"": 951, ""text"": ""Health care costs have gone up by $2,500 a family"", ""reason_text"": """", ""reason_choices"": [""numerical absolute"", ""comparative/temporal"", ""economy"", ""medicine""]}]",
2012100300180,20121003_obama_romney,ROMNEY,"Well, the primary responsibility for education is — is, of course, at the state and local level. But the federal government also can play a very important role. And I — and I agree with Secretary Arne Duncan, he's — some ideas he's put forward on Race to the Top, not all of them, but some of them I agree with and — and congratulate him for pursuing that. The federal government can get local and — and state schools to do a better job. My own view, by the way, is I've added to that. I happen to believe, I want the kids that are getting federal dollars from IDEA or Title I — these are disabled kids or — or — or poor kids or — or lower-income kids, rather, I want them to be able to go to the school of their choice. So all federal funds, instead of going to the — to the state or to the school district, I'd have go, if you will, follow the child and let the parent and the child decide where to send their — their — their student.",False,[],
2012100300101,20121003_obama_romney,ROMNEY,What I support is no change for current retirees and near-retirees to Medicare. And the president supports taking $716 billion out of that program.,True,"[{""start"": 84, ""end"": 146, ""text"": ""the president supports taking $716 billion out of that program"", ""reason_text"": """", ""reason_choices"": [""numerical absolute"", ""stance/support"", ""economy"", ""medicine""]}]",
2012100300081,20121003_obama_romney,ROMNEY,"What we do have right now is a setting where I'd like to bring money from overseas back to this country. And, finally, Medicaid to states? I'm not quite sure where that came in, except this, which is, I would like to take the Medicaid dollars that go to states and say to a state, you're going to get what you got last year, plus inflation, plus 1 percent, and then you're going to manage your care for your poor in the way you think best. And I remember, as a governor, when this idea was floated by Tommy Thompson, the governors — Republican and Democrats — said, please let us do that. We can care for our own poor in so much better and more effective a way than having the federal government tell us how to care for our poor. So — so let's state — one of the magnificent things about this country is the whole idea that states are the laboratories of democracy. Don't have the federal government tell everybody what kind of training programs they have to have and what kind of Medicaid they have to have. Let states do this. And, by the way, if a state gets in trouble, well, we can step in and see if we can find a way to help them.",True,"[{""start"": 471, ""end"": 587, ""text"": ""when this idea was floated by Tommy Thompson, the governors — Republican and Democrats — said, please let us do that"", ""reason_text"": """", ""reason_choices"": [""attribution"", ""economy"", ""politics""]}]",
2012100300168,20121003_obama_romney,ROMNEY,"Which is — which is my experience as a governor is if I come in and — and lay down a piece of legislation and say, “It's my way or the highway,” I don't get a lot done. What I do is the same way that Tip O'Neill and Ronald Reagan worked together some years ago. When Ronald Reagan ran for office, he laid out the principles that he was going to foster. He said he was going to lower tax rates. He said he was going to broaden the base. You've said the same thing, you're going to simplify the tax code, broaden the base. Those are my principles. I want to bring down the tax burden on middle-income families. And I'm going to work together with Congress to say, OK, what — what are the various ways we could bring down deductions, for instance? One way, for instance, would be to have a single number. Make up a number, $25,000, $50,000. Anybody can have deductions up to that amount. And then that number disappears for high-income people. That's one way one could do it. One could follow Bowles-Simpson as a model and take deduction by deduction and make differences that way. There are alternatives to accomplish the objective I have, which is to bring down rates, broaden the base, simplify the code, and create incentives for growth. And with regards to health care, you had remarkable details with regards to my pre-existing condition plan. You obviously studied up on — on my plan. In fact, I do have a plan that deals with people with pre-existing conditions. That's part of my health care plan. And what we did in Massachusetts is a model for the nation state by state. And I said that at that time. The federal government taking over health care for the entire nation and whisking aside the 10th Amendment, which gives states the rights for these kinds of things, is not the course for America to have a stronger, more vibrant economy.",False,[],
2012100300035,20121003_obama_romney,ROMNEY,"You bet. Well, President, you're — Mr. President, you're absolutely right, which is that, with regards to 97 percent of the businesses are not — not taxed at the 35 percent tax rate, they're taxed at a lower rate. But those businesses that are in the last 3 percent of businesses happen to employ half — half of all the people who work in small business. Those are the businesses that employ one-quarter of all the workers in America. And your plan is to take their tax rate from 35 percent to 40 percent. Now, and — and I've talked to a guy who has a very small business. He's in the electronics business in — in St. Louis. He has four employees. He said he and his son calculated how much they pay in taxes, federal income tax, federal payroll tax, state income tax, state sales tax, state property tax, gasoline tax. It added up to well over 50 percent of what they earned. And your plan is to take the tax rate on successful small businesses from 35 percent to 40 percent. The National Federation of Independent Businesses has said that will cost 700,000 jobs. I don't want to cost jobs. My priority is jobs. And so what I do is I bring down the tax rates, lower deductions and exemptions, the same idea behind Bowles-Simpson, by the way, get the rates down, lower deductions and exemptions, to create more jobs, because there's nothing better for getting us to a balanced budget than having more people working, earning more money, paying more taxes. That's by far the most effective and efficient way to get this budget balanced.",True,"[{""start"": 106, ""end"": 212, ""text"": ""97 percent of the businesses are not — not taxed at the 35 percent tax rate, they're taxed at a lower rate"", ""reason_text"": """", ""reason_choices"": [""numerical absolute"", ""statistic"", ""economy""]}, {""start"": 247, ""end"": 353, ""text"": ""the last 3 percent of businesses happen to employ half — half of all the people who work in small business"", ""reason_text"": """", ""reason_choices"": [""statistic"", ""economy""]}, {""start"": 355, ""end"": 433, ""text"": ""Those are the businesses that employ one-quarter of all the workers in America"", ""reason_text"": """", ""reason_choices"": [""statistic"", ""economy""]}, {""start"": 439, ""end"": 504, ""text"": ""your plan is to take their tax rate from 35 percent to 40 percent"", ""reason_text"": """", ""reason_choices"": [""numerical absolute"", ""stance/support"", ""economy""]}, {""start"": 881, ""end"": 975, ""text"": ""your plan is to take the tax rate on successful small businesses from 35 percent to 40 percent"", ""reason_text"": """", ""reason_choices"": [""numerical absolute"", ""stance/support""]}, {""start"": 977, ""end"": 1063, ""text"": ""The National Federation of Independent Businesses has said that will cost 700,000 jobs"", ""reason_text"": """", ""reason_choices"": [""numerical absolute"", ""forecast/projection"", ""attribution"", ""economy""]}]",
2012100300060,20121003_obama_romney,ROMNEY,"You've been president four years. You said you'd cut the deficit in half. It's now four years later. We still have trillion-dollar deficits. The CBO says we'll have a trillion-dollar deficit each of the next four years. If you're re-elected, we'll get to a trillion-dollar debt.",True,"[{""start"": 34, ""end"": 72, ""text"": ""You said you'd cut the deficit in half"", ""reason_text"": """", ""reason_choices"": [""numerical absolute"", ""attribution"", ""economy""]}, {""start"": 101, ""end"": 139, ""text"": ""We still have trillion-dollar deficits"", ""reason_text"": """", ""reason_choices"": [""numerical absolute""]}, {""start"": 141, ""end"": 218, ""text"": ""The CBO says we'll have a trillion-dollar deficit each of the next four years"", ""reason_text"": """", ""reason_choices"": [""forecast/projection"", ""attribution"", ""economy""]}]",
2012100300097,20121003_obama_romney,ROMNEY,"… people, right, not for current retirees.",False,[],
2012100300031,20121003_obama_romney,ROMNEY,… the small businesses we're talking about…,False,[],
2012100300075,20121003_obama_romney,ROMNEY,"… to oil, to tax breaks, then companies going overseas. So let's go through them one by one. First of all, the Department of Energy has said the tax break for oil companies is $2.8 billion a year. And it's actually an accounting treatment, as you know, that's been in place for a hundred years. Now…",True,"[{""start"": 107, ""end"": 195, ""text"": ""the Department of Energy has said the tax break for oil companies is $2.8 billion a year"", ""reason_text"": """", ""reason_choices"": [""numerical absolute"", ""economy"", ""energy""]}]",
2016092600037,20160926_trump_clinton,CLINTON,And I have been a secretary of state…,False,[],
2016092600039,20160926_trump_clinton,CLINTON,And I have done a lot…,False,[],
2016092600028,20160926_trump_clinton,CLINTON,"And I have—well, not quite that long. I think my husband did a pretty good job in the 1990s. I think a lot about what worked and how we can make it work again…",False,[],
2016092600021,20160926_trump_clinton,CLINTON,"And I think it’s important that we grip this and deal with it, both at home and abroad. And here’s what we can do. We can deploy a half a billion more solar panels. We can have enough clean energy to power every home. We can build a new modern electric grid. That’s a lot of jobs; that’s a lot of new economic activity. So I’ve tried to be very specific about what we can and should do, and I am determined that we’re going to get the economy really moving again, building on the progress we’ve made over the last eight years, but never going back to what got us in trouble in the first place.",True,"[{""start"": 115, ""end"": 163, ""text"": ""We can deploy a half a billion more solar panels"", ""reason_text"": """", ""reason_choices"": [""numerical absolute"", ""environment""]}, {""start"": 165, ""end"": 216, ""text"": ""We can have enough clean energy to power every home"", ""reason_text"": """", ""reason_choices"": [""environment""]}]",
2016092600128,20160926_trump_clinton,CLINTON,"And if I had to do it over again, I would, obviously, do it differently. But I’m not going to make any excuses. It was a mistake, and I take responsibility for that.",False,[],
2016092600132,20160926_trump_clinton,CLINTON,And maybe because you haven’t paid any federal income tax for a lot of years. [applause] And the other thing I think is important…,True,"[{""start"": 18, ""end"": 76, ""text"": ""you haven’t paid any federal income tax for a lot of years"", ""reason_text"": """", ""reason_choices"": [""personal life""]}]",
2016092600287,20160926_trump_clinton,CLINTON,"And one of the worst things he said was about a woman in a beauty contest. He loves beauty contests, supporting them and hanging around them. And he called this woman “Miss Piggy.” Then he called her “Miss Housekeeping,” because she was Latina. Donald, she has a name.",True,"[{""start"": 146, ""end"": 180, ""text"": ""he called this woman “Miss Piggy.”"", ""reason_text"": """", ""reason_choices"": [""attribution"", ""gender equality""]}, {""start"": 181, ""end"": 243, ""text"": ""Then he called her “Miss Housekeeping,” because she was Latina"", ""reason_text"": """", ""reason_choices"": [""attribution"", ""gender equality""]}]",
2016092600291,20160926_trump_clinton,CLINTON,"And she has become a U.S. citizen, and you can bet…",False,[],
2016092600142,20160926_trump_clinton,CLINTON,And we need to be very clear about that.,False,[],
2016092600247,20160926_trump_clinton,CLINTON,"And, in fact, his cavalier attitude about nuclear weapons is so deeply troubling. That is the number-one threat we face in the world. And it becomes particularly threatening if terrorists ever get their hands on any nuclear material. So a man who can be provoked by a tweet should not have his fingers anywhere near the nuclear codes, as far as I think anyone with any sense about this should be concerned.",False,[],
2016092600060,20160926_trump_clinton,CLINTON,"But in—oh, but I do.",False,[],
2016092600067,20160926_trump_clinton,CLINTON,"But it’s because I see this—we need to have strong growth, fair growth, sustained growth. We also have to look at how we help families balance the responsibilities at home and the responsibilities at business. So we have a very robust set of plans. And people have looked at both of our plans, have concluded that mine would create 10 million jobs and yours would lose us 3.5 million jobs, and explode the debt which would have a recession.",True,"[{""start"": 314, ""end"": 347, ""text"": ""mine would create 10 million jobs"", ""reason_text"": """", ""reason_choices"": [""numerical absolute"", ""forecast/projection"", ""economy""]}, {""start"": 352, ""end"": 410, ""text"": ""yours would lose us 3.5 million jobs, and explode the debt"", ""reason_text"": """", ""reason_choices"": [""numerical absolute"", ""forecast/projection"", ""economy""]}]",
2016092600138,20160926_trump_clinton,CLINTON,"Do the thousands of people that you have stiffed over the course of your business not deserve some kind of apology from someone who has taken their labor, taken the goods that they produced, and then refused to pay them? I can only say that I’m certainly relieved that my late father never did business with you. He provided a good middle-class life for us, but the people he worked for, he expected the bargain to be kept on both sides. And when we talk about your business, you’ve taken business bankruptcy six times. There are a lot of great businesspeople that have never taken bankruptcy once. You call yourself the King of Debt. You talk about leverage. You even at one time suggested that you would try to negotiate down the national debt of the United States.",True,"[{""start"": 7, ""end"": 48, ""text"": ""thousands of people that you have stiffed"", ""reason_text"": """", ""reason_choices"": [""numerical absolute"", ""personal life""]}, {""start"": 200, ""end"": 219, ""text"": ""refused to pay them"", ""reason_text"": """", ""reason_choices"": [""personal life""]}, {""start"": 476, ""end"": 518, ""text"": ""you’ve taken business bankruptcy six times"", ""reason_text"": """", ""reason_choices"": [""numerical absolute"", ""personal life""]}, {""start"": 660, ""end"": 766, ""text"": ""You even at one time suggested that you would try to negotiate down the national debt of the United States"", ""reason_text"": """", ""reason_choices"": [""attribution"", ""economy""]}]",
2016092600209,20160926_trump_clinton,CLINTON,"He actually advocated for the actions we took in Libya and urged that Gadhafi be taken out, after actually doing some business with him one time. But the larger point—and he says this constantly—is George W. Bush made the agreement about when American troops would leave Iraq, not Barack Obama. And the only way that American troops could have stayed in Iraq is to get an agreement from the then-Iraqi government that would have protected our troops, and the Iraqi government would not give that. But let’s talk about the question you asked, Lester. The question you asked is, what do we do here in the United States? That’s the most important part of this. How do we prevent attacks? How do we protect our people? And I think we’ve got to have an intelligence surge, where we are looking for every scrap of information. I was so proud of law enforcement in New York, in Minnesota, in New Jersey. You know, they responded so quickly, so professionally to the attacks that occurred by Rahami. And they brought him down. And we may find out more information because he is still alive, which may prove to be an intelligence benefit. So we’ve got to do everything we can to vacuum up intelligence from Europe, from the Middle East. That means we’ve got to work more closely with our allies, and that’s something that Donald has been very dismissive of. We’re working with NATO, the longest military alliance in the history of the world, to really turn our attention to terrorism. We’re working with our friends in the Middle East, many of which, as you know, are Muslim majority nations. Donald has consistently insulted Muslims abroad, Muslims at home, when we need to be cooperating with Muslim nations and with the American Muslim community. They’re on the front lines. They can provide information to us that we might not get anywhere else. They need to have close working cooperation with law enforcement in these communities, not be alienated and pushed away as some of Donald’s rhetoric, unfortunately, has led to.",True,"[{""start"": 0, ""end"": 54, ""text"": ""He actually advocated for the actions we took in Libya"", ""reason_text"": """", ""reason_choices"": [""attribution"", ""stance/support"", ""geopolitics""]}, {""start"": 59, ""end"": 90, ""text"": ""urged that Gadhafi be taken out"", ""reason_text"": """", ""reason_choices"": [""attribution"", ""stance/support"", ""geopolitics""]}, {""start"": 198, ""end"": 275, ""text"": ""George W. Bush made the agreement about when American troops would leave Iraq"", ""reason_text"": """", ""reason_choices"": [""attribution"", ""geopolitics"", ""defense/military""]}, {""start"": 277, ""end"": 293, ""text"": ""not Barack Obama"", ""reason_text"": """", ""reason_choices"": [""attribution"", ""geopolitics"", ""defense/military""]}, {""start"": 1291, ""end"": 1347, ""text"": ""that’s something that Donald has been very dismissive of"", ""reason_text"": """", ""reason_choices"": [""attribution"", ""stance/support"", ""geopolitics"", ""terrorism""]}, {""start"": 1584, ""end"": 1648, ""text"": ""Donald has consistently insulted Muslims abroad, Muslims at home"", ""reason_text"": """", ""reason_choices"": [""attribution"", ""ethnicity/race""]}]",
2016092600289,20160926_trump_clinton,CLINTON,Her name is Alicia Machado.,False,[],
2016092600001,20160926_trump_clinton,CLINTON,"How are you, Donald? [applause]",False,[],
2016092600126,20160926_trump_clinton,CLINTON,"I do. You know, I made a mistake using a private e-mail.",False,[],
2016092600103,20160926_trump_clinton,CLINTON,"I happen to—I happen to support that in a way that will actually work to our benefit. But when I look at what you have proposed, you have what is called now the Trump loophole, because it would so advantage you and the business you do. You’ve proposed an approach that has a…",True,"[{""start"": 185, ""end"": 234, ""text"": ""it would so advantage you and the business you do"", ""reason_text"": """", ""reason_choices"": [""attribution"", ""economy"", ""personal life""]}]",
2016092600095,20160926_trump_clinton,CLINTON,"I have a feeling that by, the end of this evening, I’m going to be blamed for everything that’s ever happened.",False,[],
2016092600072,20160926_trump_clinton,CLINTON,"I kind of assumed that there would be a lot of these charges and claims, and so…",False,[],
2016092600019,20160926_trump_clinton,CLINTON,I think science is real.,False,[],
2016092600179,20160926_trump_clinton,CLINTON,"I think—I think—I think Donald just criticized me for preparing for this debate. And, yes, I did. And you know what else I prepared for? I prepared to be president. And I think that’s a good thing. [applause]",False,[],
2016092600062,20160926_trump_clinton,CLINTON,"In fact, I have written a book about it. It’s called “Stronger Together.” You can pick it up tomorrow at a bookstore…",False,[],
2016092600032,20160926_trump_clinton,CLINTON,"Incomes went up for everybody. Manufacturing jobs went up also in the 1990s, if we’re actually going to look at the facts. When I was in the Senate, I had a number of trade deals that came before me, and I held them all to the same test. Will they create jobs in America? Will they raise incomes in America? And are they good for our national security? Some of them I voted for. The biggest one, a multinational one known as CAFTA, I voted against. And because I hold the same standards as I look at all of these trade deals. But let’s not assume that trade is the only challenge we have in the economy. I think it is a part of it, and I’ve said what I’m going to do. I’m going to have a special prosecutor. We’re going to enforce the trade deals we have, and we’re going to hold people accountable. When I was secretary of state, we actually increased American exports globally 30 percent. We increased them to China 50 percent. So I know how to really work to get new jobs and to get exports that helped to create more new jobs.",True,"[{""start"": 0, ""end"": 29, ""text"": ""Incomes went up for everybody"", ""reason_text"": """", ""reason_choices"": [""vague quantitative"", ""economy""]}, {""start"": 31, ""end"": 75, ""text"": ""Manufacturing jobs went up also in the 1990s"", ""reason_text"": """", ""reason_choices"": [""vague quantitative"", ""economy""]}, {""start"": 432, ""end"": 447, ""text"": ""I voted against"", ""reason_text"": """", ""reason_choices"": [""stance/support""]}, {""start"": 800, ""end"": 889, ""text"": ""When I was secretary of state, we actually increased American exports globally 30 percent"", ""reason_text"": """", ""reason_choices"": [""statistic"", ""economy""]}, {""start"": 891, ""end"": 928, ""text"": ""We increased them to China 50 percent"", ""reason_text"": """", ""reason_choices"": [""statistic"", ""economy""]}]",
2016092600249,20160926_trump_clinton,CLINTON,"It’s a good one, though. It well describes the problem. [laughter]",False,[],
2016092600159,20160926_trump_clinton,CLINTON,"Lester, I think implicit bias is a problem for everyone, not just police. I think, unfortunately, too many of us in our great country jump to conclusions about each other. And therefore, I think we need all of us to be asking hard questions about, you know, why am I feeling this way? But when it comes to policing, since it can have literally fatal consequences, I have said, in my first budget, we would put money into that budget to help us deal with implicit bias by retraining a lot of our police officers. I’ve met with a group of very distinguished, experienced police chiefs a few weeks ago. They admit it’s an issue. They’ve got a lot of concerns. Mental health is one of the biggest concerns, because now police are having to handle a lot of really difficult mental health problems on the street. They want support, they want more training, they want more assistance. And I think the federal government could be in a position where we would offer and provide that.",False,[],
2016092600054,20160926_trump_clinton,CLINTON,"Look, there are differences…",False,[],
2016092600168,20160926_trump_clinton,CLINTON,"New York—New York has done an excellent job. And I give credit—I give credit across the board going back two mayors, two police chiefs, because it has worked. And other communities need to come together to do what will work, as well. Look, one murder is too many. But it is important that we learn about what has been effective. And not go to things that sound good that really did not have the kind of impact that we would want. Who disagrees with keeping neighborhoods safe? But let’s also add, no one should disagree about respecting the rights of young men who live in those neighborhoods. And so we need to do a better job of working, again, with the communities, faith communities, business communities, as well as the police to try to deal with this problem.",False,[],
2016092600017,20160926_trump_clinton,CLINTON,"Nine million people—nine million people lost their jobs. Five million people lost their homes. And $13 trillion in family wealth was wiped out. Now, we have come back from that abyss. And it has not been easy. So we’re now on the precipice of having a potentially much better economy, but the last thing we need to do is to go back to the policies that failed us in the first place. Independent experts have looked at what I’ve proposed and looked at what Donald’s proposed, and basically they’ve said this, that if his tax plan, which would blow up the debt by over $5 trillion and would in some instances disadvantage middle-class families compared to the wealthy, were to go into effect, we would lose 3.5 million jobs and maybe have another recession. They’ve looked at my plans and they’ve said, OK, if we can do this, and I intend to get it done, we will have 10 million more new jobs, because we will be making investments where we can grow the economy. Take clean energy. Some country is going to be the clean-energy superpower of the 21st century. Donald thinks that climate change is a hoax perpetrated by the Chinese. I think it’s real.",True,"[{""start"": 20, ""end"": 55, ""text"": ""nine million people lost their jobs"", ""reason_text"": """", ""reason_choices"": [""numerical absolute"", ""economy""]}, {""start"": 57, ""end"": 93, ""text"": ""Five million people lost their homes"", ""reason_text"": """", ""reason_choices"": [""numerical absolute"", ""economy""]}, {""start"": 99, ""end"": 142, ""text"": ""$13 trillion in family wealth was wiped out"", ""reason_text"": """", ""reason_choices"": [""numerical absolute"", ""economy""]}, {""start"": 536, ""end"": 578, ""text"": ""would blow up the debt by over $5 trillion"", ""reason_text"": """", ""reason_choices"": [""numerical absolute"", ""forecast/projection""]}, {""start"": 691, ""end"": 721, ""text"": ""we would lose 3.5 million jobs"", ""reason_text"": """", ""reason_choices"": [""numerical absolute"", ""forecast/projection""]}, {""start"": 853, ""end"": 890, ""text"": ""we will have 10 million more new jobs"", ""reason_text"": """", ""reason_choices"": [""numerical absolute"", ""forecast/projection""]}, {""start"": 1057, ""end"": 1127, ""text"": ""Donald thinks that climate change is a hoax perpetrated by the Chinese"", ""reason_text"": """", ""reason_choices"": [""attribution"", ""stance/support"", ""conspiracy"", ""environment""]}]",
2016092600089,20160926_trump_clinton,CLINTON,"No, we’re not. No, we’re not.",False,[],
2016092600124,20160926_trump_clinton,CLINTON,"So if he’s paid zero, that means zero for troops, zero for vets, zero for schools or health. And I think probably he’s not all that enthusiastic about having the rest of our country see what the real reasons are, because it must be something really important, even terrible, that he’s trying to hide. And the financial disclosure statements, they don’t give you the tax rate. They don’t give you all the details that tax returns would. And it just seems to me that this is something that the American people deserve to see. And I have no reason to believe that he’s ever going to release his tax returns, because there’s something he’s hiding. And we’ll guess. We’ll keep guessing at what it might be that he’s hiding. But I think the question is, were he ever to get near the White House, what would be those conflicts? Who does he owe money to? Well, he owes you the answers to that, and he should provide them.",True,"[{""start"": 342, ""end"": 374, ""text"": ""they don’t give you the tax rate"", ""reason_text"": """", ""reason_choices"": [""personal life""]}]",
2016092600074,20160926_trump_clinton,CLINTON,"So we have taken the home page of my website, HillaryClinton.com, and we’ve turned it into a fact-checker. So if you want to see in real-time what the facts are, please go and take a look. Because what I have proposed…",False,[],
2016092600070,20160926_trump_clinton,CLINTON,That can’t—that can’t be left to stand.,False,[],
2016092600207,20160926_trump_clinton,CLINTON,That is absolutely proved over and over again.,True,"[{""start"": 0, ""end"": 45, ""text"": ""That is absolutely proved over and over again"", ""reason_text"": """", ""reason_choices"": [""epistemic""]}]",
2016092600241,20160926_trump_clinton,CLINTON,"That is not the right temperament to be commander-in-chief, to be taunted. And the worst part…",False,[],
2016092600091,20160926_trump_clinton,CLINTON,"That’s a—that’s—go to the—please, fact checkers, get to work.",False,[],
2016092600058,20160926_trump_clinton,CLINTON,"There are different views about what’s good for our country, our economy, and our leadership in the world. And I think it’s important to look at what we need to do to get the economy going again. That’s why I said new jobs with rising incomes, investments, not in more tax cuts that would add $5 trillion to the debt.",True,"[{""start"": 269, ""end"": 316, ""text"": ""tax cuts that would add $5 trillion to the debt"", ""reason_text"": """", ""reason_choices"": [""numerical absolute"", ""forecast/projection"", ""economy""]}]",
2016092600048,20160926_trump_clinton,CLINTON,"Well, Donald, I know you live in your own reality, but that is not the facts. The facts are—I did say I hoped it would be a good deal, but when it was negotiated…",False,[],
2016092600205,20160926_trump_clinton,CLINTON,"Well, I hope the fact-checkers are turning up the volume and really working hard. Donald supported the invasion of Iraq.",True,"[{""start"": 82, ""end"": 119, ""text"": ""Donald supported the invasion of Iraq"", ""reason_text"": """", ""reason_choices"": [""attribution"", ""stance/support"", ""geopolitics""]}]",
2016092600302,20160926_trump_clinton,CLINTON,"Well, I support our democracy. And sometimes you win, sometimes you lose. But I certainly will support the outcome of this election. And I know Donald’s trying very hard to plant doubts about it, but I hope the people out there understand: This election’s really up to you. It’s not about us so much as it is about you and your families and the kind of country and future you want. So I sure hope you will get out and vote as though your future depended on it, because I think it does.",False,[],
2016092600195,20160926_trump_clinton,CLINTON,"Well, I think cyber security, cyber warfare will be one of the biggest challenges facing the next president, because clearly we’re facing at this point two different kinds of adversaries. There are the independent hacking groups that do it mostly for commercial reasons to try to steal information that they then can use to make money. But increasingly, we are seeing cyber attacks coming from states, organs of states. The most recent and troubling of these has been Russia. There’s no doubt now that Russia has used cyber attacks against all kinds of organizations in our country, and I am deeply concerned about this. I know Donald’s very praiseworthy of Vladimir Putin, but Putin is playing a really… [crosstalk] …tough, long game here. And one of the things he’s done is to let loose cyber attackers to hack into government files, to hack into personal files, hack into the Democratic National Committee. And we recently have learned that, you know, that this is one of their preferred methods of trying to wreak havoc and collect information. We need to make it very clear—whether it’s Russia, China, Iran or anybody else—the United States has much greater capacity. And we are not going to sit idly by and permit state actors to go after our information, our private-sector information or our public-sector information. And we’re going to have to make it clear that we don’t want to use the kinds of tools that we have. We don’t want to engage in a different kind of warfare. But we will defend the citizens of this country. And the Russians need to understand that. I think they’ve been treating it as almost a probing, how far would we go, how much would we do. And that’s why I was so—I was so shocked when Donald publicly invited Putin to hack into Americans. That is just unacceptable. It’s one of the reasons why 50 national security officials who served in Republican information—in administrations…",True,"[{""start"": 340, ""end"": 418, ""text"": ""increasingly, we are seeing cyber attacks coming from states, organs of states"", ""reason_text"": """", ""reason_choices"": [""vague quantitative"", ""geopolitics"", ""technology""]}, {""start"": 502, ""end"": 581, ""text"": ""Russia has used cyber attacks against all kinds of organizations in our country"", ""reason_text"": """", ""reason_choices"": [""geopolitics"", ""technology""]}, {""start"": 628, ""end"": 672, ""text"": ""Donald’s very praiseworthy of Vladimir Putin"", ""reason_text"": """", ""reason_choices"": [""attribution"", ""stance/support"", ""geopolitics""]}, {""start"": 865, ""end"": 908, ""text"": ""hack into the Democratic National Committee"", ""reason_text"": """", ""reason_choices"": [""technology"", ""other""]}, {""start"": 1717, ""end"": 1769, ""text"": ""Donald publicly invited Putin to hack into Americans"", ""reason_text"": """", ""reason_choices"": [""attribution"", ""geopolitics"", ""technology""]}]",
2016092600007,20160926_trump_clinton,CLINTON,"Well, I think that trade is an important issue. Of course, we are 5 percent of the world’s population; we have to trade with the other 95 percent. And we need to have smart, fair trade deals. We also, though, need to have a tax system that rewards work and not just financial transactions. And the kind of plan that Donald has put forth would be trickle-down economics all over again. In fact, it would be the most extreme version, the biggest tax cuts for the top percent of the people in this country than we’ve ever had. I call it trumped-up trickle-down, because that’s exactly what it would be. That is not how we grow the economy. We just have a different view about what’s best for growing the economy, how we make investments that will actually produce jobs and rising incomes. I think we come at it from somewhat different perspectives. I understand that. You know, Donald was very fortunate in his life, and that’s all to his benefit. He started his business with $14 million, borrowed from his father, and he really believes that the more you help wealthy people, the better off we’ll be and that everything will work out from there. I don’t buy that. I have a different experience. My father was a small-businessman. He worked really hard. He printed drapery fabrics on long tables, where he pulled out those fabrics and he went down with a silkscreen and dumped the paint in and took the squeegee and kept going. And so what I believe is the more we can do for the middle class, the more we can invest in you, your education, your skills, your future, the better we will be off and the better we’ll grow. That’s the kind of economy I want us to see again.",True,"[{""start"": 945, ""end"": 1011, ""text"": ""He started his business with $14 million, borrowed from his father"", ""reason_text"": """", ""reason_choices"": [""numerical absolute"", ""personal life""]}]",
2016092600201,20160926_trump_clinton,CLINTON,"Well, I think there are a number of issues that we should be addressing. I have put forth a plan to defeat ISIS. It does involve going after them online. I think we need to do much more with our tech companies to prevent ISIS and their operatives from being able to use the Internet to radicalize, even direct people in our country and Europe and elsewhere. But we also have to intensify our air strikes against ISIS and eventually support our Arab and Kurdish partners to be able to actually take out ISIS in Raqqa, end their claim of being a Caliphate. We’re making progress. Our military is assisting in Iraq. And we’re hoping that within the year we’ll be able to push ISIS out of Iraq and then, you know, really squeeze them in Syria. But we have to be cognizant of the fact that they’ve had foreign fighters coming to volunteer for them, foreign money, foreign weapons, so we have to make this the top priority. And I would also do everything possible to take out their leadership. I was involved in a number of efforts to take out Al Qaida leadership when I was secretary of state, including, of course, taking out bin Laden. And I think we need to go after Baghdadi, as well, make that one of our organizing principles. Because we’ve got to defeat ISIS, and we’ve got to do everything we can to disrupt their propaganda efforts online.",True,"[{""start"": 266, ""end"": 356, ""text"": ""use the Internet to radicalize, even direct people in our country and Europe and elsewhere"", ""reason_text"": """", ""reason_choices"": [""terrorism"", ""technology""]}, {""start"": 785, ""end"": 874, ""text"": ""they’ve had foreign fighters coming to volunteer for them, foreign money, foreign weapons"", ""reason_text"": """", ""reason_choices"": [""geopolitics"", ""terrorism""]}, {""start"": 988, ""end"": 1087, ""text"": ""I was involved in a number of efforts to take out Al Qaida leadership when I was secretary of state"", ""reason_text"": """", ""reason_choices"": [""attribution"", ""geopolitics"", ""terrorism""]}, {""start"": 1111, ""end"": 1131, ""text"": ""taking out bin Laden"", ""reason_text"": """", ""reason_choices"": [""attribution"", ""geopolitics"", ""terrorism""]}]",
2016092600122,20160926_trump_clinton,CLINTON,"Well, I think you’ve just seen another example of bait-and-switch here. For 40 years, everyone running for president has released their tax returns. You can go and see nearly, I think, 39, 40 years of our tax returns, but everyone has done it. We know the IRS has made clear there is no prohibition on releasing it when you’re under audit. So you’ve got to ask yourself, why won’t he release his tax returns? And I think there may be a couple of reasons. First, maybe he’s not as rich as he says he is. Second, maybe he’s not as charitable as he claims to be. Third, we don’t know all of his business dealings, but we have been told through investigative reporting that he owes about $650 million to Wall Street and foreign banks. Or maybe he doesn’t want the American people, all of you watching tonight, to know that he’s paid nothing in federal taxes, because the only years that anybody’s ever seen were a couple of years when he had to turn them over to state authorities when he was trying to get a casino license, and they showed he didn’t pay any federal income tax.",True,"[{""start"": 72, ""end"": 147, ""text"": ""For 40 years, everyone running for president has released their tax returns"", ""reason_text"": """", ""reason_choices"": [""numerical absolute"", ""politics"", ""personal life""]}, {""start"": 252, ""end"": 338, ""text"": ""the IRS has made clear there is no prohibition on releasing it when you’re under audit"", ""reason_text"": """", ""reason_choices"": [""attribution"", ""personal life""]}, {""start"": 670, ""end"": 729, ""text"": ""he owes about $650 million to Wall Street and foreign banks"", ""reason_text"": """", ""reason_choices"": [""numerical absolute"", ""personal life""]}, {""start"": 819, ""end"": 853, ""text"": ""he’s paid nothing in federal taxes"", ""reason_text"": """", ""reason_choices"": [""numerical absolute"", ""personal life""]}, {""start"": 863, ""end"": 1019, ""text"": ""the only years that anybody’s ever seen were a couple of years when he had to turn them over to state authorities when he was trying to get a casino license"", ""reason_text"": """", ""reason_choices"": [""personal life""]}, {""start"": 1025, ""end"": 1073, ""text"": ""they showed he didn’t pay any federal income tax"", ""reason_text"": """", ""reason_choices"": [""epistemic"", ""personal life""]}]",
2016092600176,20160926_trump_clinton,CLINTON,"Well, I—I do think…",False,[],
2016092600035,20160926_trump_clinton,CLINTON,"Well, I’ve been a senator, Donald…",False,[],
2016092600155,20160926_trump_clinton,CLINTON,"Well, I’ve heard—I’ve heard Donald say this at his rallies, and it’s really unfortunate that he paints such a dire negative picture of black communities in our country.",False,[],
2016092600026,20160926_trump_clinton,CLINTON,"Well, actually, I have thought about this quite a bit.",False,[],
2016092600278,20160926_trump_clinton,CLINTON,"Well, as soon as he travels to 112 countries and negotiates a peace deal, a cease-fire, a release of dissidents, an opening of new opportunities in nations around the world, or even spends 11 hours testifying in front of a congressional committee, he can talk to me about stamina. [applause]",False,[],
2016092600086,20160926_trump_clinton,CLINTON,"Well, at least I have a plan to fight ISIS.",False,[],
2016092600164,20160926_trump_clinton,CLINTON,"Well, it’s also fair to say, if we’re going to talk about mayors, that under the current mayor, crime has continued to drop, including murders. So there is…",True,"[{""start"": 71, ""end"": 142, ""text"": ""under the current mayor, crime has continued to drop, including murders"", ""reason_text"": """", ""reason_choices"": [""vague quantitative"", ""crime/law""]}]",
2016092600191,20160926_trump_clinton,CLINTON,"Well, just listen to what you heard. [laughter] And clearly, as Donald just admitted, he knew he was going to stand on this debate stage, and Lester Holt was going to be asking us questions, so he tried to put the whole racist birther lie to bed. But it can’t be dismissed that easily. He has really started his political activity based on this racist lie that our first black president was not an American citizen. There was absolutely no evidence for it, but he persisted, he persisted year after year, because some of his supporters, people that he was trying to bring into his fold, apparently believed it or wanted to believe it. But, remember, Donald started his career back in 1973 being sued by the Justice Department for racial discrimination because he would not rent apartments in one of his developments to African-Americans, and he made sure that the people who worked for him understood that was the policy. He actually was sued twice by the Justice Department. So he has a long record of engaging in racist behavior. And the birther lie was a very hurtful one. You know, Barack Obama is a man of great dignity. And I could tell how much it bothered him and annoyed him that this was being touted and used against him. But I like to remember what Michelle Obama said in her amazing speech at our Democratic National Convention: When they go low, we go high. And Barack Obama went high, despite Donald Trump’s best efforts to bring him down.",True,"[{""start"": 227, ""end"": 238, ""text"": ""birther lie"", ""reason_text"": """", ""reason_choices"": [""conspiracy"", ""politics"", ""ethnicity/race"", ""personal life""]}, {""start"": 361, ""end"": 414, ""text"": ""our first black president was not an American citizen"", ""reason_text"": """", ""reason_choices"": [""conspiracy"", ""politics"", ""ethnicity/race"", ""personal life""]}, {""start"": 416, ""end"": 455, ""text"": ""There was absolutely no evidence for it"", ""reason_text"": """", ""reason_choices"": [""epistemic""]}, {""start"": 650, ""end"": 836, ""text"": ""Donald started his career back in 1973 being sued by the Justice Department for racial discrimination because he would not rent apartments in one of his developments to African-Americans"", ""reason_text"": """", ""reason_choices"": [""ethnicity/race"", ""crime/law"", ""personal life""]}, {""start"": 922, ""end"": 974, ""text"": ""He actually was sued twice by the Justice Department"", ""reason_text"": """", ""reason_choices"": [""crime/law"", ""personal life""]}, {""start"": 1040, ""end"": 1051, ""text"": ""birther lie"", ""reason_text"": """", ""reason_choices"": [""conspiracy"", ""politics"", ""ethnicity/race"", ""personal life""]}]",
2016092600260,20160926_trump_clinton,CLINTON,"Well, let me—let me start by saying, words matter. Words matter when you run for president. And they really matter when you are president. And I want to reassure our allies in Japan and South Korea and elsewhere that we have mutual defense treaties and we will honor them. It is essential that America’s word be good. And so I know that this campaign has caused some questioning and some worries on the part of many leaders across the globe. I’ve talked with a number of them. But I want to—on behalf of myself, and I think on behalf of a majority of the American people, say that, you know, our word is good. It’s also important that we look at the entire global situation. There’s no doubt that we have other problems with Iran. But personally, I’d rather deal with the other problems having put that lid on their nuclear program than still to be facing that. And Donald never tells you what he would do. Would he have started a war? Would he have bombed Iran? If he’s going to criticize a deal that has been very successful in giving us access to Iranian facilities that we never had before, then he should tell us what his alternative would be. But it’s like his plan to defeat ISIS. He says it’s a secret plan, but the only secret is that he has no plan. So we need to be more precise in how we talk about these issues. People around the word follow our presidential campaigns so closely, trying to get hints about what we will do. Can they rely on us? Are we going to lead the world with strength and in accordance with our values? That’s what I intend to do. I intend to be a leader of our country that people can count on, both here at home and around the world, to make decisions that will further peace and prosperity, but also stand up to bullies, whether they’re abroad or at home. We cannot let those who would try to destabilize the world to interfere with American interests and security…",True,"[{""start"": 1030, ""end"": 1068, ""text"": ""giving us access to Iranian facilities"", ""reason_text"": """", ""reason_choices"": [""geopolitics""]}]",
2016092600015,20160926_trump_clinton,CLINTON,"Well, let’s stop for a second and remember where we were eight years ago. We had the worst financial crisis, the Great Recession, the worst since the 1930s. That was in large part because of tax policies that slashed taxes on the wealthy, failed to invest in the middle class, took their eyes off of Wall Street, and created a perfect storm. In fact, Donald was one of the people who rooted for the housing crisis. He said, back in 2006, “Gee, I hope it does collapse, because then I can go in and buy some and make some money.” Well, it did collapse.",True,"[{""start"": 130, ""end"": 155, ""text"": ""the worst since the 1930s"", ""reason_text"": """", ""reason_choices"": [""comparative/temporal"", ""ranking"", ""economy""]}, {""start"": 180, ""end"": 237, ""text"": ""because of tax policies that slashed taxes on the wealthy"", ""reason_text"": """", ""reason_choices"": [""causation"", ""economy""]}, {""start"": 415, ""end"": 528, ""text"": ""He said, back in 2006, “Gee, I hope it does collapse, because then I can go in and buy some and make some money.”"", ""reason_text"": """", ""reason_choices"": [""attribution"", ""economy""]}]",
2016092600281,20160926_trump_clinton,CLINTON,"Well, one thing. One thing, Lester.",False,[],
2016092600140,20160926_trump_clinton,CLINTON,"Well, sometimes there’s not a direct transfer of skills from business to government, but sometimes what happened in business would be really bad for government.",False,[],
2016092600003,20160926_trump_clinton,CLINTON,"Well, thank you, Lester, and thanks to Hofstra for hosting us. The central question in this election is really what kind of country we want to be and what kind of future we’ll build together. Today is my granddaughter’s second birthday, so I think about this a lot. First, we have to build an economy that works for everyone, not just those at the top. That means we need new jobs, good jobs, with rising incomes. I want us to invest in you. I want us to invest in your future. That means jobs in infrastructure, in advanced manufacturing, innovation and technology, clean, renewable energy, and small business, because most of the new jobs will come from small business. We also have to make the economy fairer. That starts with raising the national minimum wage and also guarantee, finally, equal pay for women’s work. I also want to see more companies do profit-sharing. If you help create the profits, you should be able to share in them, not just the executives at the top. And I want us to do more to support people who are struggling to balance family and work. I’ve heard from so many of you about the difficult choices you face and the stresses that you’re under. So let’s have paid family leave, earned sick days. Let’s be sure we have affordable child care and debt-free college. How are we going to do it? We’re going to do it by having the wealthy pay their fair share and close the corporate loopholes. Finally, we tonight are on the stage together, Donald Trump and I. Donald, it’s good to be with you. We’re going to have a debate where we are talking about the important issues facing our country. You have to judge us, who can shoulder the immense, awesome responsibilities of the presidency, who can put into action the plans that will make your life better. I hope that I will be able to earn your vote on November 8th.",False,[],
2016092600043,20160926_trump_clinton,CLINTON,"Well, that is just not accurate. I was against it once it was finally negotiated and the terms were laid out. I wrote about that in…",True,"[{""start"": 33, ""end"": 108, ""text"": ""I was against it once it was finally negotiated and the terms were laid out"", ""reason_text"": """", ""reason_choices"": [""stance/support""]}]",
2016092600041,20160926_trump_clinton,CLINTON,"Well, that’s your opinion. That is your opinion.",False,[],
2016092600145,20160926_trump_clinton,CLINTON,"Well, you’re right. Race remains a significant challenge in our country. Unfortunately, race still determines too much, often determines where people live, determines what kind of education in their public schools they can get, and, yes, it determines how they’re treated in the criminal justice system. We’ve just seen those two tragic examples in both Tulsa and Charlotte. And we’ve got to do several things at the same time. We have to restore trust between communities and the police. We have to work to make sure that our police are using the best training, the best techniques, that they’re well prepared to use force only when necessary. Everyone should be respected by the law, and everyone should respect the law. Right now, that’s not the case in a lot of our neighborhoods. So I have, ever since the first day of my campaign, called for criminal justice reform. I’ve laid out a platform that I think would begin to remedy some of the problems we have in the criminal justice system. But we also have to recognize, in addition to the challenges that we face with policing, there are so many good, brave police officers who equally want reform. So we have to bring communities together in order to begin working on that as a mutual goal. And we’ve got to get guns out of the hands of people who should not have them. The gun epidemic is the leading cause of death of young African-American men, more than the next nine causes put together. So we have to do two things, as I said. We have to restore trust. We have to work with the police. We have to make sure they respect the communities and the communities respect them. And we have to tackle the plague of gun violence, which is a big contributor to a lot of the problems that we’re seeing today.",True,"[{""start"": 238, ""end"": 302, ""text"": ""it determines how they’re treated in the criminal justice system"", ""reason_text"": """", ""reason_choices"": [""ethnicity/race"", ""crime/law""]}, {""start"": 1326, ""end"": 1402, ""text"": ""The gun epidemic is the leading cause of death of young African-American men"", ""reason_text"": """", ""reason_choices"": [""ranking"", ""ethnicity/race"", ""crime/law""]}, {""start"": 1404, ""end"": 1447, ""text"": ""more than the next nine causes put together"", ""reason_text"": """", ""reason_choices"": [""comparative/temporal"", ""ethnicity/race"", ""crime/law""]}]",
2016092600216,20160926_trump_clinton,CLINTON,We’ve covered this ground.,False,[],
2016092600239,20160926_trump_clinton,CLINTON,"Whew, OK. [laughter] Let’s talk about two important issues that were briefly mentioned by Donald, first, NATO. You know, NATO as a military alliance has something called Article 5, and basically it says this: An attack on one is an attack on all. And you know the only time it’s ever been invoked? After 9/11, when the 28 nations of NATO said that they would go to Afghanistan with us to fight terrorism, something that they still are doing by our side. With respect to Iran, when I became secretary of state, Iran was weeks away from having enough nuclear material to form a bomb. They had mastered the nuclear fuel cycle under the Bush administration. They had built covert facilities. They had stocked them with centrifuges that were whirling away. And we had sanctioned them. I voted for every sanction against Iran when I was in the Senate, but it wasn’t enough. So I spent a year-and-a-half putting together a coalition that included Russia and China to impose the toughest sanctions on Iran. And we did drive them to the negotiating table. And my successor, John Kerry, and President Obama got a deal that put a lid on Iran’s nuclear program without firing a single shot. That’s diplomacy. That’s coalition-building. That’s working with other nations. The other day, I saw Donald saying that there were some Iranian sailors on a ship in the waters off of Iran, and they were taunting American sailors who were on a nearby ship. He said, you know, if they taunted our sailors, I’d blow them out of the water and start another war. That’s not good judgment.",True,"[{""start"": 260, ""end"": 296, ""text"": ""the only time it’s ever been invoked"", ""reason_text"": """", ""reason_choices"": [""geopolitics""]}, {""start"": 298, ""end"": 452, ""text"": ""After 9/11, when the 28 nations of NATO said that they would go to Afghanistan with us to fight terrorism, something that they still are doing by our side"", ""reason_text"": """", ""reason_choices"": [""geopolitics"", ""terrorism""]}, {""start"": 476, ""end"": 580, ""text"": ""when I became secretary of state, Iran was weeks away from having enough nuclear material to form a bomb"", ""reason_text"": """", ""reason_choices"": [""forecast/projection"", ""geopolitics"", ""nuclear warfare""]}, {""start"": 654, ""end"": 686, ""text"": ""They had built covert facilities"", ""reason_text"": """", ""reason_choices"": [""nuclear warfare""]}, {""start"": 780, ""end"": 844, ""text"": ""I voted for every sanction against Iran when I was in the Senate"", ""reason_text"": """", ""reason_choices"": [""stance/support"", ""geopolitics""]}, {""start"": 1065, ""end"": 1148, ""text"": ""John Kerry, and President Obama got a deal that put a lid on Iran’s nuclear program"", ""reason_text"": """", ""reason_choices"": [""attribution"", ""geopolitics"", ""nuclear warfare""]}, {""start"": 1435, ""end"": 1535, ""text"": ""He said, you know, if they taunted our sailors, I’d blow them out of the water and start another war"", ""reason_text"": """", ""reason_choices"": [""attribution""]}]",
2016092600097,20160926_trump_clinton,CLINTON,"Why not? Yeah, why not? [laughter] You know, just join the debate by saying more crazy things. Now, let me say this, it is absolutely the case…",False,[],
2016092600101,20160926_trump_clinton,CLINTON,"Yeah, well, let’s start the clock again, Lester. We’ve looked at your tax proposals. I don’t see changes in the corporate tax rates or the kinds of proposals you’re referring to that would cause the repatriation, bringing back of money that’s stranded overseas. I happen to support that.",True,"[{""start"": 262, ""end"": 286, ""text"": ""I happen to support that"", ""reason_text"": """", ""reason_choices"": [""stance/support"", ""economy""]}]",
2016092600283,20160926_trump_clinton,CLINTON,"You know, he tried to switch from looks to stamina. But this is a man who has called women pigs, slobs and dogs, and someone who has said pregnancy is an inconvenience to employers, who has said…",True,"[{""start"": 64, ""end"": 111, ""text"": ""a man who has called women pigs, slobs and dogs"", ""reason_text"": """", ""reason_choices"": [""attribution"", ""gender equality""]}, {""start"": 117, ""end"": 180, ""text"": ""someone who has said pregnancy is an inconvenience to employers"", ""reason_text"": """", ""reason_choices"": [""attribution"", ""gender equality""]}]",
2016092600157,20160926_trump_clinton,CLINTON,"You know, the vibrancy of the black church, the black businesses that employ so many people, the opportunities that so many families are working to provide for their kids. There’s a lot that we should be proud of and we should be supporting and lifting up. But we do always have to make sure we keep people safe. There are the right ways of doing it, and then there are ways that are ineffective. Stop-and-frisk was found to be unconstitutional and, in part, because it was ineffective. It did not do what it needed to do. Now, I believe in community policing. And, in fact, violent crime is one-half of what it was in 1991. Property crime is down 40 percent. We just don’t want to see it creep back up. We’ve had 25 years of very good cooperation. But there were some problems, some unintended consequences. Too many young African-American and Latino men ended up in jail for nonviolent offenses. And it’s just a fact that if you’re a young African-American man and you do the same thing as a young white man, you are more likely to be arrested, charged, convicted, and incarcerated. So we’ve got to address the systemic racism in our criminal justice system. We cannot just say law and order. We have to say—we have to come forward with a plan that is going to divert people from the criminal justice system, deal with mandatory minimum sentences, which have put too many people away for too long for doing too little. We need to have more second chance programs. I’m glad that we’re ending private prisons in the federal system; I want to see them ended in the state system. You shouldn’t have a profit motivation to fill prison cells with young Americans. So there are some positive ways we can work on this. And I believe strongly that commonsense gun safety measures would assist us. Right now—and this is something Donald has supported, along with the gun lobby—right now, we’ve got too many military-style weapons on the streets. In a lot of places, our police are outgunned. We need comprehensive background checks, and we need to keep guns out of the hands of those who will do harm. And we finally need to pass a prohibition on anyone who’s on the terrorist watch list from being able to buy a gun in our country. If you’re too dangerous to fly, you are too dangerous to buy a gun. So there are things we can do, and we ought to do it in a bipartisan way.",True,"[{""start"": 459, ""end"": 485, ""text"": ""because it was ineffective"", ""reason_text"": """", ""reason_choices"": [""causation"", ""crime/law""]}, {""start"": 575, ""end"": 623, ""text"": ""violent crime is one-half of what it was in 1991"", ""reason_text"": """", ""reason_choices"": [""statistic"", ""comparative/temporal"", ""crime/law""]}, {""start"": 625, ""end"": 658, ""text"": ""Property crime is down 40 percent"", ""reason_text"": """", ""reason_choices"": [""statistic"", ""crime/law""]}, {""start"": 809, ""end"": 896, ""text"": ""Too many young African-American and Latino men ended up in jail for nonviolent offenses"", ""reason_text"": """", ""reason_choices"": [""vague quantitative"", ""ethnicity/race"", ""crime/law""]}, {""start"": 924, ""end"": 1083, ""text"": ""if you’re a young African-American man and you do the same thing as a young white man, you are more likely to be arrested, charged, convicted, and incarcerated"", ""reason_text"": """", ""reason_choices"": [""vague quantitative"", ""ethnicity/race"", ""crime/law""]}, {""start"": 1599, ""end"": 1658, ""text"": ""profit motivation to fill prison cells with young Americans"", ""reason_text"": """", ""reason_choices"": [""economy"", ""crime/law""]}, {""start"": 1804, ""end"": 1842, ""text"": ""this is something Donald has supported"", ""reason_text"": """", ""reason_choices"": [""stance/support"", ""crime/law""]}, {""start"": 1938, ""end"": 1982, ""text"": ""In a lot of places, our police are outgunned"", ""reason_text"": """", ""reason_choices"": [""vague quantitative"", ""crime/law""]}]",
2016092600106,20160926_trump_clinton,CLINTON,… $4 billion tax benefit for your family. And when you look at what you are proposing…,True,"[{""start"": 2, ""end"": 40, ""text"": ""$4 billion tax benefit for your family"", ""reason_text"": """", ""reason_choices"": [""numerical absolute"", ""economy"", ""personal life""]}]",
2016092600110,20160926_trump_clinton,CLINTON,"… as I said, trumped-up trickle-down. Trickle-down did not work. It got us into the mess we were in, in 2008 and 2009. Slashing taxes on the wealthy hasn’t worked. And a lot of really smart, wealthy people know that. And they are saying, hey, we need to do more to make the contributions we should be making to rebuild the middle class. I don’t think top-down works in America. I think building the middle class, investing in the middle class, making college debt-free so more young people can get their education, helping people refinance their—their debt from college at a lower rate. Those are the kinds of things that will really boost the economy. Broad-based, inclusive growth is what we need in America, not more advantages for people at the very top.",True,"[{""start"": 65, ""end"": 117, ""text"": ""It got us into the mess we were in, in 2008 and 2009"", ""reason_text"": """", ""reason_choices"": [""causation"", ""economy""]}]",
2016092600052,20160926_trump_clinton,CLINTON,… before you even announced.,False,[],
2016092600245,20160926_trump_clinton,CLINTON,"… have a good time, folks.",False,[],
2016092600197,20160926_trump_clinton,CLINTON,… have said that Donald is unfit to be the commander-in-chief. It’s comments like that that really worry people who understand the threats that we face.,False,[],
2016092600134,20160926_trump_clinton,CLINTON,"… is if your—if your main claim to be president of the United States is your business, then I think we should talk about that. You know, your campaign manager said that you built a lot of businesses on the backs of little guys. And, indeed, I have met a lot of the people who were stiffed by you and your businesses, Donald. I’ve met dishwashers, painters, architects, glass installers, marble installers, drapery installers, like my dad was, who you refused to pay when they finished the work that you asked them to do. We have an architect in the audience who designed one of your clubhouses at one of your golf courses. It’s a beautiful facility. It immediately was put to use. And you wouldn’t pay what the man needed to be paid, what he was charging you to do…",True,"[{""start"": 137, ""end"": 226, ""text"": ""your campaign manager said that you built a lot of businesses on the backs of little guys"", ""reason_text"": """", ""reason_choices"": [""attribution"", ""personal life""]}, {""start"": 443, ""end"": 465, ""text"": ""who you refused to pay"", ""reason_text"": """", ""reason_choices"": [""personal life""]}, {""start"": 685, ""end"": 732, ""text"": ""you wouldn’t pay what the man needed to be paid"", ""reason_text"": """", ""reason_choices"": [""personal life""]}]",
2016092600030,20160926_trump_clinton,CLINTON,"… million new jobs, a balanced budget…",False,[],
2016092600243,20160926_trump_clinton,CLINTON,"… of what we heard Donald say has been about nuclear weapons. He has said repeatedly that he didn’t care if other nations got nuclear weapons, Japan, South Korea, even Saudi Arabia. It has been the policy of the United States, Democrats and Republicans, to do everything we could to reduce the proliferation of nuclear weapons. He even said, well, you know, if there were nuclear war in East Asia, well, you know, that’s fine…",True,"[{""start"": 62, ""end"": 141, ""text"": ""He has said repeatedly that he didn’t care if other nations got nuclear weapons"", ""reason_text"": """", ""reason_choices"": [""attribution"", ""nuclear warfare""]}]",
2016092600065,20160926_trump_clinton,CLINTON,… or at an airport near you.,False,[],
2016092600293,20160926_trump_clinton,CLINTON,… she’s going to vote this November.,False,[],
2016092600262,20160926_trump_clinton,CLINTON,… to be given any opportunities at all.,False,[],
2016092600050,20160926_trump_clinton,CLINTON,"… which I was not responsible for, I concluded it wasn’t. I wrote about that in my book…",True,"[{""start"": 8, ""end"": 33, ""text"": ""I was not responsible for"", ""reason_text"": """", ""reason_choices"": [""attribution""]}]",
2016092600076,20160926_trump_clinton,CLINTON,"… would not add a penny to the debt, and your plans would add $5 trillion to the debt. What I have proposed would cut regulations and streamline them for small businesses. What I have proposed would be paid for by raising taxes on the wealthy, because they have made all the gains in the economy. And I think it’s time that the wealthy and corporations paid their fair share to support this country.",True,"[{""start"": 41, ""end"": 85, ""text"": ""your plans would add $5 trillion to the debt"", ""reason_text"": """", ""reason_choices"": [""vague quantitative"", ""forecast/projection"", ""economy""]}]",
2016092600285,20160926_trump_clinton,CLINTON,…. women don’t deserve equal pay unless they do as good a job as men.,False,[],
2016092600177,20160926_trump_clinton,TRUMP,"And I will tell you, you look at the inner cities—and I just left Detroit, and I just left Philadelphia, and I just—you know, you’ve seen me, I’ve been all over the place. You decided to stay home, and that’s OK. But I will tell you, I’ve been all over. And I’ve met some of the greatest people I’ll ever meet within these communities. And they are very, very upset with what their politicians have told them and what their politicians have done.",False,[],
2016092600268,20160926_trump_clinton,TRUMP,"And it’s a big problem. And as far as Japan is concerned, I want to help all of our allies, but we are losing billions and billions of dollars. We cannot be the policemen of the world. We cannot protect countries all over the world…",True,"[{""start"": 96, ""end"": 142, ""text"": ""we are losing billions and billions of dollars"", ""reason_text"": """", ""reason_choices"": [""numerical absolute"", ""economy"", ""geopolitics""]}]",
2016092600084,20160926_trump_clinton,TRUMP,And look at her website. You know what? It’s no difference than this. She’s telling us how to fight ISIS. Just go to her website. She tells you how to fight ISIS on her website. I don’t think General Douglas MacArthur would like that too much.,True,"[{""start"": 130, ""end"": 176, ""text"": ""She tells you how to fight ISIS on her website"", ""reason_text"": """", ""reason_choices"": [""attribution"", ""geopolitics""]}]",
2016092600272,20160926_trump_clinton,TRUMP,"And she doesn’t say that, because she’s got no business ability. We need heart. We need a lot of things. But you have to have some basic ability. And sadly, she doesn’t have that. All of the things that she’s talking about could have been taken care of during the last 10 years, let’s say, while she had great power. But they weren’t taken care of. And if she ever wins this race, they won’t be taken care of.",False,[],
2016092600075,20160926_trump_clinton,TRUMP,"And take a look at mine, also, and you’ll see.",False,[],
2016092600047,20160926_trump_clinton,TRUMP,"And then you heard what I said about it, and all of a sudden you were against it.",False,[],
2016092600258,20160926_trump_clinton,TRUMP,"And they’re going to end up getting nuclear. I met with Bibi Netanyahu the other day. Believe me, he’s not a happy camper.",False,[],
2016092600231,20160926_trump_clinton,TRUMP,"And when he—excuse me. And that was before the war started. Sean Hannity said very strongly to me and other people—he’s willing to say it, but nobody wants to call him. I was against the war. He said, you used to have fights with me, because Sean was in favor of the war. And I understand that side, also, not very much, because we should have never been there. But nobody called Sean Hannity. And then they did an article in a major magazine, shortly after the war started. I think in ’04. But they did an article which had me totally against the war in Iraq. And one of your compatriots said, you know, whether it was before or right after, Trump was definitely—because if you read this article, there’s no doubt. But if somebody—and I’ll ask the press—if somebody would call up Sean Hannity, this was before the war started. He and I used to have arguments about the war. I said, it’s a terrible and a stupid thing. It’s going to destabilize the Middle East. And that’s exactly what it’s done. It’s been a disaster.",True,"[{""start"": 169, ""end"": 190, ""text"": ""I was against the war"", ""reason_text"": """", ""reason_choices"": [""stance/support"", ""geopolitics""]}, {""start"": 242, ""end"": 270, ""text"": ""Sean was in favor of the war"", ""reason_text"": """", ""reason_choices"": [""stance/support""]}, {""start"": 495, ""end"": 559, ""text"": ""they did an article which had me totally against the war in Iraq"", ""reason_text"": """", ""reason_choices"": [""attribution"", ""stance/support"", ""geopolitics""]}]",
2016092600254,20160926_trump_clinton,TRUMP,"As far as the nuclear is concerned, I agree. It is the single greatest threat that this country has.",False,[],
2016092600183,20160926_trump_clinton,TRUMP,"Because I want to get on to defeating ISIS, because I want to get on to creating jobs, because I want to get on to having a strong border, because I want to get on to things that are very important to me and that are very important to the country.",False,[],
2016092600057,20160926_trump_clinton,TRUMP,Because he’s pushing it.,False,[],
2016092600153,20160926_trump_clinton,TRUMP,"But we need—Lester, we need law and order. And we need law and order in the inner cities, because the people that are most affected by what’s happening are African-American and Hispanic people. And it’s very unfair to them what our politicians are allowing to happen.",True,"[{""start"": 98, ""end"": 192, ""text"": ""the people that are most affected by what’s happening are African-American and Hispanic people"", ""reason_text"": """", ""reason_choices"": [""vague quantitative"", ""ethnicity/race"", ""crime/law""]}]",
2016092600059,20160926_trump_clinton,TRUMP,But you have no plan.,False,[],
2016092600034,20160926_trump_clinton,TRUMP,But you haven’t done it in 30 years or 26 years or any number you want to…,False,[],
2016092600163,20160926_trump_clinton,TRUMP,"First of all, I agree, and a lot of people even within my own party want to give certain rights to people on watch lists and no-fly lists. I agree with you. When a person is on a watch list or a no-fly list, and I have the endorsement of the NRA, which I’m very proud of. These are very, very good people, and they’re protecting the Second Amendment. But I think we have to look very strongly at no-fly lists and watch lists. And when people are on there, even if they shouldn’t be on there, we’ll help them, we’ll help them legally, we’ll help them get off. But I tend to agree with that quite strongly. I do want to bring up the fact that you were the one that brought up the words super-predator about young black youth. And that’s a term that I think was a—it’s—it’s been horribly met, as you know. I think you’ve apologized for it. But I think it was a terrible thing to say. And when it comes to stop-and-frisk, you know, you’re talking about taking guns away. Well, I’m talking about taking guns away from gangs and people that use them. And I don’t think—I really don’t think you disagree with me on this, if you want to know the truth. I think maybe there’s a political reason why you can’t say it, but I really don’t believe—in New York City, stop-and-frisk, we had 2,200 murders, and stop-and-frisk brought it down to 500 murders. Five hundred murders is a lot of murders. It’s hard to believe, 500 is like supposed to be good? But we went from 2,200 to 500. And it was continued on by Mayor Bloomberg. And it was terminated by current mayor. But stop-and-frisk had a tremendous impact on the safety of New York City. Tremendous beyond belief. So when you say it has no impact, it really did. It had a very, very big impact.",True,"[{""start"": 212, ""end"": 245, ""text"": ""I have the endorsement of the NRA"", ""reason_text"": """", ""reason_choices"": [""attribution"", ""stance/support""]}, {""start"": 641, ""end"": 722, ""text"": ""you were the one that brought up the words super-predator about young black youth"", ""reason_text"": """", ""reason_choices"": [""attribution"", ""ethnicity/race""]}, {""start"": 1269, ""end"": 1289, ""text"": ""we had 2,200 murders"", ""reason_text"": """", ""reason_choices"": [""numerical absolute"", ""crime/law""]}, {""start"": 1295, ""end"": 1340, ""text"": ""stop-and-frisk brought it down to 500 murders"", ""reason_text"": """", ""reason_choices"": [""numerical absolute"", ""comparative/temporal"", ""crime/law""]}, {""start"": 1443, ""end"": 1468, ""text"": ""we went from 2,200 to 500"", ""reason_text"": """", ""reason_choices"": [""numerical absolute"", ""comparative/temporal"", ""crime/law""]}]",
2016092600031,20160926_trump_clinton,TRUMP,"He approved NAFTA, which is the single worst trade deal ever approved in this country.",True,"[{""start"": 0, ""end"": 17, ""text"": ""He approved NAFTA"", ""reason_text"": """", ""reason_choices"": [""attribution"", ""stance/support""]}]",
2016092600107,20160926_trump_clinton,TRUMP,How much? How much for my family?,False,[],
2016092600219,20160926_trump_clinton,TRUMP,I did not support the war in Iraq.,True,"[{""start"": 0, ""end"": 33, ""text"": ""I did not support the war in Iraq"", ""reason_text"": """", ""reason_choices"": [""stance/support"", ""geopolitics""]}]",
2016092600018,20160926_trump_clinton,TRUMP,I did not. I did not. I do not say that.,False,[],
2016092600286,20160926_trump_clinton,TRUMP,I didn’t say that.,False,[],
2016092600020,20160926_trump_clinton,TRUMP,I do not say that.,False,[],
2016092600199,20160926_trump_clinton,TRUMP,"I do want to say that I was just endorsed—and more are coming next week—it will be over 200 admirals, many of them here—admirals and generals endorsed me to lead this country. That just happened, and many more are coming. And I’m very proud of it. In addition, I was just endorsed by ICE. They’ve never endorsed anybody before on immigration. I was just endorsed by ICE. I was just recently endorsed—16,500 Border Patrol agents. So when Secretary Clinton talks about this, I mean, I’ll take the admirals and I’ll take the generals any day over the political hacks that I see that have led our country so brilliantly over the last 10 years with their knowledge. OK? Because look at the mess that we’re in. Look at the mess that we’re in. As far as the cyber, I agree to parts of what Secretary Clinton said. We should be better than anybody else, and perhaps we’re not. I don’t think anybody knows it was Russia that broke into the DNC. She’s saying Russia, Russia, Russia, but I don’t—maybe it was. I mean, it could be Russia, but it could also be China. It could also be lots of other people. It also could be somebody sitting on their bed that weighs 400 pounds, OK? You don’t know who broke in to DNC. But what did we learn with DNC? We learned that Bernie Sanders was taken advantage of by your people, by Debbie Wasserman Schultz. Look what happened to her. But Bernie Sanders was taken advantage of. That’s what we learned. Now, whether that was Russia, whether that was China, whether it was another country, we don’t know, because the truth is, under President Obama we’ve lost control of things that we used to have control over. We came in with the Internet, we came up with the Internet, and I think Secretary Clinton and myself would agree very much, when you look at what ISIS is doing with the Internet, they’re beating us at our own game. ISIS. So we have to get very, very tough on cyber and cyber warfare. It is—it is a huge problem. I have a son. He’s 10 years old. He has computers. He is so good with these computers, it’s unbelievable. The security aspect of cyber is very, very tough. And maybe it’s hardly doable. But I will say, we are not doing the job we should be doing. But that’s true throughout our whole governmental society. We have so many things that we have to do better, Lester, and certainly cyber is one of them.",True,"[{""start"": 83, ""end"": 174, ""text"": ""over 200 admirals, many of them here—admirals and generals endorsed me to lead this country"", ""reason_text"": """", ""reason_choices"": [""numerical absolute"", ""stance/support"", ""politics""]}, {""start"": 261, ""end"": 287, ""text"": ""I was just endorsed by ICE"", ""reason_text"": """", ""reason_choices"": [""stance/support"", ""immigration""]}, {""start"": 289, ""end"": 341, ""text"": ""They’ve never endorsed anybody before on immigration"", ""reason_text"": """", ""reason_choices"": [""stance/support"", ""immigration""]}, {""start"": 343, ""end"": 369, ""text"": ""I was just endorsed by ICE"", ""reason_text"": """", ""reason_choices"": [""stance/support"", ""immigration""]}, {""start"": 897, ""end"": 934, ""text"": ""it was Russia that broke into the DNC"", ""reason_text"": """", ""reason_choices"": [""attribution"", ""politics"", ""geopolitics"", ""technology"", ""other""]}, {""start"": 1669, ""end"": 1697, ""text"": ""we came up with the Internet"", ""reason_text"": """", ""reason_choices"": [""attribution"", ""technology""]}]",
2016092600114,20160926_trump_clinton,TRUMP,"I don’t mind releasing—I’m under a routine audit. And it’ll be released. And—as soon as the audit’s finished, it will be released. But you will learn more about Donald Trump by going down to the federal elections, where I filed a 104-page essentially financial statement of sorts, the forms that they have. It shows income—in fact, the income—I just looked today—the income is filed at $694 million for this past year, $694 million. If you would have told me I was going to make that 15 or 20 years ago, I would have been very surprised. But that’s the kind of thinking that our country needs. When we have a country that’s doing so badly, that’s being ripped off by every single country in the world, it’s the kind of thinking that our country needs, because everybody—Lester, we have a trade deficit with all of the countries that we do business with, of almost $800 billion a year. You know what that is? That means, who’s negotiating these trade deals? We have people that are political hacks negotiating our trade deals.",True,"[{""start"": 220, ""end"": 270, ""text"": ""I filed a 104-page essentially financial statement"", ""reason_text"": """", ""reason_choices"": [""numerical absolute"", ""attribution"", ""personal life""]}, {""start"": 363, ""end"": 417, ""text"": ""the income is filed at $694 million for this past year"", ""reason_text"": """", ""reason_choices"": [""numerical absolute"", ""personal life""]}, {""start"": 778, ""end"": 883, ""text"": ""we have a trade deficit with all of the countries that we do business with, of almost $800 billion a year"", ""reason_text"": """", ""reason_choices"": [""numerical absolute"", ""economy""]}]",
2016092600284,20160926_trump_clinton,TRUMP,I never said that.,False,[],
2016092600080,20160926_trump_clinton,TRUMP,"I think I should—you go to her website, and you take a look at her website.",False,[],
2016092600304,20160926_trump_clinton,TRUMP,"I want to make America great again. We are a nation that is seriously troubled. We’re losing our jobs. People are pouring into our country. The other day, we were deporting 800 people. And perhaps they passed the wrong button, they pressed the wrong button, or perhaps worse than that, it was corruption, but these people that we were going to deport for good reason ended up becoming citizens. Ended up becoming citizens. And it was 800. And now it turns out it might be 1,800, and they don’t even know.",True,"[{""start"": 80, ""end"": 101, ""text"": ""We’re losing our jobs"", ""reason_text"": """", ""reason_choices"": [""economy""]}, {""start"": 309, ""end"": 393, ""text"": ""these people that we were going to deport for good reason ended up becoming citizens"", ""reason_text"": """", ""reason_choices"": [""immigration""]}, {""start"": 427, ""end"": 437, ""text"": ""it was 800"", ""reason_text"": """", ""reason_choices"": [""numerical absolute"", ""immigration""]}, {""start"": 460, ""end"": 477, ""text"": ""it might be 1,800"", ""reason_text"": """", ""reason_choices"": [""numerical absolute"", ""immigration""]}]",
2016092600025,20160926_trump_clinton,TRUMP,I will bring—excuse me. I will bring back jobs. You can’t bring back jobs.,False,[],
2016092600266,20160926_trump_clinton,TRUMP,"I will go very quickly. But I will tell you that Hillary will tell you to go to her website and read all about how to defeat ISIS, which she could have defeated by never having it, you know, get going in the first place. Right now, it’s getting tougher and tougher to defeat them, because they’re in more and more places, more and more states, more and more nations.",True,"[{""start"": 289, ""end"": 365, ""text"": ""they’re in more and more places, more and more states, more and more nations"", ""reason_text"": """", ""reason_choices"": [""vague quantitative"", ""geopolitics"", ""terrorism""]}]",
2016092600174,20160926_trump_clinton,TRUMP,"I will. Look, the African-American community has been let down by our politicians. They talk good around election time, like right now, and after the election, they said, see ya later, I’ll see you in four years. The African-American community—because—look, the community within the inner cities has been so badly treated. They’ve been abused and used in order to get votes by Democrat politicians, because that’s what it is. They’ve controlled these communities for up to 100 years.",True,"[{""start"": 426, ""end"": 482, ""text"": ""They’ve controlled these communities for up to 100 years"", ""reason_text"": ""?"", ""reason_choices"": [""conspiracy"", ""politics"", ""ethnicity/race""]}]",
2016092600193,20160926_trump_clinton,TRUMP,"I would love to respond. First of all, I got to watch in preparing for this some of your debates against Barack Obama. You treated him with terrible disrespect. And I watched the way you talk now about how lovely everything is and how wonderful you are. It doesn’t work that way. You were after him, you were trying to—you even sent out or your campaign sent out pictures of him in a certain garb, very famous pictures. I don’t think you can deny that. But just last week, your campaign manager said it was true. So when you tried to act holier than thou, it really doesn’t work. It really doesn’t. Now, as far as the lawsuit, yes, when I was very young, I went into my father’s company, had a real estate company in Brooklyn and Queens, and we, along with many, many other companies throughout the country—it was a federal lawsuit—were sued. We settled the suit with zero—with no admission of guilt. It was very easy to do. But they sued many people. I notice you bring that up a lot. And, you know, I also notice the very nasty commercials that you do on me in so many different ways, which I don’t do on you. Maybe I’m trying to save the money. But, frankly, I look—I look at that, and I say, isn’t that amazing? Because I settled that lawsuit with no admission of guilt, but that was a lawsuit brought against many real estate firms, and it’s just one of those things. I’ll go one step further. In Palm Beach, Florida, tough community, a brilliant community, a wealthy community, probably the wealthiest community there is in the world, I opened a club, and really got great credit for it. No discrimination against African-Americans, against Muslims, against anybody. And it’s a tremendously successful club. And I’m so glad I did it. And I have been given great credit for what I did. And I’m very, very proud of it. And that’s the way I feel. That is the true way I feel.",True,"[{""start"": 340, ""end"": 396, ""text"": ""your campaign sent out pictures of him in a certain garb"", ""reason_text"": """", ""reason_choices"": [""attribution"", ""ethnicity/race""]}, {""start"": 457, ""end"": 511, ""text"": ""just last week, your campaign manager said it was true"", ""reason_text"": """", ""reason_choices"": [""attribution""]}, {""start"": 742, ""end"": 841, ""text"": ""we, along with many, many other companies throughout the country—it was a federal lawsuit—were sued"", ""reason_text"": """", ""reason_choices"": [""crime/law"", ""personal life""]}, {""start"": 843, ""end"": 899, ""text"": ""We settled the suit with zero—with no admission of guilt"", ""reason_text"": """", ""reason_choices"": [""crime/law"", ""personal life""]}, {""start"": 1224, ""end"": 1273, ""text"": ""I settled that lawsuit with no admission of guilt"", ""reason_text"": """", ""reason_choices"": [""crime/law"", ""personal life""]}, {""start"": 1279, ""end"": 1336, ""text"": ""that was a lawsuit brought against many real estate firms"", ""reason_text"": """", ""reason_choices"": [""crime/law""]}]",
2016092600053,20160926_trump_clinton,TRUMP,Is it President Obama’s fault?,False,[],
2016092600133,20160926_trump_clinton,TRUMP,"It would be squandered, too, believe me.",False,[],
2016092600250,20160926_trump_clinton,TRUMP,"It’s not an accurate one at all. It’s not an accurate one. So I just want to give a lot of things—and just to respond. I agree with her on one thing. The single greatest problem the world has is nuclear armament, nuclear weapons, not global warming, like you think and your—your president thinks. Nuclear is the single greatest threat. Just to go down the list, we defend Japan, we defend Germany, we defend South Korea, we defend Saudi Arabia, we defend countries. They do not pay us. But they should be paying us, because we are providing tremendous service and we’re losing a fortune. That’s why we’re losing—we’re losing—we lose on everything. I say, who makes these—we lose on everything. All I said, that it’s very possible that if they don’t pay a fair share, because this isn’t 40 years ago where we could do what we’re doing. We can’t defend Japan, a behemoth, selling us cars by the million…",True,"[{""start"": 466, ""end"": 484, ""text"": ""They do not pay us"", ""reason_text"": """", ""reason_choices"": [""economy"", ""geopolitics""]}, {""start"": 564, ""end"": 586, ""text"": ""we’re losing a fortune"", ""reason_text"": """", ""reason_choices"": [""vague quantitative"", ""economy"", ""geopolitics""]}]",
2016092600120,20160926_trump_clinton,TRUMP,"It’s not negotiable, no. Let her release the e-mails. Why did she delete 33,000…",False,[],
2016092600172,20160926_trump_clinton,TRUMP,I’d just like to respond.,False,[],
2016092600170,20160926_trump_clinton,TRUMP,"I’d like to just respond, if I might.",False,[],
2016092600161,20160926_trump_clinton,TRUMP,I’d like to respond to that.,False,[],
2016092600181,20160926_trump_clinton,TRUMP,"I’ll tell you very—well, just very simple to say. Sidney Blumenthal works for the campaign and close—very close friend of Secretary Clinton. And her campaign manager, Patti Doyle, went to—during the campaign, her campaign against President Obama, fought very hard. And you can go look it up, and you can check it out. And if you look at CNN this past week, Patti Solis Doyle was on Wolf Blitzer saying that this happened. Blumenthal sent McClatchy, highly respected reporter at McClatchy, to Kenya to find out about it. They were pressing it very hard. She failed to get the birth certificate. When I got involved, I didn’t fail. I got him to give the birth certificate. So I’m satisfied with it. And I’ll tell you why I’m satisfied with it.",True,"[{""start"": 357, ""end"": 420, ""text"": ""Patti Solis Doyle was on Wolf Blitzer saying that this happened"", ""reason_text"": """", ""reason_choices"": [""attribution"", ""politics"", ""personal life""]}, {""start"": 422, ""end"": 518, ""text"": ""Blumenthal sent McClatchy, highly respected reporter at McClatchy, to Kenya to find out about it"", ""reason_text"": """", ""reason_choices"": [""attribution"", ""conspiracy"", ""ethnicity/race"", ""personal life""]}]",
2016092600223,20160926_trump_clinton,TRUMP,Just—would you like to hear…,False,[],
2016092600264,20160926_trump_clinton,TRUMP,"Lester, one thing I’d like to say.",False,[],
2016092600306,20160926_trump_clinton,TRUMP,"Look, here’s the story. I want to make America great again. I’m going to be able to do it. I don’t believe Hillary will. The answer is, if she wins, I will absolutely support her. [applause]",False,[],
2016092600135,20160926_trump_clinton,TRUMP,Maybe he didn’t do a good job and I was unsatisfied with his work…,False,[],
2016092600167,20160926_trump_clinton,TRUMP,Murders are up. All right. You check it.,True,"[{""start"": 0, ""end"": 14, ""text"": ""Murders are up"", ""reason_text"": """", ""reason_choices"": [""vague quantitative"", ""crime/law""]}]",
2016092600088,20160926_trump_clinton,TRUMP,"No, no, you’re telling the enemy everything you want to do.",False,[],
2016092600233,20160926_trump_clinton,TRUMP,"No, no. You didn’t hear what I said.",False,[],
2016092600151,20160926_trump_clinton,TRUMP,"No, the argument is that we have to take the guns away from these people that have them and that are bad people that shouldn’t have them. These are felons. These are people that are bad people that shouldn’t be—when you have 3,000 shootings in Chicago from January 1st, when you have 4,000 people killed in Chicago by guns, from the beginning of the presidency of Barack Obama, his hometown, you have to have stop-and-frisk. You need more police. You need a better community, you know, relation. You don’t have good community relations in Chicago. It’s terrible. I have property there. It’s terrible what’s going on in Chicago. But when you look—and Chicago’s not the only—you go to Ferguson, you go to so many different places. You need better relationships. I agree with Secretary Clinton on this. You need better relationships between the communities and the police, because in some cases, it’s not good. But you look at Dallas, where the relationships were really studied, the relationships were really a beautiful thing, and then five police officers were killed one night very violently. So there’s some bad things going on. Some really bad things.",True,"[{""start"": 225, ""end"": 268, ""text"": ""3,000 shootings in Chicago from January 1st"", ""reason_text"": """", ""reason_choices"": [""numerical absolute"", ""crime/law""]}, {""start"": 284, ""end"": 376, ""text"": ""4,000 people killed in Chicago by guns, from the beginning of the presidency of Barack Obama"", ""reason_text"": """", ""reason_choices"": [""numerical absolute"", ""crime/law""]}, {""start"": 1035, ""end"": 1077, ""text"": ""five police officers were killed one night"", ""reason_text"": """", ""reason_choices"": [""numerical absolute"", ""crime/law""]}]",
2016092600242,20160926_trump_clinton,TRUMP,"No, they were taunting us.",False,[],
2016092600215,20160926_trump_clinton,TRUMP,"No, wait a minute.",False,[],
2016092600149,20160926_trump_clinton,TRUMP,"No, you’re wrong. It went before a judge, who was a very against-police judge. It was taken away from her. And our mayor, our new mayor, refused to go forward with the case. They would have won an appeal. If you look at it, throughout the country, there are many places where it’s allowed.",True,"[{""start"": 42, ""end"": 77, ""text"": ""who was a very against-police judge"", ""reason_text"": """", ""reason_choices"": [""stance/support""]}, {""start"": 224, ""end"": 288, ""text"": ""throughout the country, there are many places where it’s allowed"", ""reason_text"": """", ""reason_choices"": [""vague quantitative""]}]",
2016092600165,20160926_trump_clinton,TRUMP,"No, you’re wrong. You’re wrong.",False,[],
2016092600294,20160926_trump_clinton,TRUMP,"OK, good. Let me just tell you… [applause]",False,[],
2016092600011,20160926_trump_clinton,TRUMP,"Secretary Clinton and others, politicians, should have been doing this for years, not right now, because of the fact that we’ve created a movement. They should have been doing this for years. What’s happened to our jobs and our country and our economy generally is—look, we owe $20 trillion. We cannot do it any longer, Lester.",True,"[{""start"": 271, ""end"": 290, ""text"": ""we owe $20 trillion"", ""reason_text"": """", ""reason_choices"": [""numerical absolute"", ""economy""]}]",
2016092600055,20160926_trump_clinton,TRUMP,"Secretary, is it President Obama’s fault?",False,[],
2016092600061,20160926_trump_clinton,TRUMP,"Secretary, you have no plan.",False,[],
2016092600090,20160926_trump_clinton,TRUMP,"See, you’re telling the enemy everything you want to do. No wonder you’ve been fighting—no wonder you’ve been fighting ISIS your entire adult life.",False,[],
2016092600274,20160926_trump_clinton,TRUMP,"She doesn’t have the look. She doesn’t have the stamina. I said she doesn’t have the stamina. And I don’t believe she does have the stamina. To be president of this country, you need tremendous stamina.",False,[],
2016092600023,20160926_trump_clinton,TRUMP,"She talks about solar panels. We invested in a solar company, our country. That was a disaster. They lost plenty of money on that one. Now, look, I’m a great believer in all forms of energy, but we’re putting a lot of people out of work. Our energy policies are a disaster. Our country is losing so much in terms of energy, in terms of paying off our debt. You can’t do what you’re looking to do with $20 trillion in debt. The Obama administration, from the time they’ve come in, is over 230 years’ worth of debt, and he’s topped it. He’s doubled it in a course of almost eight years, seven-and-a-half years, to be semi-exact. So I will tell you this. We have to do a much better job at keeping our jobs. And we have to do a much better job at giving companies incentives to build new companies or to expand, because they’re not doing it. And all you have to do is look at Michigan and look at Ohio and look at all of these places where so many of their jobs and their companies are just leaving, they’re gone. And, Hillary, I’d just ask you this. You’ve been doing this for 30 years. Why are you just thinking about these solutions right now? For 30 years, you’ve been doing it, and now you’re just starting to think of solutions.",True,"[{""start"": 96, ""end"": 121, ""text"": ""They lost plenty of money"", ""reason_text"": """", ""reason_choices"": [""vague quantitative"", ""economy"", ""environment""]}, {""start"": 195, ""end"": 236, ""text"": ""we’re putting a lot of people out of work"", ""reason_text"": """", ""reason_choices"": [""forecast/projection"", ""economy"", ""environment""]}, {""start"": 423, ""end"": 532, ""text"": ""The Obama administration, from the time they’ve come in, is over 230 years’ worth of debt, and he’s topped it"", ""reason_text"": """", ""reason_choices"": [""comparative/temporal"", ""economy""]}, {""start"": 534, ""end"": 583, ""text"": ""He’s doubled it in a course of almost eight years"", ""reason_text"": """", ""reason_choices"": [""numerical absolute"", ""economy""]}, {""start"": 937, ""end"": 995, ""text"": ""so many of their jobs and their companies are just leaving"", ""reason_text"": """", ""reason_choices"": [""vague quantitative"", ""economy""]}]",
2016092600082,20160926_trump_clinton,TRUMP,She’s going to raise taxes $1.3 trillion.,True,"[{""start"": 0, ""end"": 40, ""text"": ""She’s going to raise taxes $1.3 trillion"", ""reason_text"": """", ""reason_choices"": [""numerical absolute"", ""attribution"", ""forecast/projection"", ""stance/support""]}]",
2016092600051,20160926_trump_clinton,TRUMP,So is it President Obama’s fault?,False,[],
2016092600143,20160926_trump_clinton,TRUMP,"So, yeah, I think—I do think it’s time. Look, it’s all words, it’s all sound bites. I built an unbelievable company. Some of the greatest assets anywhere in the world, real estate assets anywhere in the world, beyond the United States, in Europe, lots of different places. It’s an unbelievable company. But on occasion, four times, we used certain laws that are there. And when Secretary Clinton talks about people that didn’t get paid, first of all, they did get paid a lot, but taken advantage of the laws of the nation. Now, if you want to change the laws, you’ve been there a long time, change the laws. But I take advantage of the laws of the nation because I’m running a company. My obligation right now is to do well for myself, my family, my employees, for my companies. And that’s what I do. But what she doesn’t say is that tens of thousands of people that are unbelievably happy and that love me. I’ll give you an example. We’re just opening up on Pennsylvania Avenue right next to the White House, so if I don’t get there one way, I’m going to get to Pennsylvania Avenue another. But we’re opening the Old Post Office. Under budget, ahead of schedule, saved tremendous money. I’m a year ahead of schedule. And that’s what this country should be doing. We build roads and they cost two and three and four times what they’re supposed to cost. We buy products for our military and they come in at costs that are so far above what they were supposed to be, because we don’t have people that know what they’re doing. When we look at the budget, the budget is bad to a large extent because we have people that have no idea as to what to do and how to buy. The Trump International is way under budget and way ahead of schedule. And we should be able to do that for our country.",True,"[{""start"": 320, ""end"": 352, ""text"": ""four times, we used certain laws"", ""reason_text"": """", ""reason_choices"": [""numerical absolute"", ""crime/law"", ""personal life""]}, {""start"": 451, ""end"": 474, ""text"": ""they did get paid a lot"", ""reason_text"": """", ""reason_choices"": [""vague quantitative"", ""personal life""]}, {""start"": 1283, ""end"": 1351, ""text"": ""they cost two and three and four times what they’re supposed to cost"", ""reason_text"": """", ""reason_choices"": [""numerical absolute"", ""economy""]}, {""start"": 1390, ""end"": 1463, ""text"": ""they come in at costs that are so far above what they were supposed to be"", ""reason_text"": """", ""reason_choices"": [""vague quantitative"", ""economy""]}]",
2016092600005,20160926_trump_clinton,TRUMP,"Thank you, Lester. Our jobs are fleeing the country. They’re going to Mexico. They’re going to many other countries. You look at what China is doing to our country in terms of making our product. They’re devaluing their currency, and there’s nobody in our government to fight them. And we have a very good fight. And we have a winning fight. Because they’re using our country as a piggy bank to rebuild China, and many other countries are doing the same thing. So we’re losing our good jobs, so many of them. When you look at what’s happening in Mexico, a friend of mine who builds plants said it’s the eighth wonder of the world. They’re building some of the biggest plants anywhere in the world, some of the most sophisticated, some of the best plants. With the United States, as he said, not so much. So Ford is leaving. You see that, their small car division leaving. Thousands of jobs leaving Michigan, leaving Ohio. They’re all leaving. And we can’t allow it to happen anymore. As far as child care is concerned and so many other things, I think Hillary and I agree on that. We probably disagree a little bit as to numbers and amounts and what we’re going to do, but perhaps we’ll be talking about that later. But we have to stop our jobs from being stolen from us. We have to stop our companies from leaving the United States and, with it, firing all of their people. All you have to do is take a look at Carrier air conditioning in Indianapolis. They left—fired 1,400 people. They’re going to Mexico. So many hundreds and hundreds of companies are doing this. We cannot let it happen. Under my plan, I’ll be reducing taxes tremendously, from 35 percent to 15 percent for companies, small and big businesses. That’s going to be a job creator like we haven’t seen since Ronald Reagan. It’s going to be a beautiful thing to watch. Companies will come. They will build. They will expand. New companies will start. And I look very, very much forward to doing it. We have to renegotiate our trade deals, and we have to stop these countries from stealing our companies and our jobs.",True,"[{""start"": 872, ""end"": 920, ""text"": ""Thousands of jobs leaving Michigan, leaving Ohio"", ""reason_text"": """", ""reason_choices"": [""numerical absolute"", ""economy""]}, {""start"": 1454, ""end"": 1482, ""text"": ""They left—fired 1,400 people"", ""reason_text"": """", ""reason_choices"": [""numerical absolute"", ""economy""]}]",
2016092600221,20160926_trump_clinton,TRUMP,"That is a mainstream media nonsense put out by her, because she—frankly, I think the best person in her campaign is mainstream media.",False,[],
2016092600248,20160926_trump_clinton,TRUMP,"That line’s getting a little bit old, I must say. I would like to…",False,[],
2016092600123,20160926_trump_clinton,TRUMP,That makes me smart.,False,[],
2016092600130,20160926_trump_clinton,TRUMP,"That was more than a mistake. That was done purposely. OK? That was not a mistake. That was done purposely. When you have your staff taking the Fifth Amendment, taking the Fifth so they’re not prosecuted, when you have the man that set up the illegal server taking the Fifth, I think it’s disgraceful. And believe me, this country thinks it’s—really thinks it’s disgraceful, also. As far as my tax returns, you don’t learn that much from tax returns. That I can tell you. You learn a lot from financial disclosure. And you should go down and take a look at that. The other thing, I’m extremely underleveraged. The report that said $650—which, by the way, a lot of friends of mine that know my business say, boy, that’s really not a lot of money. It’s not a lot of money relative to what I had. The buildings that were in question, they said in the same report, which was—actually, it wasn’t even a bad story, to be honest with you, but the buildings are worth $3.9 billion. And the $650 isn’t even on that. But it’s not $650. It’s much less than that. But I could give you a list of banks, I would—if that would help you, I would give you a list of banks. These are very fine institutions, very fine banks. I could do that very quickly. I am very underleveraged. I have a great company. I have a tremendous income. And the reason I say that is not in a braggadocios way. It’s because it’s about time that this country had somebody running it that has an idea about money. When we have $20 trillion in debt, and our country’s a mess, you know, it’s one thing to have $20 trillion in debt and our roads are good and our bridges are good and everything’s in great shape, our airports. Our airports are like from a third world country. You land at LaGuardia, you land at Kennedy, you land at LAX, you land at Newark, and you come in from Dubai and Qatar and you see these incredible—you come in from China, you see these incredible airports, and you land—we’ve become a third world country. So the worst of all things has happened. We owe $20 trillion, and we’re a mess. We haven’t even started. And we’ve spent $6 trillion in the Middle East, according to a report that I just saw. Whether it’s 6 or 5, but it looks like it’s 6, $6 trillion in the Middle East, we could have rebuilt our country twice. And it’s really a shame. And it’s politicians like Secretary Clinton that have caused this problem. Our country has tremendous problems. We’re a debtor nation. We’re a serious debtor nation. And we have a country that needs new roads, new tunnels, new bridges, new airports, new schools, new hospitals. And we don’t have the money, because it’s been squandered on so many of your ideas.",True,"[{""start"": 122, ""end"": 203, ""text"": ""your staff taking the Fifth Amendment, taking the Fifth so they’re not prosecuted"", ""reason_text"": """", ""reason_choices"": [""politics"", ""crime/law""]}, {""start"": 219, ""end"": 274, ""text"": ""the man that set up the illegal server taking the Fifth"", ""reason_text"": """", ""reason_choices"": [""crime/law""]}, {""start"": 1011, ""end"": 1050, ""text"": ""it’s not $650. It’s much less than that"", ""reason_text"": """", ""reason_choices"": [""numerical absolute"", ""vague quantitative"", ""personal life""]}, {""start"": 1477, ""end"": 1505, ""text"": ""we have $20 trillion in debt"", ""reason_text"": """", ""reason_choices"": [""numerical absolute"", ""economy""]}, {""start"": 2096, ""end"": 2138, ""text"": ""we’ve spent $6 trillion in the Middle East"", ""reason_text"": """", ""reason_choices"": [""numerical absolute"", ""economy"", ""geopolitics""]}]",
2016092600240,20160926_trump_clinton,TRUMP,That would not start a war.,False,[],
2016092600063,20160926_trump_clinton,TRUMP,That’s about all you’ve… [crosstalk],False,[],
2016092600016,20160926_trump_clinton,TRUMP,"That’s called business, by the way.",False,[],
2016092600227,20160926_trump_clinton,TRUMP,The record does not show that.,True,"[{""start"": 0, ""end"": 29, ""text"": ""The record does not show that"", ""reason_text"": """", ""reason_choices"": [""epistemic""]}]",
2016092600229,20160926_trump_clinton,TRUMP,"The record shows that I’m right. When I did an interview with Howard Stern, very lightly, first time anyone’s asked me that, I said, very lightly, I don’t know, maybe, who knows? Essentially. I then did an interview with Neil Cavuto. We talked about the economy is more important. I then spoke to Sean Hannity, which everybody refuses to call Sean Hannity. I had numerous conversations with Sean Hannity at Fox. And Sean Hannity said—and he called me the other day—and I spoke to him about it—he said you were totally against the war, because he was for the war.",True,"[{""start"": 125, ""end"": 177, ""text"": ""I said, very lightly, I don’t know, maybe, who knows"", ""reason_text"": """", ""reason_choices"": [""attribution""]}]",
2016092600213,20160926_trump_clinton,TRUMP,"The secretary said very strongly about working with—we’ve been working with them for many years, and we have the greatest mess anyone’s ever seen. You look at the Middle East, it’s a total mess. Under your direction, to a large extent. But you look at the Middle East, you started the Iran deal, that’s another beauty where you have a country that was ready to fall, I mean, they were doing so badly. They were choking on the sanctions. And now they’re going to be actually probably a major power at some point pretty soon, the way they’re going. But when you look at NATO, I was asked on a major show, what do you think of NATO? And you have to understand, I’m a businessperson. I did really well. But I have common sense. And I said, well, I’ll tell you. I haven’t given lots of thought to NATO. But two things. Number one, the 28 countries of NATO, many of them aren’t paying their fair share. Number two—and that bothers me, because we should be asking—we’re defending them, and they should at least be paying us what they’re supposed to be paying by treaty and contract. And, number two, I said, and very strongly, NATO could be obsolete, because—and I was very strong on this, and it was actually covered very accurately in the New York Times, which is unusual for the New York Times, to be honest—but I said, they do not focus on terror. And I was very strong. And I said it numerous times. And about four months ago, I read on the front page of the Wall Street Journal that NATO is opening up a major terror division. And I think that’s great. And I think we should get—because we pay approximately 73 percent of the cost of NATO. It’s a lot of money to protect other people. But I’m all for NATO. But I said they have to focus on terror, also. And they’re going to do that. And that was—believe me—I’m sure I’m not going to get credit for it—but that was largely because of what I was saying and my criticism of NATO. I think we have to get NATO to go into the Middle East with us, in addition to surrounding nations, and we have to knock the hell out of ISIS, and we have to do it fast, when ISIS formed in this vacuum created by Barack Obama and Secretary Clinton. And believe me, you were the ones that took out the troops. Not only that, you named the day. They couldn’t believe it. They sat back probably and said, I can’t believe it. They said…",True,"[{""start"": 269, ""end"": 294, ""text"": ""you started the Iran deal"", ""reason_text"": """", ""reason_choices"": [""attribution"", ""geopolitics""]}, {""start"": 852, ""end"": 895, ""text"": ""many of them aren’t paying their fair share"", ""reason_text"": """", ""reason_choices"": [""vague quantitative"", ""geopolitics""]}, {""start"": 1187, ""end"": 1248, ""text"": ""it was actually covered very accurately in the New York Times"", ""reason_text"": """", ""reason_choices"": [""attribution"", ""geopolitics"", ""terrorism""]}, {""start"": 1586, ""end"": 1637, ""text"": ""we pay approximately 73 percent of the cost of NATO"", ""reason_text"": """", ""reason_choices"": [""statistic"", ""economy"", ""geopolitics""]}, {""start"": 2097, ""end"": 2174, ""text"": ""when ISIS formed in this vacuum created by Barack Obama and Secretary Clinton"", ""reason_text"": """", ""reason_choices"": [""causation"", ""geopolitics"", ""terrorism""]}, {""start"": 2192, ""end"": 2234, ""text"": ""you were the ones that took out the troops"", ""reason_text"": """", ""reason_choices"": [""attribution"", ""geopolitics"", ""defense/military""]}]",
2016092600279,20160926_trump_clinton,TRUMP,"The world—let me tell you. Let me tell you. Hillary has experience, but it’s bad experience. We have made so many bad deals during the last—so she’s got experience, that I agree. [applause] But it’s bad, bad experience. Whether it’s the Iran deal that you’re so in love with, where we gave them $150 billion back, whether it’s the Iran deal, whether it’s anything you can—name—you almost can’t name a good deal. I agree. She’s got experience, but it’s bad experience. And this country can’t afford to have another four years of that kind of experience.",True,"[{""start"": 282, ""end"": 312, ""text"": ""we gave them $150 billion back"", ""reason_text"": """", ""reason_choices"": [""numerical absolute"", ""economy"", ""geopolitics""]}]",
2016092600102,20160926_trump_clinton,TRUMP,Then you didn’t read it.,False,[],
2016092600098,20160926_trump_clinton,TRUMP,There’s nothing crazy about not letting our companies bring their money back into their country.,False,[],
2016092600112,20160926_trump_clinton,TRUMP,"Typical politician. All talk, no action. Sounds good, doesn’t work. Never going to happen. Our country is suffering because people like Secretary Clinton have made such bad decisions in terms of our jobs and in terms of what’s going on. Now, look, we have the worst revival of an economy since the Great Depression. And believe me: We’re in a bubble right now. And the only thing that looks good is the stock market, but if you raise interest rates even a little bit, that’s going to come crashing down. We are in a big, fat, ugly bubble. And we better be awfully careful. And we have a Fed that’s doing political things. This Janet Yellen of the Fed. The Fed is doing political—by keeping the interest rates at this level. And believe me: The day Obama goes off, and he leaves, and goes out to the golf course for the rest of his life to play golf, when they raise interest rates, you’re going to see some very bad things happen, because the Fed is not doing their job. The Fed is being more political than Secretary Clinton.",True,"[{""start"": 248, ""end"": 314, ""text"": ""we have the worst revival of an economy since the Great Depression"", ""reason_text"": """", ""reason_choices"": [""ranking"", ""economy""]}, {""start"": 365, ""end"": 415, ""text"": ""the only thing that looks good is the stock market"", ""reason_text"": """", ""reason_choices"": [""vague quantitative"", ""economy""]}, {""start"": 627, ""end"": 722, ""text"": ""Janet Yellen of the Fed. The Fed is doing political—by keeping the interest rates at this level"", ""reason_text"": """", ""reason_choices"": [""attribution"", ""economy"", ""politics""]}]",
2016092600225,20160926_trump_clinton,TRUMP,Wait a minute. I was against the war in Iraq. Just so you put it out.,True,"[{""start"": 15, ""end"": 44, ""text"": ""I was against the war in Iraq"", ""reason_text"": """", ""reason_choices"": [""stance/support"", ""geopolitics""]}]",
2016092600237,20160926_trump_clinton,TRUMP,"Wait. The AFL-CIO the other day, behind the blue screen, I don’t know who you were talking to, Secretary Clinton, but you were totally out of control. I said, there’s a person with a temperament that’s got a problem.",False,[],
2016092600235,20160926_trump_clinton,TRUMP,"Well, I have much better judgment than she does. There’s no question about that. I also have a much better temperament than she has, you know? [laughter] I have a much better—she spent—let me tell you—she spent hundreds of millions of dollars on an advertising—you know, they get Madison Avenue into a room, they put names—oh, temperament, let’s go after—I think my strongest asset, maybe by far, is my temperament. I have a winning temperament. I know how to win. She does not have a…",True,"[{""start"": 201, ""end"": 260, ""text"": ""she spent hundreds of millions of dollars on an advertising"", ""reason_text"": """", ""reason_choices"": [""numerical absolute"", ""attribution""]}]",
2016092600211,20160926_trump_clinton,TRUMP,"Well, I have to respond.",False,[],
2016092600256,20160926_trump_clinton,TRUMP,"Well, I have to say that, you know, for what Secretary Clinton was saying about nuclear with Russia, she’s very cavalier in the way she talks about various countries. But Russia has been expanding their—they have a much newer capability than we do. We have not been updating from the new standpoint. I looked the other night. I was seeing B-52s, they’re old enough that your father, your grandfather could be flying them. We are not—we are not keeping up with other countries. I would like everybody to end it, just get rid of it. But I would certainly not do first strike. I think that once the nuclear alternative happens, it’s over. At the same time, we have to be prepared. I can’t take anything off the table. Because you look at some of these countries, you look at North Korea, we’re doing nothing there. China should solve that problem for us. China should go into North Korea. China is totally powerful as it relates to North Korea. And by the way, another one powerful is the worst deal I think I’ve ever seen negotiated that you started is the Iran deal. Iran is one of their biggest trading partners. Iran has power over North Korea. And when they made that horrible deal with Iran, they should have included the fact that they do something with respect to North Korea. And they should have done something with respect to Yemen and all these other places. And when asked to Secretary Kerry, why didn’t you do that? Why didn’t you add other things into the deal? One of the great giveaways of all time, of all time, including $400 million in cash. Nobody’s ever seen that before. That turned out to be wrong. It was actually $1.7 billion in cash, obviously, I guess for the hostages. It certainly looks that way. So you say to yourself, why didn’t they make the right deal? This is one of the worst deals ever made by any country in history. The deal with Iran will lead to nuclear problems. All they have to do is sit back 10 years, and they don’t have to do much.",True,"[{""start"": 1031, ""end"": 1047, ""text"": ""that you started"", ""reason_text"": """", ""reason_choices"": [""attribution"", ""geopolitics""]}, {""start"": 1066, ""end"": 1111, ""text"": ""Iran is one of their biggest trading partners"", ""reason_text"": """", ""reason_choices"": [""vague quantitative"", ""economy"", ""geopolitics""]}, {""start"": 1527, ""end"": 1557, ""text"": ""including $400 million in cash"", ""reason_text"": """", ""reason_choices"": [""numerical absolute"", ""economy"", ""geopolitics""]}, {""start"": 1620, ""end"": 1656, ""text"": ""It was actually $1.7 billion in cash"", ""reason_text"": """", ""reason_choices"": [""numerical absolute"", ""economy"", ""geopolitics""]}]",
2016092600118,20160926_trump_clinton,TRUMP,"Well, I told you, I will release them as soon as the audit. Look, I’ve been under audit almost for 15 years. I know a lot of wealthy people that have never been audited. I said, do you get audited? I get audited almost every year. And in a way, I should be complaining. I’m not even complaining. I don’t mind it. It’s almost become a way of life. I get audited by the IRS. But other people don’t. I will say this. We have a situation in this country that has to be taken care of. I will release my tax returns—against my lawyer’s wishes—when she releases her 33,000 e-mails that have been deleted. As soon as she releases them, I will release. [applause] I will release my tax returns. And that’s against—my lawyers, they say, “Don’t do it.” I will tell you this. No—in fact, watching shows, they’re reading the papers. Almost every lawyer says, you don’t release your returns until the audit’s complete. When the audit’s complete, I’ll do it. But I would go against them if she releases her e-mails.",True,"[{""start"": 198, ""end"": 229, ""text"": ""I get audited almost every year"", ""reason_text"": """", ""reason_choices"": [""personal life""]}, {""start"": 555, ""end"": 596, ""text"": ""her 33,000 e-mails that have been deleted"", ""reason_text"": """", ""reason_choices"": [""numerical absolute"", ""conspiracy"", ""politics""]}]",
2016092600093,20160926_trump_clinton,TRUMP,"Well, I’m really calling for major jobs, because the wealthy are going to create tremendous jobs. They’re going to expand their companies. They’re going to do a tremendous job. I’m getting rid of the carried interest provision. And if you really look, it’s not a tax—it’s really not a great thing for the wealthy. It’s a great thing for the middle class. It’s a great thing for companies to expand. And when these people are going to put billions and billions of dollars into companies, and when they’re going to bring $2.5 trillion back from overseas, where they can’t bring the money back, because politicians like Secretary Clinton won’t allow them to bring the money back, because the taxes are so onerous, and the bureaucratic red tape, so what—is so bad. So what they’re doing is they’re leaving our country, and they’re, believe it or not, leaving because taxes are too high and because some of them have lots of money outside of our country. And instead of bringing it back and putting the money to work, because they can’t work out a deal to—and everybody agrees it should be brought back. Instead of that, they’re leaving our country to get their money, because they can’t bring their money back into our country, because of bureaucratic red tape, because they can’t get together. Because we have—we have a president that can’t sit them around a table and get them to approve something. And here’s the thing. Republicans and Democrats agree that this should be done, $2.5 trillion. I happen to think it’s double that. It’s probably $5 trillion that we can’t bring into our country, Lester. And with a little leadership, you’d get it in here very quickly, and it could be put to use on the inner cities and lots of other things, and it would be beautiful. But we have no leadership. And honestly, that starts with Secretary Clinton.",True,"[{""start"": 496, ""end"": 551, ""text"": ""they’re going to bring $2.5 trillion back from overseas"", ""reason_text"": """", ""reason_choices"": [""numerical absolute"", ""forecast/projection"", ""economy""]}, {""start"": 847, ""end"": 881, ""text"": ""leaving because taxes are too high"", ""reason_text"": """", ""reason_choices"": [""vague quantitative"", ""economy""]}, {""start"": 1419, ""end"": 1475, ""text"": ""Republicans and Democrats agree that this should be done"", ""reason_text"": """", ""reason_choices"": [""stance/support"", ""economy"", ""politics""]}]",
2016092600078,20160926_trump_clinton,TRUMP,"Well, could I just finish—I think I… [crosstalk]",False,[],
2016092600203,20160926_trump_clinton,TRUMP,"Well, first I have to say one thing, very important. Secretary Clinton is talking about taking out ISIS. “We will take out ISIS.” Well, President Obama and Secretary Clinton created a vacuum the way they got out of Iraq, because they got out—what, they shouldn’t have been in, but once they got in, the way they got out was a disaster. And ISIS was formed. So she talks about taking them out. She’s been doing it a long time. She’s been trying to take them out for a long time. But they wouldn’t have even been formed if they left some troops behind, like 10,000 or maybe something more than that. And then you wouldn’t have had them. Or, as I’ve been saying for a long time, and I think you’ll agree, because I said it to you once, had we taken the oil—and we should have taken the oil—ISIS would not have been able to form either, because the oil was their primary source of income. And now they have the oil all over the place, including the oil—a lot of the oil in Libya, which was another one of her disasters.",True,"[{""start"": 841, ""end"": 883, ""text"": ""the oil was their primary source of income"", ""reason_text"": """", ""reason_choices"": [""geopolitics"", ""terrorism""]}, {""start"": 949, ""end"": 974, ""text"": ""a lot of the oil in Libya"", ""reason_text"": """", ""reason_choices"": [""vague quantitative"", ""geopolitics"", ""terrorism""]}]",
2016092600147,20160926_trump_clinton,TRUMP,"Well, first of all, Secretary Clinton doesn’t want to use a couple of words, and that’s law and order. And we need law and order. If we don’t have it, we’re not going to have a country. And when I look at what’s going on in Charlotte, a city I love, a city where I have investments, when I look at what’s going on throughout various parts of our country, whether it’s—I mean, I can just keep naming them all day long—we need law and order in our country. I just got today the, as you know, the endorsement of the Fraternal Order of Police, we just—just came in. We have endorsements from, I think, almost every police group, very—I mean, a large percentage of them in the United States. We have a situation where we have our inner cities, African-Americans, Hispanics are living in hell because it’s so dangerous. You walk down the street, you get shot. In Chicago, they’ve had thousands of shootings, thousands since January 1st. Thousands of shootings. And I’m saying, where is this? Is this a war-torn country? What are we doing? And we have to stop the violence. We have to bring back law and order. In a place like Chicago, where thousands of people have been killed, thousands over the last number of years, in fact, almost 4,000 have been killed since Barack Obama became president, over—almost 4,000 people in Chicago have been killed. We have to bring back law and order. Now, whether or not in a place like Chicago you do stop and frisk, which worked very well, Mayor Giuliani is here, worked very well in New York. It brought the crime rate way down. But you take the gun away from criminals that shouldn’t be having it. We have gangs roaming the street. And in many cases, they’re illegally here, illegal immigrants. And they have guns. And they shoot people. And we have to be very strong. And we have to be very vigilant. We have to be—we have to know what we’re doing. Right now, our police, in many cases, are afraid to do anything. We have to protect our inner cities, because African-American communities are being decimated by crime, decimated.",True,"[{""start"": 490, ""end"": 538, ""text"": ""the endorsement of the Fraternal Order of Police"", ""reason_text"": """", ""reason_choices"": [""attribution"", ""stance/support""]}, {""start"": 638, ""end"": 685, ""text"": ""a large percentage of them in the United States"", ""reason_text"": ""might not be verifiable"", ""reason_choices"": [""vague quantitative""]}, {""start"": 854, ""end"": 929, ""text"": ""In Chicago, they’ve had thousands of shootings, thousands since January 1st"", ""reason_text"": """", ""reason_choices"": [""numerical absolute"", ""crime/law""]}, {""start"": 1135, ""end"": 1212, ""text"": ""thousands of people have been killed, thousands over the last number of years"", ""reason_text"": """", ""reason_choices"": [""numerical absolute"", ""crime/law""]}, {""start"": 1230, ""end"": 1288, ""text"": ""4,000 have been killed since Barack Obama became president"", ""reason_text"": """", ""reason_choices"": [""numerical absolute"", ""crime/law""]}, {""start"": 1526, ""end"": 1560, ""text"": ""It brought the crime rate way down"", ""reason_text"": """", ""reason_choices"": [""vague quantitative"", ""comparative/temporal"", ""crime/law""]}, {""start"": 1670, ""end"": 1727, ""text"": ""in many cases, they’re illegally here, illegal immigrants"", ""reason_text"": """", ""reason_choices"": [""vague quantitative"", ""immigration"", ""crime/law""]}]",
2016092600009,20160926_trump_clinton,TRUMP,"Well, for one thing—and before we start on that—my father gave me a very small loan in 1975, and I built it into a company that’s worth many, many billions of dollars, with some of the greatest assets in the world, and I say that only because that’s the kind of thinking that our country needs. Our country’s in deep trouble. We don’t know what we’re doing when it comes to devaluations and all of these countries all over the world, especially China. They’re the best, the best ever at it. What they’re doing to us is a very, very sad thing. So we have to do that. We have to renegotiate our trade deals. And, Lester, they’re taking our jobs, they’re giving incentives, they’re doing things that, frankly, we don’t do. Let me give you the example of Mexico. They have a VAT tax. We’re on a different system. When we sell into Mexico, there’s a tax. When they sell in—automatic, 16 percent, approximately. When they sell into us, there’s no tax. It’s a defective agreement. It’s been defective for a long time, many years, but the politicians haven’t done anything about it. Now, in all fairness to Secretary Clinton—yes, is that OK? Good. I want you to be very happy. It’s very important to me. But in all fairness to Secretary Clinton, when she started talking about this, it was really very recently. She’s been doing this for 30 years. And why hasn’t she made the agreements better? The NAFTA agreement is defective. Just because of the tax and many other reasons, but just because of the fact…",True,"[{""start"": 48, ""end"": 91, ""text"": ""my father gave me a very small loan in 1975"", ""reason_text"": """", ""reason_choices"": [""vague quantitative"", ""personal life""]}, {""start"": 809, ""end"": 848, ""text"": ""When we sell into Mexico, there’s a tax"", ""reason_text"": """", ""reason_choices"": [""economy""]}, {""start"": 906, ""end"": 944, ""text"": ""When they sell into us, there’s no tax"", ""reason_text"": """", ""reason_choices"": [""economy""]}]",
2016092600029,20160926_trump_clinton,TRUMP,"Well, he approved NAFTA… [crosstalk]",True,"[{""start"": 6, ""end"": 23, ""text"": ""he approved NAFTA"", ""reason_text"": """", ""reason_choices"": [""attribution"", ""stance/support""]}]",
2016092600189,20160926_trump_clinton,TRUMP,"Well, it was very—I say nothing. I say nothing, because I was able to get him to produce it. He should have produced it a long time before. I say nothing. But let me just tell you. When you talk about healing, I think that I’ve developed very, very good relationships over the last little while with the African-American community. I think you can see that. And I feel that they really wanted me to come to that conclusion. And I think I did a great job and a great service not only for the country, but even for the president, in getting him to produce his birth certificate.",False,[],
2016092600187,20160926_trump_clinton,TRUMP,"Well, nobody was pressing it, nobody was caring much about it. I figured you’d ask the question tonight, of course. But nobody was caring much about it. But I was the one that got him to produce the birth certificate. And I think I did a good job. Secretary Clinton also fought it. I mean, you know—now, everybody in mainstream is going to say, oh, that’s not true. Look, it’s true. Sidney Blumenthal sent a reporter—you just have to take a look at CNN, the last week, the interview with your former campaign manager. And she was involved. But just like she can’t bring back jobs, she can’t produce.",True,"[{""start"": 383, ""end"": 416, ""text"": ""Sidney Blumenthal sent a reporter"", ""reason_text"": """", ""reason_choices"": [""attribution""]}, {""start"": 522, ""end"": 538, ""text"": ""she was involved"", ""reason_text"": """", ""reason_choices"": [""attribution"", ""conspiracy""]}]",
2016092600013,20160926_trump_clinton,TRUMP,"Well, the first thing you do is don’t let the jobs leave. The companies are leaving. I could name, I mean, there are thousands of them. They’re leaving, and they’re leaving in bigger numbers than ever. And what you do is you say, fine, you want to go to Mexico or some other country, good luck. We wish you a lot of luck. But if you think you’re going to make your air conditioners or your cars or your cookies or whatever you make and bring them into our country without a tax, you’re wrong. And once you say you’re going to have to tax them coming in, and our politicians never do this, because they have special interests and the special interests want those companies to leave, because in many cases, they own the companies. So what I’m saying is, we can stop them from leaving. We have to stop them from leaving. And that’s a big, big factor.",True,"[{""start"": 107, ""end"": 134, ""text"": ""there are thousands of them"", ""reason_text"": """", ""reason_choices"": [""numerical absolute"", ""economy""]}, {""start"": 157, ""end"": 200, ""text"": ""they’re leaving in bigger numbers than ever"", ""reason_text"": """", ""reason_choices"": [""ranking"", ""economy""]}, {""start"": 690, ""end"": 727, ""text"": ""in many cases, they own the companies"", ""reason_text"": """", ""reason_choices"": [""vague quantitative"", ""economy"", ""politics""]}]",
2016092600252,20160926_trump_clinton,TRUMP,"Well, wait, but it’s very important. All I said was, they may have to defend themselves or they have to help us out. We’re a country that owes $20 trillion. They have to help us out.",True,"[{""start"": 117, ""end"": 155, ""text"": ""We’re a country that owes $20 trillion"", ""reason_text"": """", ""reason_choices"": [""numerical absolute"", ""economy""]}]",
2016092600217,20160926_trump_clinton,TRUMP,"When they formed, when they formed, this is something that never should have happened. It should have never happened. Now, you’re talking about taking out ISIS. But you were there, and you were secretary of state when it was a little infant. Now it’s in over 30 countries. And you’re going to stop them? I don’t think so.",True,"[{""start"": 185, ""end"": 212, ""text"": ""you were secretary of state"", ""reason_text"": """", ""reason_choices"": [""attribution"", ""geopolitics"", ""terrorism""]}, {""start"": 246, ""end"": 271, ""text"": ""it’s in over 30 countries"", ""reason_text"": """", ""reason_choices"": [""numerical absolute"", ""terrorism""]}]",
2016092600290,20160926_trump_clinton,TRUMP,Where did you find this?,False,[],
2016092600288,20160926_trump_clinton,TRUMP,Where did you find this? Where did you find this?,False,[],
2016092600137,20160926_trump_clinton,TRUMP,"Which our country should do, too.",False,[],
2016092600104,20160926_trump_clinton,TRUMP,Who gave it that name? The first I’ve—who gave it that name? [crosstalk],False,[],
2016092600027,20160926_trump_clinton,TRUMP,"Yeah, for 30 years.",False,[],
2016092600068,20160926_trump_clinton,TRUMP,"You are going to approve one of the biggest tax cuts in history. You are going to approve one of the biggest tax increases in history. You are going to drive business out. Your regulations are a disaster, and you’re going to increase regulations all over the place. And by the way, my tax cut is the biggest since Ronald Reagan. I’m very proud of it. It will create tremendous numbers of new jobs. But regulations, you are going to regulate these businesses out of existence. When I go around—Lester, I tell you this, I’ve been all over. And when I go around, despite the tax cut, the thing—the things that business as in people like the most is the fact that I’m cutting regulation. You have regulations on top of regulations, and new companies cannot form and old companies are going out of business. And you want to increase the regulations and make them even worse. I’m going to cut regulations. I’m going to cut taxes big league, and you’re going to raise taxes big league, end of story.",True,"[{""start"": 282, ""end"": 327, ""text"": ""my tax cut is the biggest since Ronald Reagan"", ""reason_text"": """", ""reason_choices"": [""ranking"", ""economy""]}]",
2016092600045,20160926_trump_clinton,TRUMP,You called it the gold standard of trade deals. You said it’s the finest deal you’ve ever seen.,True,"[{""start"": 0, ""end"": 46, ""text"": ""You called it the gold standard of trade deals"", ""reason_text"": """", ""reason_choices"": [""attribution"", ""economy""]}]",
2016092600044,20160926_trump_clinton,TRUMP,You called it the gold standard. [crosstalk],True,"[{""start"": 0, ""end"": 31, ""text"": ""You called it the gold standard"", ""reason_text"": """", ""reason_choices"": [""attribution""]}]",
2016092600042,20160926_trump_clinton,TRUMP,"You go to New England, you go to Ohio, Pennsylvania, you go anywhere you want, Secretary Clinton, and you will see devastation where manufacture is down 30, 40, sometimes 50 percent. NAFTA is the worst trade deal maybe ever signed anywhere, but certainly ever signed in this country. And now you want to approve Trans-Pacific Partnership. You were totally in favor of it. Then you heard what I was saying, how bad it is, and you said, I can’t win that debate. But you know that if you did win, you would approve that, and that will be almost as bad as NAFTA. Nothing will ever top NAFTA.",True,"[{""start"": 133, ""end"": 181, ""text"": ""manufacture is down 30, 40, sometimes 50 percent"", ""reason_text"": """", ""reason_choices"": [""statistic"", ""economy""]}, {""start"": 292, ""end"": 337, ""text"": ""you want to approve Trans-Pacific Partnership"", ""reason_text"": """", ""reason_choices"": [""stance/support""]}]",
2016092600036,20160926_trump_clinton,TRUMP,You haven’t done it. You haven’t done it.,False,[],
2016092600276,20160926_trump_clinton,TRUMP,"You have—wait a minute. Wait a minute, Lester. You asked me a question. Did you ask me a question? You have to be able to negotiate our trade deals. You have to be able to negotiate, that’s right, with Japan, with Saudi Arabia. I mean, can you imagine, we’re defending Saudi Arabia? And with all of the money they have, we’re defending them, and they’re not paying? All you have to do is speak to them. Wait. You have so many different things you have to be able to do, and I don’t believe that Hillary has the stamina.",True,"[{""start"": 320, ""end"": 364, ""text"": ""we’re defending them, and they’re not paying"", ""reason_text"": """", ""reason_choices"": [""economy"", ""geopolitics""]}]",
2016092600296,20160926_trump_clinton,TRUMP,"You know, Hillary is hitting me with tremendous commercials. Some of it’s said in entertainment. Some of it’s said—somebody who’s been very vicious to me, Rosie O’Donnell, I said very tough things to her, and I think everybody would agree that she deserves it and nobody feels sorry for her. But you want to know the truth? I was going to say something…",False,[],
2016092600040,20160926_trump_clinton,TRUMP,"Your husband signed NAFTA, which was one of the worst things that ever happened to the manufacturing industry.",True,"[{""start"": 0, ""end"": 25, ""text"": ""Your husband signed NAFTA"", ""reason_text"": """", ""reason_choices"": [""attribution"", ""stance/support""]}]",
2016092600300,20160926_trump_clinton,TRUMP,"… $200 million is spent, and I’m either winning or tied, and I’ve spent practically nothing. [applause]",True,"[{""start"": 2, ""end"": 23, ""text"": ""$200 million is spent"", ""reason_text"": """", ""reason_choices"": [""numerical absolute""]}, {""start"": 61, ""end"": 91, ""text"": ""I’ve spent practically nothing"", ""reason_text"": """", ""reason_choices"": [""numerical absolute""]}]",
2016092600298,20160926_trump_clinton,TRUMP,"… extremely rough to Hillary, to her family, and I said to myself, “I can’t do it. I just can’t do it. It’s inappropriate. It’s not nice.” But she spent hundreds of millions of dollars on negative ads on me, many of which are absolutely untrue. They’re untrue. And they’re misrepresentations. And I will tell you this, Lester: It’s not nice. And I don’t deserve that. But it’s certainly not a nice thing that she’s done. It’s hundreds of millions of ads. And the only gratifying thing is, I saw the polls come in today, and with all of that money…",True,"[{""start"": 143, ""end"": 206, ""text"": ""she spent hundreds of millions of dollars on negative ads on me"", ""reason_text"": """", ""reason_choices"": [""numerical absolute"", ""politics""]}, {""start"": 421, ""end"": 453, ""text"": ""It’s hundreds of millions of ads"", ""reason_text"": """", ""reason_choices"": [""numerical absolute"", ""politics""]}]",
2016092600270,20160926_trump_clinton,TRUMP,… where they’re not paying us what we need.,False,[],
2020092900743,20200929_trump_biden,BIDEN,. . . If you knew anything about. . .,False,[],
2020092900812,20200929_trump_biden,BIDEN,. . . he knows what the outcome will be.,False,[],
2020092900734,20200929_trump_biden,BIDEN,". . . we're going to be in a position where we can create hard, hard, good jobs by making sure the environment is clean, and we all are in better shape. We spend billions of dollars now, billions of dollars, on floods, hurricanes, rising seas. We're in real trouble. Look what's happened just in the Midwest with these storms that come through and wipe out entire sections and counties in Iowa. They didn't happen before. They're because of global warming. We make up 15% of the world's problem. We in fact, but the rest of the world, we've got to get them to come along. That's why we have to get back into, back into the Paris Accord.",True,"[{""start"": 153, ""end"": 242, ""text"": ""We spend billions of dollars now, billions of dollars, on floods, hurricanes, rising seas"", ""reason_text"": """", ""reason_choices"": [""numerical absolute"", ""economy"", ""environment""]}, {""start"": 395, ""end"": 420, ""text"": ""They didn't happen before"", ""reason_text"": """", ""reason_choices"": [""comparative/temporal"", ""environment""]}, {""start"": 422, ""end"": 455, ""text"": ""They're because of global warming"", ""reason_text"": """", ""reason_choices"": [""causation"", ""environment""]}, {""start"": 457, ""end"": 494, ""text"": ""We make up 15% of the world's problem"", ""reason_text"": """", ""reason_choices"": [""statistic""]}]",
2020092900187,20200929_trump_biden,BIDEN,"... by Easter, this would be gone away. By the warm weather, it'd be gone. Miraculous, like a miracle. And by the way, maybe you could inject some bleach in your arm, and that would take care of it. This is the same man.",False,[],
2020092900624,20200929_trump_biden,BIDEN,... not a militia. That's what his FBI Director said.,False,[],
2020092900370,20200929_trump_biden,BIDEN,... number one. Number two-,False,[],
2020092900492,20200929_trump_biden,BIDEN,"... second point I'd make to you, is that when Floyd was killed, when Mr. Floyd was killed, there was a peaceful protest in front of the White House. What did he do? He came out of his bunker, had the military use tear gas on them so he could walk across to a church and hold up a Bible. And then what happened after that? The Bishop of that very church said that it was a disgrace. The general who was with him said ""All he ever wants to do is divide people, not unite people at all."" This is a president who has used everything as a dog whistle, to try to generate racists hatred, racist division. This is a man who, in fact, you talk about helping African-Americans, one in 1000 African Americans has been killed because of the coronavirus. And if he doesn't do something quickly, by the end of the year, one in 500 will have been killed. One in 500 African Americans. This man, this man is a savior of African-Americans? This man cares at all? This man's done virtually nothing. Look, the fact is that you have to look at what he's talks about. You have to look at what he did. And what he did has been disastrous for the African-American community.",True,"[{""start"": 193, ""end"": 230, ""text"": ""had the military use tear gas on them"", ""reason_text"": """", ""reason_choices"": [""attribution"", ""politics"", ""defense/military""]}, {""start"": 670, ""end"": 742, ""text"": ""one in 1000 African Americans has been killed because of the coronavirus"", ""reason_text"": """", ""reason_choices"": [""statistic"", ""ethnicity/race"", ""medicine""]}]",
2020092900436,20200929_trump_biden,BIDEN,"... testified, he testified under oath in his Administration said I did my job and I did it very well.",False,[],
2020092900361,20200929_trump_biden,BIDEN,"... we inherited the worst recession, short of a depression in American history. I was asked to bring it back. We were able to have an economic recovery that created the jobs you're talking about. We handed him a booming economy, he blew it.",True,"[{""start"": 4, ""end"": 79, ""text"": ""we inherited the worst recession, short of a depression in American history"", ""reason_text"": """", ""reason_choices"": [""ranking"", ""economy""]}, {""start"": 197, ""end"": 228, ""text"": ""We handed him a booming economy"", ""reason_text"": """", ""reason_choices"": [""vague quantitative"", ""economy""]}]",
2020092900168,20200929_trump_biden,BIDEN,"14,000 people died, not 200,000.",True,"[{""start"": 0, ""end"": 18, ""text"": ""14,000 people died"", ""reason_text"": """", ""reason_choices"": [""numerical absolute"", ""medicine""]}, {""start"": 20, ""end"": 31, ""text"": ""not 200,000"", ""reason_text"": """", ""reason_choices"": [""numerical absolute""]}]",
2020092900091,20200929_trump_biden,BIDEN,All he knows how to do-,False,[],
2020092900585,20200929_trump_biden,BIDEN,"And by the way his own former spokesperson said, you know, ""Riots and chaos and violence help his cause."" That's what this is all about.",False,[],
2020092900732,20200929_trump_biden,BIDEN,And here's the deal. . .,False,[],
2020092900328,20200929_trump_biden,BIDEN,And make sure that we invest in the people who in fact need the help. People out there need help.,False,[],
2020092900593,20200929_trump_biden,BIDEN,"And so here, here's the point. The point is that, that's what he is keep trying to rile everything up. He doesn't want to calm things down. Instead of going in and talking to people and saying, ""Let's get everybody together. Figure out how to deal with this."" What's he do? He just pours gasoline in the fire. Constantly. At every single solitary time.",False,[],
2020092900388,20200929_trump_biden,BIDEN,And so you take a look at what he's actually done. He's done very little. His trade deals are the same way. He talks about these great trade deals. He talks about the art of the deal. China's perfected the art of the steel. We have a higher deficit with China now than we did before. We have the highest trade deficit-,True,"[{""start"": 224, ""end"": 282, ""text"": ""We have a higher deficit with China now than we did before"", ""reason_text"": """", ""reason_choices"": [""comparative/temporal"", ""economy""]}]",
2020092900457,20200929_trump_biden,BIDEN,And that's such a- [crosstalk],False,[],
2020092900540,20200929_trump_biden,BIDEN,"And the fact of the matter is, violent crime went down 17 percent, 15 percent in our Administration. It's gone up on his watch.",True,"[{""start"": 31, ""end"": 99, ""text"": ""violent crime went down 17 percent, 15 percent in our Administration"", ""reason_text"": """", ""reason_choices"": [""statistic"", ""comparative/temporal""]}, {""start"": 101, ""end"": 126, ""text"": ""It's gone up on his watch"", ""reason_text"": """", ""reason_choices"": [""vague quantitative"", ""comparative/temporal""]}]",
2020092900171,20200929_trump_biden,BIDEN,"And there was no one ... We didn't shut down the economy. This is his economy he shut down. The reason it's shut down is because, look, you folks at home. How many of you got up this morning and had an empty chair at the kitchen table because someone died of COVID? How many of you are in a situation where you lost your mom or dad and you couldn't even speak to them, you had a nurse holding a phone up so you could in fact say goodbye?",False,[],
2020092900095,20200929_trump_biden,BIDEN,And tonight I'm going to make sure.,False,[],
2020092900622,20200929_trump_biden,BIDEN,Antifa is an idea not an organization. . .,False,[],
2020092900214,20200929_trump_biden,BIDEN,"Because he doesn't have a plan. If I were running it, I'd know what the plan is. You've got to provide these businesses the ability to have the money to be able to reopen with the PPE, as well as with the sanitation they need. You have to provide them classic-",False,[],
2020092900114,20200929_trump_biden,BIDEN,"Because he, in fact, already has costs 10 million people their healthcare that they had from their employers because of his recession. Number one. Number two, there are 20 million people getting healthcare through Obamacare now that he wants to take it away. He won't ever look you in the eye and say that's what he wants to do. Take it away.",True,"[{""start"": 21, ""end"": 73, ""text"": ""already has costs 10 million people their healthcare"", ""reason_text"": """", ""reason_choices"": [""numerical absolute"", ""medicine""]}, {""start"": 159, ""end"": 223, ""text"": ""there are 20 million people getting healthcare through Obamacare"", ""reason_text"": """", ""reason_choices"": [""numerical absolute"", ""medicine""]}, {""start"": 233, ""end"": 257, ""text"": ""he wants to take it away"", ""reason_text"": """", ""reason_choices"": [""stance/support""]}]",
2020092900097,20200929_trump_biden,BIDEN,"Because here's the deal, here's the deal. The fact is that everything he's saying so far is simply a lie. I'm not here to call out his lies. Everybody knows he's a liar.",False,[],
2020092900346,20200929_trump_biden,BIDEN,"Because you in fact passed that, that was your tax proposal.",False,[],
2020092900332,20200929_trump_biden,BIDEN,Because you weren't president and screwing things up.,False,[],
2020092900330,20200929_trump_biden,BIDEN,Because you weren't president-,False,[],
2020092900429,20200929_trump_biden,BIDEN,"By everyone, as discredited. And matter of fact [crosstalk] Matter of fact-",False,[],
2020092900427,20200929_trump_biden,BIDEN,By the World Bank-,True,"[{""start"": 0, ""end"": 17, ""text"": ""By the World Bank"", ""reason_text"": """", ""reason_choices"": [""attribution""]}]",
2020092900344,20200929_trump_biden,BIDEN,"By the way, I'm going to eliminate a significant number of the taxes. I'm going to make the corporate tax 28%. It shouldn't be 21%. You have 91 companies federal, I mean, the fortune 500, who don't pay a single penny in tax making billions of dollars.",True,"[{""start"": 141, ""end"": 223, ""text"": ""91 companies federal, I mean, the fortune 500, who don't pay a single penny in tax"", ""reason_text"": """", ""reason_choices"": [""economy""]}]",
2020092900265,20200929_trump_biden,BIDEN,"By the way, did you see one of the last big rallies he had? A reporter came up to him to ask him a question, he said, ""No, no, no. Stand back, put on your mask, put on a mask. Have you been tested? I'm way far away from those other people."" That's what he said, ""I'm going to be okay."" He's not worried about you. He's not worried about the people out there [crosstalk].",False,[],
2020092900640,20200929_trump_biden,BIDEN,"By the way, my son...",False,[],
2020092900549,20200929_trump_biden,BIDEN,By the way. . .,False,[],
2020092900645,20200929_trump_biden,BIDEN,Can you add back 30 seconds?,False,[],
2020092900288,20200929_trump_biden,BIDEN,"Do I get my time back? The fact is that he has in fact, worked on this in a way that he's going to be the first president of the United States to leave office, having fewer jobs in his administration than when he became president. Fewer jobs than when he became president. First one in American history.",True,"[{""start"": 85, ""end"": 229, ""text"": ""he's going to be the first president of the United States to leave office, having fewer jobs in his administration than when he became president"", ""reason_text"": """", ""reason_choices"": [""ranking"", ""economy""]}]",
2020092900204,20200929_trump_biden,BIDEN,"Do you believe for a moment what he's telling you in light of all the lies he's told you about the whole issue relating to COVID? He still hasn't even acknowledged that he knew this was happening, knew how dangerous it was going to be back in February, and he didn't even tell you. He's on record as saying it. He panicked or he just looked at the stock market. One of the two. Because guess what? A lot of people died and a lot more are going to die unless he gets a lot smarter, a lot quicker-",True,"[{""start"": 282, ""end"": 309, ""text"": ""He's on record as saying it"", ""reason_text"": """", ""reason_choices"": [""epistemic""]}]",
2020092900042,20200929_trump_biden,BIDEN,Donald would you just be quiet for a minute.,False,[],
2020092900434,20200929_trump_biden,BIDEN,Even the people under-,False,[],
2020092900431,20200929_trump_biden,BIDEN,Even the people who testified under oath-,False,[],
2020092900630,20200929_trump_biden,BIDEN,"Every body in your Administration tells you the true, it's a bad idea. You have no idea . . . .",False,[],
2020092900628,20200929_trump_biden,BIDEN,Everybody in your Administration. . .,False,[],
2020092900810,20200929_trump_biden,BIDEN,"Five states have had mail-in ballots for the last decade or more. Five, including two Republican states. And you don't have to solicit the ballot. It's sent to you. It's sent to your home. What we're saying is, they're saying is that it has to be a postmark by the time, by election day. If it doesn't get in until the seventh, eighth, ninth, it still should be counted. He's just afraid of counting the votes because. . . .",True,"[{""start"": 0, ""end"": 56, ""text"": ""Five states have had mail-in ballots for the last decade"", ""reason_text"": """", ""reason_choices"": [""numerical absolute"", ""politics""]}]",
2020092900567,20200929_trump_biden,BIDEN,"Folks, folks. . .",False,[],
2020092900099,20200929_trump_biden,BIDEN,"God, I want to make sure-",False,[],
2020092900152,20200929_trump_biden,BIDEN,"Good luck. 200,000 dead. As you said, over seven million infected in the United States. We, in fact, have 4% of the world's population, 20% of the deaths. 40,000 people a day are contracting COVID. In addition to that, about between 750 and 1000 people a day are dying. When he was presented with that number, he said, ""It is what it is."" Well, it is what it is because you are who you are. That's why it is. The President has no plan. He hasn't laid out anything. He knew all the way back in February how serious this crisis was. He knew it was a deadly disease. What did he do? He's on tape as acknowledging he knew it. He said he didn't tell us or give people a warning of it because he didn't want to panic the American people. You don't panic. He panicked. In addition to that, what did he do?",True,"[{""start"": 11, ""end"": 23, ""text"": ""200,000 dead"", ""reason_text"": """", ""reason_choices"": [""numerical absolute"", ""medicine""]}, {""start"": 38, ""end"": 86, ""text"": ""over seven million infected in the United States"", ""reason_text"": """", ""reason_choices"": [""numerical absolute"", ""medicine""]}, {""start"": 106, ""end"": 153, ""text"": ""4% of the world's population, 20% of the deaths"", ""reason_text"": """", ""reason_choices"": [""statistic"", ""medicine""]}, {""start"": 155, ""end"": 196, ""text"": ""40,000 people a day are contracting COVID"", ""reason_text"": """", ""reason_choices"": [""numerical absolute"", ""medicine""]}, {""start"": 219, ""end"": 268, ""text"": ""about between 750 and 1000 people a day are dying"", ""reason_text"": """", ""reason_choices"": [""numerical absolute"", ""medicine""]}, {""start"": 580, ""end"": 620, ""text"": ""He's on tape as acknowledging he knew it"", ""reason_text"": """", ""reason_choices"": [""epistemic""]}]",
2020092900248,20200929_trump_biden,BIDEN,He did not say the opposite.,False,[],
2020092900464,20200929_trump_biden,BIDEN,He didn't take that.,False,[],
2020092900726,20200929_trump_biden,BIDEN,He doesn't know how to do that.,False,[],
2020092900116,20200929_trump_biden,BIDEN,He doesn't know how. He doesn't know how to do that.,False,[],
2020092900421,20200929_trump_biden,BIDEN,"He doesn't want to let me answer, because he knows I have the truth. His position has been totally thoroughly discredited. . .",True,"[{""start"": 69, ""end"": 121, ""text"": ""His position has been totally thoroughly discredited"", ""reason_text"": ""epistemic"", ""reason_choices"": [""epistemic""]}]",
2020092900118,20200929_trump_biden,BIDEN,He has never offered a plan.,False,[],
2020092900849,20200929_trump_biden,BIDEN,"He has no idea what he's talking about. Here's the deal. The fact is, I will accept it, and he will too. You know why? Because once the winner is declared after all the ballots are counted, all the votes are counted, that'll be the end of it. That'll be the end of it. And if it's me, in fact, fine. If it's not me, I'll support the outcome. And I'll be a president, not just for the Democrats. I'll be a president for Democrats and Republicans. And this guy if in fact. . .",False,[],
2020092900126,20200929_trump_biden,BIDEN,He has no plan for healthcare.,False,[],
2020092900070,20200929_trump_biden,BIDEN,He has not done healthcare.,False,[],
2020092900642,20200929_trump_biden,BIDEN,He never keeps his word.,False,[],
2020092900129,20200929_trump_biden,BIDEN,"He sends out wishful thinking. He has Executive Orders that have no power. He hasn't lowered drug costs for anybody. He's been promising a healthcare plan since he got elected. He has none, like almost everything else he talks about. He does not have a plan. He doesn't have a plan. And the fact is this man doesn't know what he's talking about. [crosstalk].",True,"[{""start"": 75, ""end"": 115, ""text"": ""He hasn't lowered drug costs for anybody"", ""reason_text"": """", ""reason_choices"": [""comparative/temporal"", ""economy"", ""medicine""]}]",
2020092900155,20200929_trump_biden,BIDEN,He told us what a great job Xi was doing. He said we owe him debt of gratitude for being so transparent with us. And what did he do then? He then did nothing. He waited and waited and waited. He still doesn't have a plan.,False,[],
2020092900666,20200929_trump_biden,BIDEN,He wasn't given tens of millions of dollars. [crosstalk],True,"[{""start"": 0, ""end"": 43, ""text"": ""He wasn't given tens of millions of dollars"", ""reason_text"": """", ""reason_choices"": [""numerical absolute""]}]",
2020092900153,20200929_trump_biden,BIDEN,He went in and we were insisting that the people we had in the ground in China should be able to go to Wuhan and determine for themselves how dangerous this was. He did not even ask Xi to do that.,False,[],
2020092900551,20200929_trump_biden,BIDEN,"He wouldn't know a suburb unless you took a wrong turn. He was, he was. . .",False,[],
2020092900698,20200929_trump_biden,BIDEN,"He's absolutely wrong, number one. Number two, if in fact, when, during our Administration in the Recovery Act, I was able, was in charge, able to bring down the cost of renewable energy to cheaper than or as cheap as coal and gas and oil. Nobody's gonna build another, uh, coal fired plant in America. No one's going to build another oil fire plant in America. They're going to move to renewable energy, number one, Number two, we're going to make sure that we are able to take the federal fleet and turn it into a fleet that's run on, that're electric vehicles. Making sure that we can do that, we're going to put 500,000 charging stations and all of the highways that we're going to be building in the future. We're going to build a economy that in fact is going to provide for the ability us to take 4 million buildings and make sure that they in fact are weatherized in a way that in fact will --they'll emit significantly less gas and oil because the heat will not be going out. There's so many things that we can do do now to create thousands and thousands of jobs. We can get to net zero, in terms of energy production, by 2035. Not only not costing people jobs, creating jobs. Creating millions of good-paying jobs. Not 15 bucks an hour, but prevailing wage, by having a new infrastructure that in fact, is green. And the first thing I will do, I will rejoin the Paris Accord. I will join the Paris Accord because with us out of it, look what's happening. It's all falling apart. And talk about someone who has no, no relationship to, with foreign policy. Brazil, the rainforests of Brazil are being torn down, are being ripped down. More, more carbon is absorbed in that rainforest than every bit of carbon that's emitted in the United States. Instead of doing something about that, I would be gathering up and making sure we had the comp--countries of the world coming up with 20 billion dollars, and say, ""Here's $20 billion. Stop, stop tearing, tearing down the forest. And if you don't, then you're going to have significant economic consequences.""",True,"[{""start"": 65, ""end"": 238, ""text"": ""during our Administration in the Recovery Act, I was able, was in charge, able to bring down the cost of renewable energy to cheaper than or as cheap as coal and gas and oil"", ""reason_text"": """", ""reason_choices"": [""economy"", ""environment""]}, {""start"": 1073, ""end"": 1135, ""text"": ""We can get to net zero, in terms of energy production, by 2035"", ""reason_text"": ""prediction"", ""reason_choices"": [""forecast/projection"", ""environment""]}, {""start"": 1573, ""end"": 1618, ""text"": ""the rainforests of Brazil are being torn down"", ""reason_text"": """", ""reason_choices"": [""environment""]}, {""start"": 1649, ""end"": 1752, ""text"": ""more carbon is absorbed in that rainforest than every bit of carbon that's emitted in the United States"", ""reason_text"": """", ""reason_choices"": [""comparative/temporal"", ""environment""]}]",
2020092900011,20200929_trump_biden,BIDEN,He's elected to the next election.,False,[],
2020092900620,20200929_trump_biden,BIDEN,He's own FBI Director said unlike white supremacists. . .,False,[],
2020092900518,20200929_trump_biden,BIDEN,Here's the deal. I know a lot more about this- [crosstalk].,False,[],
2020092900579,20200929_trump_biden,BIDEN,"Here, here's the thing. . .",False,[],
2020092900173,20200929_trump_biden,BIDEN,"His own CDC Director says we could lose as many as another 200,000 people between now and the end of the year. And he said, if we just wear a mask, we can save half those numbers. Just a mask. And by the way, in terms of the whole notion of a vaccine, we're for a vaccine, but I don't trust him at all. Nor do you. I know you don't. What we trust is a scientist.",False,[],
2020092900001,20200929_trump_biden,BIDEN,"How you doing, man?",False,[],
2020092900818,20200929_trump_biden,BIDEN,"I am concerned that any court would settle this, because here's the deal. When you file—when you get a ballot and you fill it out, you're supposed to have an affidavit. If you didn't know, you have someone say that, this is me. You should be able to, if in fact you can verify that's you when, before the ballot is thrown out, that's sufficient to be able to count the ballot because someone made a mistake and not dotting the correct i. Who they voted for, testify, say who they voted for, say it's you. That is totally legitimate.",False,[],
2020092900024,20200929_trump_biden,BIDEN,I am the Democratic Party right now.,False,[],
2020092900087,20200929_trump_biden,BIDEN,I beat him by a whole hell of a lot.,False,[],
2020092900438,20200929_trump_biden,BIDEN,I did it honorably.,False,[],
2020092900507,20200929_trump_biden,BIDEN,I did not say it is.,False,[],
2020092900753,20200929_trump_biden,BIDEN,I did not say that.,False,[],
2020092900571,20200929_trump_biden,BIDEN,"I don't hold public office, now. I am a former Vice-President. I've made it clear. I've made it clear in my public statements that the violence should be prosecuted. It should be prosecuted, and anyone who commits it should be prosecuted.",False,[],
2020092900227,20200929_trump_biden,BIDEN,I got to respond to that.,False,[],
2020092900232,20200929_trump_biden,BIDEN,I got to respond to that.,False,[],
2020092900166,20200929_trump_biden,BIDEN,I know how to do the job. I know how to get the job done.,False,[],
2020092900159,20200929_trump_biden,BIDEN,"I laid out back in March, exactly what we should be doing. And I laid out again in July, what we should be doing. We should be providing all the protective gear possible. We should be providing the money the House has passed in order to be able to go out and get people the help they need to keep their businesses open. Open schools cost a lot of money. You should get out of your bunker and get out of the sand trap in your golf course and go in the Oval Office and bring together the Democrats and Republicans and fund what needs to be done now to save lives.",False,[],
2020092900776,20200929_trump_biden,BIDEN,I support . . .,False,[],
2020092900778,20200929_trump_biden,BIDEN,I support the Biden plan that I put forward.,False,[],
2020092900589,20200929_trump_biden,BIDEN,I think it--Kellyanne Conway.,False,[],
2020092900383,20200929_trump_biden,BIDEN,"I was asked to bring back Chrysler and General Motors. He brought them back right here in the state of Ohio and Michigan. He blew it. They're gone. He blew it. And in fact, they're gone-",False,[],
2020092900554,20200929_trump_biden,BIDEN,"I was raised in the suburbs. This is not 1950. All these dog whistles and racism don't work anymore. Suburbs are by and large integrated. There's many people today driving their kids to soccer practice and/or black and white and Hispanic in the same car as there have been any time in the past. What's, what really is a threat to the suburbs and their safety is his failure to deal with COVID. They're dying in the suburbs. His failure to deal with the environment, they're being flooded, they're being burned out because his refusal to do anything. That's why the suburbs are in trouble.",False,[],
2020092900112,20200929_trump_biden,BIDEN,"I'll tell you what, he is not for any help for people needing healthcare.",False,[],
2020092900028,20200929_trump_biden,BIDEN,I'm happy to talk about this.,False,[],
2020092900089,20200929_trump_biden,BIDEN,"I'm here standing facing you, old buddy.",False,[],
2020092900534,20200929_trump_biden,BIDEN,I'm in favor of law. You follow a little bit of order- [crosstalk].,False,[],
2020092900139,20200929_trump_biden,BIDEN,I'm not going to answer the question.,False,[],
2020092900085,20200929_trump_biden,BIDEN,I'm not going to listen to him. The fact of the matter is I beat Bernie Sanders.,False,[],
2020092900443,20200929_trump_biden,BIDEN,"I'm sure that you've already fired most of them, because they did a good job.",False,[],
2020092900653,20200929_trump_biden,BIDEN,"I'm talking about my son, Beau Biden, you're talking about Hunter?",False,[],
2020092900380,20200929_trump_biden,BIDEN,I'm the guy that brought back the automobile industry.,False,[],
2020092900704,20200929_trump_biden,BIDEN,I'm. . . I'm. . . .I'm talking about the Biden plan. . .,False,[],
2020092900745,20200929_trump_biden,BIDEN,If he knew anything about. . .,False,[],
2020092900081,20200929_trump_biden,BIDEN,"It does not. It's only for those people who are so poor they qualify for Medicaid they can get that free in most States, except Governors who want to deny people who are poor Medicaid. Anyone who qualifies for Medicaid would automatically be enrolled in the public option. The vast majority of the American people would still not be in that option. Number one. Number two.",False,[],
2020092900412,20200929_trump_biden,BIDEN,It is not a fact.,False,[],
2020092900556,20200929_trump_biden,BIDEN,It means. . .,False,[],
2020092900488,20200929_trump_biden,BIDEN,"It's about equity and equality. It's about decency. It's about the Constitution. And we have never walked away from trying to require, acquire equity for everyone, equality for the whole of America. But we've never accomplished it, but we've never walked away from it like he has done. It is true, the reason I got in the race is when those people. . . Close your eyes, remember what those people look like coming out of the fields, carrying torches, their veins bulging, spewting--just spewing anti-Semitic bile and accompanied by the Ku Klux Klan. A young woman got killed, and they asked the president what he thought. He said, ""There were very fine people on both sides."" No president's ever said anything like that. [crosstalk].",False,[],
2020092900702,20200929_trump_biden,BIDEN,It's all true. And here's the deal. . .,False,[],
2020092900414,20200929_trump_biden,BIDEN,It's been totally discredited.,True,"[{""start"": 0, ""end"": 29, ""text"": ""It's been totally discredited"", ""reason_text"": ""epistemic claim"", ""reason_choices"": [""epistemic""]}]",
2020092900038,20200929_trump_biden,BIDEN,It's on the ballot in the court.,False,[],
2020092900236,20200929_trump_biden,BIDEN,Just like your rally.,False,[],
2020092900538,20200929_trump_biden,BIDEN,"Law and order with justice, where people get treated fairly.",False,[],
2020092900036,20200929_trump_biden,BIDEN,"Let me finish. The point is that the President also is opposed to Roe V. Wade. That's on the ballot as well and the court, in the court, and so that's also at stake right now. And so the election is all-",False,[],
2020092900093,20200929_trump_biden,BIDEN,Look he's the deal. I got very lucky. I'm going to get very lucky tonight as well.,False,[],
2020092900453,20200929_trump_biden,BIDEN,"Look, here's the deal. We want to talk about families and ethics. I don't want to do that. I mean, his family, we could talk about all night. His family's already-",False,[],
2020092900241,20200929_trump_biden,BIDEN,"Look, the way to open businesses is give them the wherewithal to be able open. We provided money, the-",True,"[{""start"": 79, ""end"": 96, ""text"": ""We provided money"", ""reason_text"": """", ""reason_choices"": [""attribution"", ""economy""]}]",
2020092900558,20200929_trump_biden,BIDEN,"Look, what I support are the police having the opportunity to deal with the problems they face and I'm totally opposed to defunding the police offices. As a matter of fact police, local police, the only one defunding, in his budget calls for a $400 million cut in local law enforcement assistance. They need more assistance. They need when they show up for a 9-11 call to have someone with them as a psychologist or psychiatrist to keep them from having to use force and be able to talk people down. We have to have community policing like we had before, where the officers get to know the people in the communities. That's when crime went down, it didn't go up. It went down. And so we have to be engaged with . . .",True,"[{""start"": 221, ""end"": 296, ""text"": ""his budget calls for a $400 million cut in local law enforcement assistance"", ""reason_text"": """", ""reason_choices"": [""stance/support"", ""politics"", ""crime/law""]}, {""start"": 617, ""end"": 644, ""text"": ""That's when crime went down"", ""reason_text"": """", ""reason_choices"": [""vague quantitative"", ""crime/law""]}]",
2020092900825,20200929_trump_biden,BIDEN,Mail service delivers 185 million pieces of mail a day. . .,False,[],
2020092900137,20200929_trump_biden,BIDEN,"Make sure you, in fact, let people know, your Senators.",False,[],
2020092900678,20200929_trump_biden,BIDEN,Mitt Romney on that committee said it wasn't worth taxpayer's money. That report was written for political reason.,False,[],
2020092900417,20200929_trump_biden,BIDEN,My son did nothing wrong at Burisma-,False,[],
2020092900663,20200929_trump_biden,BIDEN,"My son. . . like a lot of people. Like a lot of people we know at home had a drug problem. He's overtaken it. He's, he's fixed it. He's worked on it. And I'm proud of him. I'm proud of my son.",False,[],
2020092900661,20200929_trump_biden,BIDEN,My son. . . my son. . .,False,[],
2020092900218,20200929_trump_biden,BIDEN,"Nancy Pelosi and Schumer, they have a plan. He won't even meet with them. The Republicans won't meet in the Senate. He sits in his golf course. Well, I mean, literally, think about it. Think about it.",False,[],
2020092900193,20200929_trump_biden,BIDEN,No more than the question you just asked him. You pointed out he puts pressure and disagrees with his own scientists.,True,"[{""start"": 62, ""end"": 116, ""text"": ""he puts pressure and disagrees with his own scientists"", ""reason_text"": """", ""reason_choices"": [""stance/support"", ""science""]}]",
2020092900267,20200929_trump_biden,BIDEN,No negative effect. Come on.,False,[],
2020092900245,20200929_trump_biden,BIDEN,No serious person has said the opposite. No serious person.,False,[],
2020092900774,20200929_trump_biden,BIDEN,"No, I don't support the Green New Deal.",False,[],
2020092900101,20200929_trump_biden,BIDEN,"No, he doesn't know how to do that.",False,[],
2020092900449,20200929_trump_biden,BIDEN,"No, no. Mr. President- [crosstalk]",False,[],
2020092900516,20200929_trump_biden,BIDEN,Nobody's doing that. He's the racist.,False,[],
2020092900394,20200929_trump_biden,BIDEN,None of that is true.,False,[],
2020092900397,20200929_trump_biden,BIDEN,None of that is true.,False,[],
2020092900657,20200929_trump_biden,BIDEN,None of that is true.,False,[],
2020092900354,20200929_trump_biden,BIDEN,Not lower tax for the American people.,False,[],
2020092900712,20200929_trump_biden,BIDEN,Not true. . .,False,[],
2020092900018,20200929_trump_biden,BIDEN,"Number one, he knows what I proposed. What I proposed is that we expand Obamacare and we increase it. We do not wipe any. And one of the big debates we had with 23 of my colleagues trying to win the nomination that I won, were saying that Biden wanted to allow people to have private insurance still. They can. They do. They will under my proposal.",False,[],
2020092900207,20200929_trump_biden,BIDEN,"Oh, give me a break.",False,[],
2020092900297,20200929_trump_biden,BIDEN,People want to be safe.,False,[],
2020092900299,20200929_trump_biden,BIDEN,People want to be safe.,False,[],
2020092900782,20200929_trump_biden,BIDEN,"Prepare to let people vote. They should go to iwillvote.com. Decide how they're going to vote, when they're going to vote, and what means by which they're going to vote. His own Homeland Security director, and as well as the FBI director, says that there is no evidence at all that mail-in ballots are a source of being manipulated and cheating. They said that. The fact is that there are going to be millions of people because of COVID that are going to be voting by mail-in ballots like he does, by the way. He sits behind the Resolute Desk and sends his ballot to Florida. Number one. Number two, we're going to make sure that those people who want to vote in person are able to vote because there are enough poll watchers are there to make sure they can socially distance. The polls are open on time, and the polls stay open until the votes are counted. And this is all about trying to dissuade people from voting because he's trying to conf--to scare people into thinking that it's not going to be legitimate. Show up and vote. You will determine the outcome of this election. Vote, vote, vote. If you're able to vote early in your state, vote early. If you're able to vote in person, vote in person. Vote whatever way is the best way for you. Because you will—he cannot stop you from being able to determine the outcome of this election. And in terms of whether or not, when the votes are counted and they're all counted, that will be accepted. If I win, that will be accepted. If I lose, that'll be accepted. But by the way, if in fact he says, he's not sure what he's going to accept. Well, let me tell you something, it doesn't matter, because if we get the votes, it's going to be all over. He's gonna go. He can't stay in power. It won't happen. It won't happen. So vote. Just make sure you understand, you have it in your control to determine what this country is gonna look like the next four years. Is it going to change, or are you going to get four more years of these lies?",True,"[{""start"": 170, ""end"": 344, ""text"": ""His own Homeland Security director, and as well as the FBI director, says that there is no evidence at all that mail-in ballots are a source of being manipulated and cheating"", ""reason_text"": """", ""reason_choices"": [""attribution"", ""epistemic"", ""conspiracy"", ""politics""]}]",
2020092900312,20200929_trump_biden,BIDEN,Release your tax return.,False,[],
2020092900547,20200929_trump_biden,BIDEN,"Republican cities, republican cities.",False,[],
2020092900613,20200929_trump_biden,BIDEN,Say it. Do it. Say it.,False,[],
2020092900290,20200929_trump_biden,BIDEN,"Schools. Why aren't schools open? Because it costs a lot of money to open them safely. They were going to give, his Administration going to give the teachers and school students masks, and then they decided no, couldn't do that because it's not a national emergency. Not a national emergency. They've done nothing to help small businesses. Nothing. They're closing. One in six is now gone. He ought to get on the job and take care of the needs of the American people so we can open safely.",True,"[{""start"": 42, ""end"": 85, ""text"": ""it costs a lot of money to open them safely"", ""reason_text"": """", ""reason_choices"": [""causation"", ""economy""]}, {""start"": 194, ""end"": 265, ""text"": ""they decided no, couldn't do that because it's not a national emergency"", ""reason_text"": """", ""reason_choices"": [""attribution"", ""stance/support"", ""politics""]}, {""start"": 293, ""end"": 338, ""text"": ""They've done nothing to help small businesses"", ""reason_text"": """", ""reason_choices"": [""attribution"", ""economy""]}, {""start"": 366, ""end"": 388, ""text"": ""One in six is now gone"", ""reason_text"": """", ""reason_choices"": [""statistic""]}]",
2020092900289,20200929_trump_biden,BIDEN,"Secondly, the people who have lost their jobs are those people who have been on the front lines. Those people who have been saving our lives, those people who have been out there dying. People who've been putting themselves in the way to make sure that we could all try to make it. And the idea that he is insisting that we go forward and open when you have almost half the states in America with a significant increase in COVID deaths and COVID cases in the United States of America, and he wants to open it up more. Why is he want to open it up? Why does he take care of the... You can't fix the economy until you fix the COVID crisis. And he has no intention of doing anything about making it better for you all at home in terms of your health and your safety.",True,"[{""start"": 358, ""end"": 451, ""text"": ""almost half the states in America with a significant increase in COVID deaths and COVID cases"", ""reason_text"": """", ""reason_choices"": [""vague quantitative"", ""comparative/temporal"", ""medicine""]}]",
2020092900305,20200929_trump_biden,BIDEN,Show us your tax returns.,False,[],
2020092900307,20200929_trump_biden,BIDEN,Show us your tax returns.,False,[],
2020092900718,20200929_trump_biden,BIDEN,Simply. . . Look-,False,[],
2020092900189,20200929_trump_biden,BIDEN,"So here's the deal. This man is talking about a vaccine. Every serious company is talking about maybe having a vaccine done by the end of the year, but the distribution of that vaccine will not occur until sometime beginning of the middle of next year to get it out, if we get the vaccine. And pray God we will. Pray God we will.",False,[],
2020092900649,20200929_trump_biden,BIDEN,"So thirdly, we're poor. The billionaires have gotten much more wealthy by a tune of over three to four hundred billion dollars more just since COVID. You in the home, you got less. You're in more trouble than you were before. In terms of being more violent. When we were in office there were 15% less violence in America than there is today. He's President United States. It's on his watch. And with regard to more divided, the nation, it can't stay divided. We can't be this way. And speaking of my son, the way you talk about the military, the way you talk about them being losers and being, and, and, and just being suckers. My son was in Iraq. He spent a year there. He got, he got the Bronze Star. He got the Conspicuous Service Medal. He was not a loser. He was a patriot and the people left behind, there, were heroes.",True,"[{""start"": 28, ""end"": 148, ""text"": ""billionaires have gotten much more wealthy by a tune of over three to four hundred billion dollars more just since COVID"", ""reason_text"": """", ""reason_choices"": [""numerical absolute"", ""comparative/temporal"", ""economy""]}, {""start"": 167, ""end"": 179, ""text"": ""you got less"", ""reason_text"": """", ""reason_choices"": [""vague quantitative"", ""comparative/temporal""]}, {""start"": 258, ""end"": 340, ""text"": ""When we were in office there were 15% less violence in America than there is today"", ""reason_text"": """", ""reason_choices"": [""statistic"", ""comparative/temporal"", ""crime/law""]}, {""start"": 679, ""end"": 739, ""text"": ""he got the Bronze Star. He got the Conspicuous Service Medal"", ""reason_text"": """", ""reason_choices"": [""personal life""]}]",
2020092900474,20200929_trump_biden,BIDEN,That is absolutely not true.,False,[],
2020092900739,20200929_trump_biden,BIDEN,That is not my plan.,False,[],
2020092900505,20200929_trump_biden,BIDEN,That is not peaceful protest.,False,[],
2020092900385,20200929_trump_biden,BIDEN,That is not true.,False,[],
2020092900392,20200929_trump_biden,BIDEN,That is not true.,False,[],
2020092900408,20200929_trump_biden,BIDEN,That is not true.,False,[],
2020092900749,20200929_trump_biden,BIDEN,That is not true.,False,[],
2020092900676,20200929_trump_biden,BIDEN,That is not true. That report is totally discredited.,True,"[{""start"": 18, ""end"": 52, ""text"": ""That report is totally discredited"", ""reason_text"": """", ""reason_choices"": [""epistemic""]}]",
2020092900710,20200929_trump_biden,BIDEN,"That is not, that is not. . .",False,[],
2020092900020,20200929_trump_biden,BIDEN,That is simply a lie.,False,[],
2020092900720,20200929_trump_biden,BIDEN,That is simply not the case. . .,False,[],
2020092900451,20200929_trump_biden,BIDEN,That is simply not true.,False,[],
2020092900659,20200929_trump_biden,BIDEN,That is simply not true.,False,[],
2020092900147,20200929_trump_biden,BIDEN,"That was really a productive segment, wasn't it? Keep yapping, man.",False,[],
2020092900668,20200929_trump_biden,BIDEN,That was totally discredited.,True,"[{""start"": 0, ""end"": 28, ""text"": ""That was totally discredited"", ""reason_text"": """", ""reason_choices"": [""epistemic""]}]",
2020092900476,20200929_trump_biden,BIDEN,That's a good point.,False,[],
2020092900560,20200929_trump_biden,BIDEN,That's exactly. . . that is not true.,False,[],
2020092900655,20200929_trump_biden,BIDEN,That's not true he wasn't dishonorably discharged.,True,"[{""start"": 16, ""end"": 49, ""text"": ""he wasn't dishonorably discharged"", ""reason_text"": """", ""reason_choices"": [""personal life""]}]",
2020092900462,20200929_trump_biden,BIDEN,"That's not true. It doesn't want to talk about what you need. You, the American people. It's about you. That's what we're talking about here. [crosstalk]",False,[],
2020092900563,20200929_trump_biden,BIDEN,"That's not true. That's not. . . Oh, look. . .",False,[],
2020092900013,20200929_trump_biden,BIDEN,That's simply not true.,False,[],
2020092900009,20200929_trump_biden,BIDEN,"The American people have a right to have a say in who the Supreme Court nominee is and that say occurs when they vote for United States Senators and when they vote for the President of United States. They're not going to get that chance now because we're in the middle of an election already. The election has already started. Tens of thousands of people already voted and so the thing that should happen is we should wait. We should wait and see what the outcome of this election is because that's the only way the American people get to express their view is by who they elect as President and who they elect as Vice President. Now, what's at stake here is the President's made it clear, he wants to get rid of the Affordable Care Act. He's been running on that, he ran on that and he's been governing on that. He's in the Supreme Court right now trying to get rid of the Affordable Care Act, which will strip 20million people from having health insurance now, if it goes into court. And the justice, I'm not opposed to the justice, she seems like a very fine person. But she's written, before she went in the bench, which is her right, that she thinks that the Affordable Care Act is not Constitutional. The other thing that's on the court, and if it's struck down, what happens? Women's rights are fundamentally changed. Once again, a woman could pay more money because she has a pre-existing condition of pregnancy. They're able to charge women more for the same exact procedure a man gets. And that ended when we, in fact, passed the Affordable Care Act, and there's a hundred million people who have pre-existing conditions and they'll be taken away as well. Those pre-existing conditions, insurance companies are going to love this. And so it's just not appropriate to do this before this election. If he wins the election and the Senate is Republican, then he goes forward. If not, we should wait until February.",True,"[{""start"": 906, ""end"": 957, ""text"": ""strip 20million people from having health insurance"", ""reason_text"": """", ""reason_choices"": [""numerical absolute"", ""forecast/projection""]}, {""start"": 1144, ""end"": 1205, ""text"": ""she thinks that the Affordable Care Act is not Constitutional"", ""reason_text"": """", ""reason_choices"": [""attribution"", ""stance/support""]}, {""start"": 1339, ""end"": 1419, ""text"": ""woman could pay more money because she has a pre-existing condition of pregnancy"", ""reason_text"": """", ""reason_choices"": [""comparative/temporal"", ""gender equality"", ""medicine""]}, {""start"": 1421, ""end"": 1494, ""text"": ""They're able to charge women more for the same exact procedure a man gets"", ""reason_text"": """", ""reason_choices"": [""comparative/temporal"", ""gender equality"", ""medicine""]}, {""start"": 1565, ""end"": 1630, ""text"": ""there's a hundred million people who have pre-existing conditions"", ""reason_text"": """", ""reason_choices"": [""numerical absolute"", ""medicine""]}]",
2020092900780,20200929_trump_biden,BIDEN,"The Biden plan, which is different than what he calls ""The Radical Green New Deal.""",False,[],
2020092900741,20200929_trump_biden,BIDEN,The Green New Deal is not my plan. . .,False,[],
2020092900770,20200929_trump_biden,BIDEN,"The Green New Deal will pay for itself as we move forward. We're not going to build plants that, in fact, are great polluting plants, we're gonna build. . .",False,[],
2020092900283,20200929_trump_biden,BIDEN,"The difference is millionaires and billionaires like him in the middle of the COVID crisis have done very well. Billionaires have made another $300 billion because of his profligate tax proposal, and he only focused on the market. But you folks at home, you folks living in Scranton and Claymont and all the small towns and working class towns in America, how well are you doing? This guy paid a total of $750 in taxes.",True,"[{""start"": 112, ""end"": 194, ""text"": ""Billionaires have made another $300 billion because of his profligate tax proposal"", ""reason_text"": """", ""reason_choices"": [""numerical absolute"", ""economy"", ""politics""]}, {""start"": 380, ""end"": 418, ""text"": ""This guy paid a total of $750 in taxes"", ""reason_text"": """", ""reason_choices"": [""attribution"", ""economy""]}]",
2020092900768,20200929_trump_biden,BIDEN,The economy. . .,False,[],
2020092900521,20200929_trump_biden,BIDEN,"The fact is that there is racial insensitivity. People have to be made aware of what other people feel like, uh, what insults them, what is demeaning to them. It's important that people know. Many people don't want to hurt other people's feelings. But it's amazing, it makes a big difference. It makes a gigantic difference in the way a child is able to grow up and have a self-sense, a sense of self-esteem. It's a little bit like how this guy and, and his friends look down on so many people. They look down their nose on people like Irish Catholics, like me, and grew up in Scranton. They look down on people who don't have money. They look down on people who are of a different faith. They looked down on people who are a different color. In fact, we're all Americans. The only way we're gonna bring this country together is bring everybody together. There's nothing we cannot do, if we do it together. We can take this on, and we can defeat racism in America.",False,[],
2020092900728,20200929_trump_biden,BIDEN,"The fact is, it's going to create millions of good-paying jobs. And these tax incentives to people, for people to weatherize, which he wants to get, get rid of. It's going to make the economy much safer. Look how much we're paying now to deal with the hurricanes, with, deal with. . . By the way, he has an answer for hurricanes. He said, maybe we should drop a nuclear weapon on them, and they may go away.",True,"[{""start"": 13, ""end"": 62, ""text"": ""it's going to create millions of good-paying jobs"", ""reason_text"": """", ""reason_choices"": [""numerical absolute"", ""forecast/projection"", ""economy""]}, {""start"": 330, ""end"": 406, ""text"": ""He said, maybe we should drop a nuclear weapon on them, and they may go away"", ""reason_text"": """", ""reason_choices"": [""attribution"", ""environment""]}]",
2020092900764,20200929_trump_biden,BIDEN,"The final question is, I can't remember which of all his rantings was the final question.",False,[],
2020092900419,20200929_trump_biden,BIDEN,The only guy that. . .,False,[],
2020092900022,20200929_trump_biden,BIDEN,"The party is me. Right now, I am the Democratic Party.",False,[],
2020092900026,20200929_trump_biden,BIDEN,"The platform of the Democratic Party is what I, in fact, approved of, what I approved of. Now, here's the deal. The deal is that it's going to wipe out pre-existing conditions. And, by the way, the 200,000 people that have died on his watch, how many of those have survived? Well, there's seven million people that contracted COVID. What does it mean for them going forward if you strike down the Affordable Care Act?",True,"[{""start"": 198, ""end"": 240, ""text"": ""200,000 people that have died on his watch"", ""reason_text"": """", ""reason_choices"": [""numerical absolute"", ""medicine""]}, {""start"": 281, ""end"": 331, ""text"": ""there's seven million people that contracted COVID"", ""reason_text"": """", ""reason_choices"": [""numerical absolute"", ""medicine""]}]",
2020092900103,20200929_trump_biden,BIDEN,"The wrong guy, the wrong night, at the wrong time.",False,[],
2020092900807,20200929_trump_biden,BIDEN,There is no evidence of that. . .,True,"[{""start"": 0, ""end"": 28, ""text"": ""There is no evidence of that"", ""reason_text"": """", ""reason_choices"": [""epistemic""]}]",
2020092900105,20200929_trump_biden,BIDEN,"There is no manifesto, number one.",False,[],
2020092900805,20200929_trump_biden,BIDEN,There is no--there is no evidence of that. . .,True,"[{""start"": 13, ""end"": 41, ""text"": ""there is no evidence of that"", ""reason_text"": """", ""reason_choices"": [""epistemic""]}]",
2020092900575,20200929_trump_biden,BIDEN,They can in fact take care of it if he'd just stay out of the way.,False,[],
2020092900460,20200929_trump_biden,BIDEN,"This is not about my family or his family. It's about your family, the American people. [crosstalk]",False,[],
2020092900144,20200929_trump_biden,BIDEN,This is so un-Presidential.,False,[],
2020092900185,20200929_trump_biden,BIDEN,This is the same man who told you-,False,[],
2020092900402,20200929_trump_biden,BIDEN,Totally discredited. Totally discredited. And by the way-,False,[],
2020092900467,20200929_trump_biden,BIDEN,Try to be honest.,False,[],
2020092900637,20200929_trump_biden,BIDEN,"Under this President, we become weaker, sicker, poorer, more divided and more violent. When I was Vice-President, we inherited a recession. I was asked to fix it. I did. We left him a booming economy, and he caused the recession. With regard to being weaker, the fact is that I've gone head to head with Putin and made it clear to him we're not going to take any of his stuff. He's Putin's puppy. He still refuses to even say anything to Putin about the bounty on the heads of American soldiers.",True,"[{""start"": 170, ""end"": 199, ""text"": ""We left him a booming economy"", ""reason_text"": """", ""reason_choices"": [""vague quantitative"", ""attribution"", ""economy""]}, {""start"": 205, ""end"": 228, ""text"": ""he caused the recession"", ""reason_text"": """", ""reason_choices"": [""attribution"", ""causation"", ""economy""]}, {""start"": 450, ""end"": 494, ""text"": ""the bounty on the heads of American soldiers"", ""reason_text"": """", ""reason_choices"": [""geopolitics""]}]",
2020092900530,20200929_trump_biden,BIDEN,Violent crime. . .,False,[],
2020092900532,20200929_trump_biden,BIDEN,Violent crime. . .,False,[],
2020092900378,20200929_trump_biden,BIDEN,We did not. [crosstalk],False,[],
2020092900565,20200929_trump_biden,BIDEN,We don't have time to do anything except . . .,False,[],
2020092900440,20200929_trump_biden,BIDEN,"Well, I'll give you the list of the people who-",False,[],
2020092900007,20200929_trump_biden,BIDEN,"Well, first of all, thank you for doing this and looking forward to this, Mr. President.",False,[],
2020092900700,20200929_trump_biden,BIDEN,"Well, he hadn't drawn a line. He still, for example, makes sure that we, he wants to make sure that methane's not a problem. We can, you, you can now emit more methane without it being a problem. Methane. This is a guy who says that you don't have to have mileage standards for automobiles that exist now. This is the guy who says that, well the fact is. . .",False,[],
2020092900445,20200929_trump_biden,BIDEN,"Well, here's the- [crosstalk]",False,[],
2020092900447,20200929_trump_biden,BIDEN,"Well, it's hard to get any word in with this clown. Excuse me, this person.",False,[],
2020092900342,20200929_trump_biden,BIDEN,"Well, just take a look at what is the analysis done by Wall Street firms, points out that my economic plan would create 7 million more jobs than his in four years, number one. And number two, it would create an additional $1 trillion in economic growth, because it would be about buying American. The federal government spends $600 billion a year on everything from ships, to steel, to buildings and the like. And under my proposal, we're going to make sure that every penny of that has to be made by a company-",True,"[{""start"": 297, ""end"": 395, ""text"": ""The federal government spends $600 billion a year on everything from ships, to steel, to buildings"", ""reason_text"": """", ""reason_choices"": [""numerical absolute"", ""economy""]}]",
2020092900209,20200929_trump_biden,BIDEN,"Well, let's have this debate-",False,[],
2020092900243,20200929_trump_biden,BIDEN,"Well, masks make a big difference. His own head of the CDC said if we just wore masks between now, if everybody wore a mask and social distanced between now and January, we'd probably save up to 100,000 lives. It matters. It matters.",True,"[{""start"": 6, ""end"": 33, ""text"": ""masks make a big difference"", ""reason_text"": """", ""reason_choices"": [""vague quantitative"", ""medicine""]}]",
2020092900197,20200929_trump_biden,BIDEN,"Well, no, no. You can trust the scientist. She didn't say that. You can trust the-",False,[],
2020092900723,20200929_trump_biden,BIDEN,"What it's going to do, it's going to create thousands and millions of jobs. Good paying jobs.",True,"[{""start"": 23, ""end"": 74, ""text"": ""it's going to create thousands and millions of jobs"", ""reason_text"": """", ""reason_choices"": [""numerical absolute"", ""forecast/projection"", ""economy""]}]",
2020092900133,20200929_trump_biden,BIDEN,"Whatever position I take on that, that'll become the issue. The issue is the American people should speak. You should go out and vote. You're voting now. Vote and let your Senators know strongly how you feel.",False,[],
2020092900216,20200929_trump_biden,BIDEN,Will he just shush for a minute?,False,[],
2020092900141,20200929_trump_biden,BIDEN,"Will you shut up, man?",False,[],
2020092900326,20200929_trump_biden,BIDEN,"Yeah, I do want to respond. Look, the tax code that put him in a position that he pays less tax than on the money a school teacher makes is because of him... He says he's smart because he can take advantage of the tax code. And he does take advantage of the tax code. That's why I'm going to eliminate the Trump tax cuts. And I'm going to eliminate those tax cuts.",True,"[{""start"": 79, ""end"": 136, ""text"": ""he pays less tax than on the money a school teacher makes"", ""reason_text"": """", ""reason_choices"": [""comparative/temporal"", ""economy""]}, {""start"": 140, ""end"": 154, ""text"": ""because of him"", ""reason_text"": """", ""reason_choices"": [""attribution"", ""causation""]}, {""start"": 228, ""end"": 266, ""text"": ""he does take advantage of the tax code"", ""reason_text"": """", ""reason_choices"": [""attribution"", ""other""]}]",
2020092900368,20200929_trump_biden,BIDEN,"Yeah, because what he did, even before COVID, manufacturing went in the hole. Manufacturing went in a hole-",True,"[{""start"": 32, ""end"": 76, ""text"": ""before COVID, manufacturing went in the hole"", ""reason_text"": """", ""reason_choices"": [""other""]}]",
2020092900730,20200929_trump_biden,BIDEN,"Yeah, you did say that.",False,[],
2020092900348,20200929_trump_biden,BIDEN,"Yeah, you got it done-",False,[],
2020092900536,20200929_trump_biden,BIDEN,Yes I'm in favor of. . .,False,[],
2020092900270,20200929_trump_biden,BIDEN,"Yes, I would. He's been totally irresponsible the way in which he has handled the social distancing and people wearing masks, basically encouraged them not to. He's a fool on this.",True,"[{""start"": 136, ""end"": 158, ""text"": ""encouraged them not to"", ""reason_text"": """", ""reason_choices"": [""stance/support""]}]",
2020092900500,20200929_trump_biden,BIDEN,"Yes, there is. There's systemic injustice in this country, in education and work and in law enforcement and the way in which it's enforced. But look, the vast majority of police officers are good, decent, honorable men and women. They risk their lives every day to take care of us. But there are some bad apples. And when they occur, when they find them, they have to be sorted out. They have to be held accountable. They have to be held accountable. And what I'm going to do as President of the United States is call a, a, together an entire group of people at the White House, everything from the civil rights groups, to the police officers, to the police chiefs, and we're going to work this out. We're going to work this out. So we changed the way in which we have more transparency, in when these things happen. These cops aren't happy to see what happened to George Floyd. These cops aren't happy to see what happened to Breonna Taylor. Most don't like it, but we have to have a system where people are held accountable when--and by the way, violence in response is never appropriate, never appropriate. Peaceful protest is, violence is never appropriate.",False,[],
2020092900844,20200929_trump_biden,BIDEN,"Yes. And here's the deal. We count the ballots, as you pointed out. Some of these ballots in some states can't even be opened until election day. And if there's thousands of ballots, it's going to take time to do it. And by the way, our military--they've been voting by ballots for since the end of the Civil War, in effect. And that's, and that's what's going to happen. Why was it not, why is it for them, somehow not fraudulent. It's the same process. It's honest. No one has established at all that there is fraud related to mail-in ballots, that the, somehow it's a fraudulent process.",True,"[{""start"": 468, ""end"": 544, ""text"": ""No one has established at all that there is fraud related to mail-in ballots"", ""reason_text"": """", ""reason_choices"": [""epistemic"", ""conspiracy"", ""politics""]}]",
2020092900199,20200929_trump_biden,BIDEN,"Yes. Well, that's what he's going to try to do, but there's thousands of scientists out there, like here at this great hospital that don't work for him. Their job doesn't depend on him. They're the people... And by the way-",False,[],
2020092900222,20200929_trump_biden,BIDEN,You just admitted you'd shut it down.,False,[],
2020092900034,20200929_trump_biden,BIDEN,You're not going to be able to shut him up.,False,[],
2020092900334,20200929_trump_biden,BIDEN,You're the worst president America has ever had. Come on.,False,[],
2020092900425,20200929_trump_biden,BIDEN,"by everybody. Well, by the media, by our allies.",False,[],
2020092900826,20200929_trump_biden,TRUMP,. . . Eighty million ballots.,False,[],
2020092900832,20200929_trump_biden,TRUMP,". . . I am 100% on board. But if I see tens of thousands of ballots being manipulated, I can't go along with that. And I'll tell you what. . .",False,[],
2020092900742,20200929_trump_biden,TRUMP,. . . You want to rebuild every building.,False,[],
2020092900662,20200929_trump_biden,TRUMP,. . . and he didn't have a job.,False,[],
2020092900548,20200929_trump_biden,TRUMP,". . . and he doesn't want to say law and order because he can't because he'll lose his radical left supporters and once he does that, it's over with. But if he ever got to run this country, and they ran it the way he would want to run it, we would have. . .",False,[],
2020092900658,20200929_trump_biden,TRUMP,". . . he made a fortune in Ukraine, in China, in Moscow and various other places.",False,[],
2020092900627,20200929_trump_biden,TRUMP,. . . hit you over the head. Antifa is bad.,False,[],
2020092900802,20200929_trump_biden,TRUMP,. . . like they used to in the old. . .,False,[],
2020092900550,20200929_trump_biden,TRUMP,". . . our suburbs would be gone. By the way, our suburbs would be gone. And you would see problems like you've never seen before.",False,[],
2020092900822,20200929_trump_biden,TRUMP,. . . sent in and swamping the system. . .,False,[],
2020092900603,20200929_trump_biden,TRUMP,. . . we could very quickly,False,[],
2020092900713,20200929_trump_biden,TRUMP,. . . where they want to take out the cows too.,False,[],
2020092900756,20200929_trump_biden,TRUMP,". . .He said ""stupid bastards.""",False,[],
2020092900656,20200929_trump_biden,TRUMP,. . .for cocaine use. And he didn't have a job until you became Vice-President. Once you became Vice-President,True,"[{""start"": 5, ""end"": 20, ""text"": ""for cocaine use"", ""reason_text"": """", ""reason_choices"": [""personal life"", ""other""]}]",
2020092900752,20200929_trump_biden,TRUMP,. . .is he called the military stupid bastards.,True,"[{""start"": 8, ""end"": 46, ""text"": ""he called the military stupid bastards"", ""reason_text"": """", ""reason_choices"": [""attribution"", ""defense/military""]}]",
2020092900740,20200929_trump_biden,TRUMP,. . .not 20 billion. . . .,False,[],
2020092900581,20200929_trump_biden,TRUMP,. . .to get the killer of a young man in the middle of the street and they shot him. For three days Portland didn't do anything.,False,[],
2020092900834,20200929_trump_biden,TRUMP,. .. from a common sense. . .,False,[],
2020092900262,20200929_trump_biden,TRUMP,"... I'm doing my job as a president, and I'll have 25, 35,000 people show up at airports. We use airports and hangers and we have a lot of people-",True,"[{""start"": 55, ""end"": 76, ""text"": ""35,000 people show up"", ""reason_text"": """", ""reason_choices"": [""numerical absolute""]}]",
2020092900377,20200929_trump_biden,TRUMP,"... a miracle to bring back manufacturing. I brought back 700,000 jobs. They brought back nothing. They gave up on manufacturing.",True,"[{""start"": 43, ""end"": 70, ""text"": ""I brought back 700,000 jobs"", ""reason_text"": """", ""reason_choices"": [""numerical absolute"", ""attribution""]}, {""start"": 72, ""end"": 97, ""text"": ""They brought back nothing"", ""reason_text"": """", ""reason_choices"": [""vague quantitative"", ""attribution""]}]",
2020092900788,20200929_trump_biden,TRUMP,... all run by Democrats-,False,[],
2020092900504,20200929_trump_biden,TRUMP,... and burn down your stores and kill people all over the place- [crosstalk].,True,"[{""start"": 8, ""end"": 64, ""text"": ""burn down your stores and kill people all over the place"", ""reason_text"": """", ""reason_choices"": [""crime/law"", ""other""]}]",
2020092900302,20200929_trump_biden,TRUMP,... and people of Ohio are very proud of me. And you know how I found out? When [crosstalk].,False,[],
2020092900471,20200929_trump_biden,TRUMP,... and the threatened Ukraine-,False,[],
2020092900428,20200929_trump_biden,TRUMP,... because they're embarrassed.,False,[],
2020092900529,20200929_trump_biden,TRUMP,"... don't want to talk, like you, about law and order.",False,[],
2020092900527,20200929_trump_biden,TRUMP,... is that the Democrats that run these cities-,False,[],
2020092900796,20200929_trump_biden,TRUMP,... left and right.,False,[],
2020092900711,20200929_trump_biden,TRUMP,... most ridiculous. . . Where airplanes are out of business. Where two car systems are out. . .,False,[],
2020092900202,20200929_trump_biden,TRUMP,... they will have the vaccine very soon.,False,[],
2020092900395,20200929_trump_biden,TRUMP,"... to deserve $183,000?",False,[],
2020092900237,20200929_trump_biden,TRUMP,"... when needed. When needed, I wear masks.",False,[],
2020092900473,20200929_trump_biden,TRUMP,... with a billion dollars-,False,[],
2020092900150,20200929_trump_biden,TRUMP,"47 years, you've done nothing. They're understand.",False,[],
2020092900169,20200929_trump_biden,TRUMP,"A far less lethal disease, by the way.",True,"[{""start"": 2, ""end"": 25, ""text"": ""far less lethal disease"", ""reason_text"": """", ""reason_choices"": [""comparative/temporal"", ""medicine""]}]",
2020092900280,20200929_trump_biden,TRUMP,"A lot of people, between drugs and alcohol and depression, when you start shutting it down, you take a look at what's happening at some of your Democrat-run states where they have these tough shutdowns. And I'm telling you it's because they don't want to open it. One of them came out last week, you saw that, ""Oh, we're going to open up on November 9th."" Why November 9th? Because it's after the election. They think they're hurting us by keeping them closed. They're hurting people. People know what to do. They can social distance. They can wash their hands, they can wear masks. They can do whatever they want, but they got to open these states up.",True,"[{""start"": 374, ""end"": 405, ""text"": ""Because it's after the election"", ""reason_text"": """", ""reason_choices"": [""conspiracy"", ""politics""]}]",
2020092900069,20200929_trump_biden,TRUMP,All of the things that we've done.,False,[],
2020092900790,20200929_trump_biden,TRUMP,All run by Democrats.,False,[],
2020092900854,20200929_trump_biden,TRUMP,And I think he does too. . .,False,[],
2020092900696,20200929_trump_biden,TRUMP,And I'm okay with electric cars too. I think I'm all for electric cars. I've given big incentives for electric cars but what they've done in California is just crazy.,True,"[{""start"": 72, ""end"": 115, ""text"": ""I've given big incentives for electric cars"", ""reason_text"": """", ""reason_choices"": [""stance/support"", ""economy"", ""environment""]}]",
2020092900461,20200929_trump_biden,TRUMP,And he got three and a half million dollars for nothing.,True,"[{""start"": 4, ""end"": 43, ""text"": ""he got three and a half million dollars"", ""reason_text"": """", ""reason_choices"": [""numerical absolute"", ""conspiracy"", ""personal life""]}]",
2020092900029,20200929_trump_biden,TRUMP,"And if you were here, it wouldn't be 200, it would be two million people because you were very late on the draw. You didn't want me to ban China, which was heavily infected. You didn't want me to ban Europe.",True,"[{""start"": 139, ""end"": 172, ""text"": ""China, which was heavily infected"", ""reason_text"": """", ""reason_choices"": [""medicine""]}]",
2020092900707,20200929_trump_biden,TRUMP,And rebuild the building.,False,[],
2020092900023,20200929_trump_biden,TRUMP,"And they're going to dominate you, Joe. You know that.",False,[],
2020092900244,20200929_trump_biden,TRUMP,And they've also said the opposite. They've also said-,False,[],
2020092900633,20200929_trump_biden,TRUMP,"And you ought to be careful of them, they'll overthrow you.",False,[],
2020092900531,20200929_trump_biden,TRUMP,And you still haven't mentioned.,False,[],
2020092900134,20200929_trump_biden,TRUMP,Are you going to pack the court?,False,[],
2020092900136,20200929_trump_biden,TRUMP,Are you going to pack the court?,False,[],
2020092900533,20200929_trump_biden,TRUMP,Are you in favor of law and order?,False,[],
2020092900535,20200929_trump_biden,TRUMP,Are you in favor of law and order? [crosstalk],False,[],
2020092900084,20200929_trump_biden,TRUMP,Are you saying you didn't agree?,False,[],
2020092900652,20200929_trump_biden,TRUMP,"Are you talking Hunter, are you talking about Hunter.",False,[],
2020092900182,20200929_trump_biden,TRUMP,Because he said it's a possibility that we'll have the answer before November 1st. It could also be after that.,False,[],
2020092900690,20200929_trump_biden,TRUMP,Because it was driving energy prices through the sky.,True,"[{""start"": 8, ""end"": 52, ""text"": ""it was driving energy prices through the sky"", ""reason_text"": """", ""reason_choices"": [""vague quantitative"", ""economy""]}]",
2020092900225,20200929_trump_biden,TRUMP,Because it's a political thing.,False,[],
2020092900256,20200929_trump_biden,TRUMP,Because nobody will show up.,False,[],
2020092900260,20200929_trump_biden,TRUMP,Because people want to hear what I have to say. I mean-,False,[],
2020092900635,20200929_trump_biden,TRUMP,"Because there is never been an administration or president who has done more than I've done in a period of three and a half years. And that's despite the impeachment hoax and you saw what happened today with Hillary Clinton, where it was a whole big con job. But despite going through all of these things where I hadda fight, both flanks and behind me and above, there has never been an administration that's done what I've done. The greatest, before COVID came in, the greatest economy in history, lowest employ--unemployment numbers, everything was good. Everything was going. And by the way, there was unity going to happen. People were calling me for the first time in years, they were calling, and they were saying it's time maybe and then what happened? We got hit. But now we're building it back up again. A rebuilding of the military, including Space Force and all of the other things. A fixing of the VA which was a mess under him. Three hundred and eight thousand people died because they didn't have proper health care. It was a mess. And we now got a 91% approval rating at the VA, our vets. We take care of our vets. But we've rebuilt our military. The job that we've done. . . and, and I'll tell you something, some people say maybe the most important. By the end of the first term, I'll have approximately 300 Federal judges and Court of Appeals judges, 300, and hopefully three great Supreme Court judges, justices. That is a record the likes of which very few people. . . and you know, one of the reasons I'll have so many judges? Because President Obama and him left me 128 judges to fill. When you leave office, you don't leave any judges. That's like, you just don't do that. They left 128 openings, and if I were a member of his party, because they have a little different philosophy, I'd say, if you left us 128 openings you can't be a good president. You can't be a good Vice-President but I want to thank you because it gives us almost, it'll probably be above that number. By the end of this term, 300 judges. It's a record.",True,"[{""start"": 154, ""end"": 170, ""text"": ""impeachment hoax"", ""reason_text"": """", ""reason_choices"": [""conspiracy""]}, {""start"": 444, ""end"": 497, ""text"": ""before COVID came in, the greatest economy in history"", ""reason_text"": """", ""reason_choices"": [""ranking"", ""economy""]}, {""start"": 499, ""end"": 534, ""text"": ""lowest employ--unemployment numbers"", ""reason_text"": """", ""reason_choices"": [""ranking"", ""economy""]}, {""start"": 941, ""end"": 1029, ""text"": ""Three hundred and eight thousand people died because they didn't have proper health care"", ""reason_text"": """", ""reason_choices"": [""numerical absolute"", ""medicine""]}, {""start"": 1050, ""end"": 1092, ""text"": ""we now got a 91% approval rating at the VA"", ""reason_text"": """", ""reason_choices"": [""statistic"", ""politics""]}, {""start"": 2035, ""end"": 2048, ""text"": ""It's a record"", ""reason_text"": ""?"", ""reason_choices"": [""ranking""]}]",
2020092900049,20200929_trump_biden,TRUMP,Because they want to give good healthcare.,False,[],
2020092900208,20200929_trump_biden,TRUMP,"Because you know what? There's nothing smart about you, Joe. 47 years you've done nothing.",False,[],
2020092900322,20200929_trump_biden,TRUMP,But let me just tell you-,False,[],
2020092900310,20200929_trump_biden,TRUMP,But let me tell you-,False,[],
2020092900329,20200929_trump_biden,TRUMP,But why didn't you do it over the last 25 years?,False,[],
2020092900664,20200929_trump_biden,TRUMP,But why was he given tens of millions of dollars?,True,"[{""start"": 15, ""end"": 48, ""text"": ""given tens of millions of dollars"", ""reason_text"": """", ""reason_choices"": [""numerical absolute""]}]",
2020092900098,20200929_trump_biden,TRUMP,"But you agree. Joe, you're the liar. You graduated last in your class not first in your class.",False,[],
2020092900426,20200929_trump_biden,TRUMP,"By the media, because they refuse to talk about it-",False,[],
2020092900643,20200929_trump_biden,TRUMP,Can I answer. . .,False,[],
2020092900391,20200929_trump_biden,TRUMP,"China ate your lunch, Joe. And no wonder your son goes in and, wha--, he takes out billions of dollars. He takes out billions of dollars to manage. He makes millions of dollars. And also, while we're at it, why is it just out of curiosity, the mayor of Moscow's wife gave your son three and a half million dollars?",True,"[{""start"": 70, ""end"": 102, ""text"": ""he takes out billions of dollars"", ""reason_text"": """", ""reason_choices"": [""vague quantitative"", ""conspiracy"", ""personal life""]}, {""start"": 240, ""end"": 313, ""text"": ""the mayor of Moscow's wife gave your son three and a half million dollars"", ""reason_text"": """", ""reason_choices"": [""attribution"", ""conspiracy"", ""personal life""]}]",
2020092900389,20200929_trump_biden,TRUMP,China ate your lunch- [crosstalk].,False,[],
2020092900375,20200929_trump_biden,TRUMP,"Chris, Chris. They said it would take-",False,[],
2020092900466,20200929_trump_biden,TRUMP,"Chris, can I be honest? It's a very important question-",False,[],
2020092900814,20200929_trump_biden,TRUMP,"Chris, he's so wrong when he makes a statement like that-",False,[],
2020092900324,20200929_trump_biden,TRUMP,"Chris, let me just say something, that it was the tax laws. I don't want to pay tax. Before I came here, I was a private developer, I was a private business people. Like every other private person, unless they're stupid, they go through the laws, and that's what it is. He passed a tax bill that gave us all these privileges for depreciation and for tax credits. We build the building and we get tax credits, like the hotel on Pennsylvania Avenue. Which by the way, was given to me by the Obama Administration, if you can believe that. Now the man got fired right after that happened, but that's-",True,"[{""start"": 270, ""end"": 361, ""text"": ""He passed a tax bill that gave us all these privileges for depreciation and for tax credits"", ""reason_text"": """", ""reason_choices"": [""attribution"", ""economy"", ""politics""]}, {""start"": 466, ""end"": 509, ""text"": ""was given to me by the Obama Administration"", ""reason_text"": """", ""reason_choices"": [""attribution"", ""other""]}]",
2020092900059,20200929_trump_biden,TRUMP,"Chris, that was the worst part of Obamacare.",False,[],
2020092900415,20200929_trump_biden,TRUMP,"Did Burisma pay him 183 thousand a month, with no experience in energy?",True,"[{""start"": 4, ""end"": 40, ""text"": ""Burisma pay him 183 thousand a month"", ""reason_text"": """", ""reason_choices"": [""personal life""]}, {""start"": 47, ""end"": 70, ""text"": ""no experience in energy"", ""reason_text"": """", ""reason_choices"": [""personal life""]}]",
2020092900206,20200929_trump_biden,TRUMP,"Did you use the word smart? So you said you went to Delaware State, but you forgot the name of your college. You didn't go to Delaware State. You graduated either the lowest or almost the lowest in your class. Don't ever use the word smart with me. Don't ever use that word.",True,"[{""start"": 109, ""end"": 140, ""text"": ""You didn't go to Delaware State"", ""reason_text"": ""might be irrelevant"", ""reason_choices"": [""other""]}]",
2020092900247,20200929_trump_biden,TRUMP,Dr. Fauci. Dr. Fauci said the opposite.,False,[],
2020092900012,20200929_trump_biden,TRUMP,"During that period of time, during that period of time, we have an opening. I'm not elected for three years. I'm elected for four years. Joe, the hundred million people is totally wrong. I don't know where you got that number. The bigger problem that you have is that you're going to extinguish 180million people with their private health care, that they're very happy with.",True,"[{""start"": 142, ""end"": 185, ""text"": ""the hundred million people is totally wrong"", ""reason_text"": """", ""reason_choices"": [""numerical absolute""]}, {""start"": 295, ""end"": 343, ""text"": ""180million people with their private health care"", ""reason_text"": """", ""reason_choices"": [""numerical absolute"", ""medicine""]}]",
2020092900523,20200929_trump_biden,TRUMP,"During the Obama-Biden Administration, there was tremendous division. There was hatred. You look at, uh, Ferguson, you look at, or you go to very...many places. Look at Oakland. Look what happened in Oakland. Look what happened in Baltimore. Look what happened a . . . Frankly, it was more violent than what I'm even seeing now.",True,"[{""start"": 278, ""end"": 297, ""text"": ""it was more violent"", ""reason_text"": """", ""reason_choices"": [""comparative/temporal"", ""crime/law"", ""other""]}]",
2020092900459,20200929_trump_biden,TRUMP,Every single one of them lost a fortune by coming down and helping us with government.,False,[],
2020092900369,20200929_trump_biden,TRUMP,"Excuse me, Chris, wait.",False,[],
2020092900820,20200929_trump_biden,TRUMP,"Excuse me, Chris, when you have eighty million ballots. . .",False,[],
2020092900294,20200929_trump_biden,TRUMP,"Excuse me, he made a statement.",False,[],
2020092900055,20200929_trump_biden,TRUMP,"Excuse me. I got rid of the individual mandate, which was a big chunk of Obamacare.",False,[],
2020092900561,20200929_trump_biden,TRUMP,He doesn't have any law support. He has no law enforcement support.,False,[],
2020092900138,20200929_trump_biden,TRUMP,He doesn't want to answer the question.,False,[],
2020092900435,20200929_trump_biden,TRUMP,He got three and a half million dollars from Moscow.,True,"[{""start"": 0, ""end"": 51, ""text"": ""He got three and a half million dollars from Moscow"", ""reason_text"": """", ""reason_choices"": [""numerical absolute"", ""conspiracy"", ""personal life""]}]",
2020092900405,20200929_trump_biden,TRUMP,He got three and a half million dollars-,True,"[{""start"": 0, ""end"": 39, ""text"": ""He got three and a half million dollars"", ""reason_text"": """", ""reason_choices"": [""numerical absolute"", ""conspiracy"", ""personal life""]}]",
2020092900108,20200929_trump_biden,TRUMP,He just lost the left.,False,[],
2020092900660,20200929_trump_biden,TRUMP,He made a fortune. . .,False,[],
2020092900747,20200929_trump_biden,TRUMP,"He made a statement about the military. He said I said something about the military. He and his friends made it up, and then they went with it. I never said it.",False,[],
2020092900754,20200929_trump_biden,TRUMP,He said it on tape. . . [crosstalk],False,[],
2020092900250,20200929_trump_biden,TRUMP,"He said very strongly, ""Masks are not good."" Then he changed his mind. He said, ""Masks are good.""",False,[],
2020092900381,20200929_trump_biden,TRUMP,He totally gave up on manufacturing.,False,[],
2020092900233,20200929_trump_biden,TRUMP,He wants to shut down the whole country.,False,[],
2020092900667,20200929_trump_biden,TRUMP,He was given tens of millions of dollars?,True,"[{""start"": 0, ""end"": 40, ""text"": ""He was given tens of millions of dollars"", ""reason_text"": """", ""reason_choices"": [""numerical absolute""]}]",
2020092900364,20200929_trump_biden,TRUMP,He was in booming. It was the weakest recovery since 1929.,True,"[{""start"": 26, ""end"": 57, ""text"": ""the weakest recovery since 1929"", ""reason_text"": """", ""reason_choices"": [""ranking""]}]",
2020092900145,20200929_trump_biden,TRUMP,He's going to pack the court. He is not going to give a list.,False,[],
2020092900573,20200929_trump_biden,TRUMP,He's never done that.,False,[],
2020092900703,20200929_trump_biden,TRUMP,"He's talking about the Green New Deal. And it's not 2 billion or 20 billion, as you said. It's 100 trillion dollars.",True,"[{""start"": 43, ""end"": 75, ""text"": ""it's not 2 billion or 20 billion"", ""reason_text"": """", ""reason_choices"": [""numerical absolute"", ""economy""]}, {""start"": 90, ""end"": 115, ""text"": ""It's 100 trillion dollars"", ""reason_text"": """", ""reason_choices"": [""numerical absolute"", ""economy""]}]",
2020092900335,20200929_trump_biden,TRUMP,"Hey, Joe, let me just tell you, Joe. In 47 months, I've done more than you've done in 47 years, Joe. We've done things that you never even thought of doing.",False,[],
2020092900448,20200929_trump_biden,TRUMP,"Hey, hey, let me just say, that",False,[],
2020092900002,20200929_trump_biden,TRUMP,How are you doing?,False,[],
2020092900684,20200929_trump_biden,TRUMP,"I believe that we have to do everything we can to have immaculate air, immaculate water, and do whatever else we can that's good. You know, we're planting a billion trees--the Billion Tree Project--and it's very exciting for a lot of people.",False,[],
2020092900180,20200929_trump_biden,TRUMP,"I disagree with him. No, I disagree with both of them. And he didn't say that. He said it could be there, but it could also be much sooner. I had him in my office two days ago.",False,[],
2020092900654,20200929_trump_biden,TRUMP,I don't know Beau. I know Hunter. Hunter got thrown out of the military. He was thrown out dishonorably discharged. . .,True,"[{""start"": 34, ""end"": 71, ""text"": ""Hunter got thrown out of the military"", ""reason_text"": """", ""reason_choices"": [""defense/military"", ""personal life""]}]",
2020092900586,20200929_trump_biden,TRUMP,I don't know who said that.,False,[],
2020092900590,20200929_trump_biden,TRUMP,I don't think she said that.,False,[],
2020092900039,20200929_trump_biden,TRUMP,I don't think so.,False,[],
2020092900592,20200929_trump_biden,TRUMP,I don't think so.,False,[],
2020092900239,20200929_trump_biden,TRUMP,"I don't wear a mask like him. Every time you see him, he's got a mask. He could be speaking 200 feet away from him and he shows up with the biggest mask I've ever seen. I will say this-",False,[],
2020092900511,20200929_trump_biden,TRUMP,"I ended it because it's racist. I ended it because a lot of people were complaining that they were asked to do things that were absolutely insane. That it was a radical revolution that was taking place in our military, in our schools, all over the place. And you know it, and so does everybody else. And he would know it, oh it's totally racial. [crosstalk]",False,[],
2020092900347,20200929_trump_biden,TRUMP,I got it done. And you know what happened?,False,[],
2020092900063,20200929_trump_biden,TRUMP,I got rid of it. And we will protect people.,False,[],
2020092900292,20200929_trump_biden,TRUMP,I have to respond to that.,False,[],
2020092900675,20200929_trump_biden,TRUMP,I know but when somebody gets three and a half million dollars from the Mayor of Moscow.,True,"[{""start"": 30, ""end"": 87, ""text"": ""three and a half million dollars from the Mayor of Moscow"", ""reason_text"": """", ""reason_choices"": [""numerical absolute"", ""conspiracy"", ""personal life""]}]",
2020092900729,20200929_trump_biden,TRUMP,I never said that at all.,False,[],
2020092900306,20200929_trump_biden,TRUMP,"I paid $38 million one year, I paid $27 million one year.",True,"[{""start"": 0, ""end"": 27, ""text"": ""I paid $38 million one year"", ""reason_text"": """", ""reason_choices"": [""numerical absolute""]}, {""start"": 29, ""end"": 56, ""text"": ""I paid $27 million one year"", ""reason_text"": """", ""reason_choices"": [""numerical absolute""]}]",
2020092900304,20200929_trump_biden,TRUMP,"I paid millions of dollars in taxes, millions of dollars of income tax. And let me just tell you, there was a story in one of the papers that paid-",True,"[{""start"": 0, ""end"": 35, ""text"": ""I paid millions of dollars in taxes"", ""reason_text"": """", ""reason_choices"": [""vague quantitative"", ""economy""]}]",
2020092900583,20200929_trump_biden,TRUMP,I sent in the US Marshals they took care of business.,False,[],
2020092900578,20200929_trump_biden,TRUMP,I sent in the US Marshals. . .,False,[],
2020092900686,20200929_trump_biden,TRUMP,"I think a lot of things do, but I think to an extent, yes. I think to an extent, yes. But I also think we have to do better management of our forests. Every year I get the call. California's burning, California's burning. If that was cleaned, if that were, if you had forest management, good forest management, you wouldn't be getting those calls. You know, in Europe, they live their forest cities. They call forest cities. They maintain their forest. They manage their forest. I was with the head of a major country, it's a forest city. He said, ""Sir, we have trees that are far more, they ignite much easier than California. There shouldn't be that problem."" I spoke with the Governor about it. I'm getting along very well with the governor. But I said, ""At some point you can't every year have hundreds of thousands of acres of land just burned to the ground.""",False,[],
2020092900418,20200929_trump_biden,TRUMP,I think he did.,False,[],
2020092900546,20200929_trump_biden,TRUMP,"I think it's a party issue. You can bring in a couple of examples but if you look at Chicago, what's going on in Chicago where, uh, 53 people were shot and eight died. Shot. If you look at New York where it's going up, like nobody's ever seen anything. The numbers are going up a 100, 150, 200 percent, uh, crime, it is crazy what's going on . . .",True,"[{""start"": 113, ""end"": 166, ""text"": ""Chicago where, uh, 53 people were shot and eight died"", ""reason_text"": """", ""reason_choices"": [""numerical absolute"", ""crime/law"", ""other""]}, {""start"": 189, ""end"": 217, ""text"": ""New York where it's going up"", ""reason_text"": """", ""reason_choices"": [""vague quantitative""]}, {""start"": 253, ""end"": 301, ""text"": ""The numbers are going up a 100, 150, 200 percent"", ""reason_text"": """", ""reason_choices"": [""numerical absolute"", ""other""]}]",
2020092900682,20200929_trump_biden,TRUMP,"I want crystal clean water and air. I want beautiful clean air. We have now the lowest carbon. If you look at our numbers right now, we are doing phenomenally. But I haven't destroyed our businesses. Our businesses aren't put out of commission. If you look at the Paris Accord, it was a disaster from our standpoint. And people are actually very happy about what's going on, because our businesses are doing well. As far as the fires are concerned, you need forest management. In addition to everything else, the forest floors are loaded up with trees, dead trees that are years old and they're like tinder and leaves and everything else. You drop a cigarette in there the whole forest burns down. You've got to have forest management.",True,"[{""start"": 64, ""end"": 93, ""text"": ""We have now the lowest carbon"", ""reason_text"": """", ""reason_choices"": [""ranking"", ""environment""]}]",
2020092900852,20200929_trump_biden,TRUMP,I want to see an honest ballot count.,False,[],
2020092900850,20200929_trump_biden,TRUMP,I want to see an honest ballot count. . .,False,[],
2020092900601,20200929_trump_biden,TRUMP,I would love to end it. I would love to end it.,False,[],
2020092900759,20200929_trump_biden,TRUMP,I would never say that.,False,[],
2020092900609,20200929_trump_biden,TRUMP,I would say almost everything I see is from the left-wing not from the right wing.,False,[],
2020092900439,20200929_trump_biden,TRUMP,I'd like to know who they are.,False,[],
2020092900071,20200929_trump_biden,TRUMP,"I'll give you an example. Insulin, it was destroying families, destroying people, the cost. I'm getting it for so cheap it's like water, you want to know the truth. So cheap. Take a look at all of the drugs that what we're doing. Prescription drug prices, we're going to allow our Governors now to go to other countries to buy drugs because when they paid just a tiny fraction of what we do.",True,"[{""start"": 92, ""end"": 119, ""text"": ""I'm getting it for so cheap"", ""reason_text"": """", ""reason_choices"": [""economy""]}, {""start"": 346, ""end"": 390, ""text"": ""they paid just a tiny fraction of what we do"", ""reason_text"": """", ""reason_choices"": [""comparative/temporal""]}]",
2020092900605,20200929_trump_biden,TRUMP,"I'll send in the National Guard, it would be over. That'd be no problem. But I don't want to accept the National Guard.",False,[],
2020092900836,20200929_trump_biden,TRUMP,I'll tell you what it means. . .,False,[],
2020092900252,20200929_trump_biden,TRUMP,I'm okay with masks. I'm not fighting masks.,True,"[{""start"": 21, ""end"": 43, ""text"": ""I'm not fighting masks"", ""reason_text"": """", ""reason_choices"": [""stance/support""]}]",
2020092900300,20200929_trump_biden,TRUMP,"I'm the one that brought back football. By the way, I brought back Big Ten football. It was me and I'm very happy to do it-",False,[],
2020092900830,20200929_trump_biden,TRUMP,"I'm urging my supporters to go in to the polls and watch very carefully, because that's what has to happen. I am urging them to do it. As you know, today there was a big problem. In Philadelphia, they went in to watch. They're called poll watchers, a very safe, very nice thing. They were thrown out. They weren't allowed to watch. You know why? Because bad things happen in Philadelphia. Bad things. And I am urging, I am urging my people. I hope it's going to be a fair election. If it's a fair election. . .",True,"[{""start"": 301, ""end"": 330, ""text"": ""They weren't allowed to watch"", ""reason_text"": """", ""reason_choices"": [""conspiracy"", ""politics""]}]",
2020092900611,20200929_trump_biden,TRUMP,I'm willing to do anything. I wanna see peace.,False,[],
2020092900117,20200929_trump_biden,TRUMP,I've already fixed it.,False,[],
2020092900090,20200929_trump_biden,TRUMP,If Pocahontas would have left two days early you would have lost every primary.,False,[],
2020092900162,20200929_trump_biden,TRUMP,"If we would've listened to you, the country would have been left wide open, millions of people would have died, not 200,000. And one person is too much. It's China's fault. It should have never happened. They stopped it from going in, but it was China's fault. And, by the way, when you talk about numbers, you don't know how many people died in China. You don't know how many people died in Russia. You don't know how many people died in India. They don't exactly give you a straight count, just so you understand. But if you look at what we've done, I closed it and you said, ""He's xenophobic. He's a racist and he's xenophobic,"" because you didn't think I should have closed our country. Wait a minute.",True,"[{""start"": 311, ""end"": 351, ""text"": ""don't know how many people died in China"", ""reason_text"": """", ""reason_choices"": [""conspiracy""]}, {""start"": 357, ""end"": 398, ""text"": ""don't know how many people died in Russia"", ""reason_text"": """", ""reason_choices"": [""conspiracy""]}, {""start"": 404, ""end"": 444, ""text"": ""don't know how many people died in India"", ""reason_text"": """", ""reason_choices"": [""conspiracy""]}, {""start"": 446, ""end"": 490, ""text"": ""They don't exactly give you a straight count"", ""reason_text"": """", ""reason_choices"": [""conspiracy""]}]",
2020092900271,20200929_trump_biden,TRUMP,"If you could get the crowds, you would have done the same thing. But you can't. Nobody cares.",False,[],
2020092900513,20200929_trump_biden,TRUMP,"If you were a certain person, you had no status in life. It was sort of a reversal. And if you look at the people, we would pay people hundreds of thousands of dollars to teach very bad ideas and frankly, very sick ideas. And, and really, they were teaching people to hate our country. And I'm not going to do that. I'm not going to allow that to happen. We have to go back to the core values of this country. They were teaching people that our country is a horrible place. It's a racist place. And they were teaching people to hate our country. And I'm not going to allow that to happen.",False,[],
2020092900337,20200929_trump_biden,TRUMP,"Including fixing the broken military that you gave me, including taking care of your debts.",True,"[{""start"": 65, ""end"": 90, ""text"": ""taking care of your debts"", ""reason_text"": """", ""reason_choices"": [""attribution"", ""economy""]}]",
2020092900178,20200929_trump_biden,TRUMP,"It is a very political thing. I've spoken to Pfizer, I've spoken to all of the people that you have to speak to, Moderna, Johnson & Johnson, and others. They can go faster than that by a lot. It's become very political because the left... Or I don't know if I call them left, I don't know what I call them.",True,"[{""start"": 153, ""end"": 190, ""text"": ""They can go faster than that by a lot"", ""reason_text"": """", ""reason_choices"": [""vague quantitative"", ""comparative/temporal"", ""forecast/projection"", ""conspiracy"", ""medicine""]}]",
2020092900838,20200929_trump_biden,TRUMP,It means you have a fraudulent election. You're sending out 80 million ballots. . .,True,"[{""start"": 20, ""end"": 39, ""text"": ""fraudulent election"", ""reason_text"": """", ""reason_choices"": [""conspiracy"", ""politics""]}, {""start"": 48, ""end"": 78, ""text"": ""sending out 80 million ballots"", ""reason_text"": """", ""reason_choices"": [""numerical absolute"", ""politics""]}]",
2020092900542,20200929_trump_biden,TRUMP,It went down much more in ours.,True,"[{""start"": 0, ""end"": 30, ""text"": ""It went down much more in ours"", ""reason_text"": """", ""reason_choices"": [""vague quantitative"", ""comparative/temporal""]}]",
2020092900721,20200929_trump_biden,TRUMP,It would destroy our country.,False,[],
2020092900792,20200929_trump_biden,TRUMP,It's a rigged election.,False,[],
2020092900186,20200929_trump_biden,TRUMP,It's all set up.,False,[],
2020092900845,20200929_trump_biden,TRUMP,It's already been established. Take a look at Carolyn Maloney's race. . .,True,"[{""start"": 0, ""end"": 29, ""text"": ""It's already been established"", ""reason_text"": """", ""reason_choices"": [""epistemic""]}, {""start"": 46, ""end"": 68, ""text"": ""Carolyn Maloney's race"", ""reason_text"": """", ""reason_choices"": [""conspiracy"", ""politics""]}]",
2020092900082,20200929_trump_biden,TRUMP,"Joe, you agreed with Bernie Sanders, who's far left, on the manifesto, we call it. And that gives you socialized medicine.",True,"[{""start"": 5, ""end"": 35, ""text"": ""you agreed with Bernie Sanders"", ""reason_text"": ""support relation"", ""reason_choices"": [""stance/support"", ""politics""]}, {""start"": 21, ""end"": 51, ""text"": ""Bernie Sanders, who's far left"", ""reason_text"": ""ideology"", ""reason_choices"": [""stance/support"", ""politics""]}]",
2020092900027,20200929_trump_biden,TRUMP,"Joe, you've had 308,000 military people dying because you couldn't provide them proper healthcare in the military. So don't tell me about this.",True,"[{""start"": 16, ""end"": 45, ""text"": ""308,000 military people dying"", ""reason_text"": """", ""reason_choices"": [""numerical absolute"", ""defense/military""]}, {""start"": 46, ""end"": 113, ""text"": ""because you couldn't provide them proper healthcare in the military"", ""reason_text"": """", ""reason_choices"": [""causation"", ""medicine"", ""defense/military""]}]",
2020092900210,20200929_trump_biden,TRUMP,"Let me just tell you something, Joe. If you would have had the charge of what I was put through, I had to close the greatest economy of the history of our country. And by the way, now it's being built again and it's going up fast.",True,"[{""start"": 112, ""end"": 162, ""text"": ""the greatest economy of the history of our country"", ""reason_text"": """", ""reason_choices"": [""ranking""]}, {""start"": 211, ""end"": 229, ""text"": ""it's going up fast"", ""reason_text"": """", ""reason_choices"": [""vague quantitative""]}]",
2020092900142,20200929_trump_biden,TRUMP,"Listen, who is on your list, Joe? Who's on your list?",False,[],
2020092900104,20200929_trump_biden,TRUMP,"Listen, you agreed with Bernie Sanders and the manifesto.",True,"[{""start"": 8, ""end"": 56, ""text"": ""you agreed with Bernie Sanders and the manifesto"", ""reason_text"": ""support"", ""reason_choices"": [""stance/support"", ""politics""]}]",
2020092900847,20200929_trump_biden,TRUMP,Look at Carolyn Maloney's race. They have no idea what happened. . .,True,"[{""start"": 8, ""end"": 30, ""text"": ""Carolyn Maloney's race"", ""reason_text"": """", ""reason_choices"": [""conspiracy"", ""politics""]}]",
2020092900386,20200929_trump_biden,TRUMP,"Many car companies came in from Germany, from Japan, went to Michigan, went to Ohio and they didn't come in with you. [crosstalk].",False,[],
2020092900318,20200929_trump_biden,TRUMP,"Millions of dollars, yes.",False,[],
2020092900320,20200929_trump_biden,TRUMP,Millions of dollars. And you'll get to see it. And you'll get to see it.,False,[],
2020092900456,20200929_trump_biden,TRUMP,My family lost a fortune by coming down and helping us with government.,False,[],
2020092900506,20200929_trump_biden,TRUMP,"No it's not, but you say it is.",False,[],
2020092900235,20200929_trump_biden,TRUMP,"No, I think masks are okay. You have to understand, if you look... I mean, I have a mask right here. I put a mask on when I think I need it. Tonight, as an example, everybody's had a test and you've had social distancing and all of the things that you have to, but I wear masks-",False,[],
2020092900115,20200929_trump_biden,TRUMP,"No, I want to give them better healthcare at a much lower price, because Obamacare is no good.",False,[],
2020092900694,20200929_trump_biden,TRUMP,"No, but you would take a lot of cars off the market because people would be able to afford a car. Now, so, and by the way, we're going to see how that turns out. But a lot of people agree with me, many people. The car has gotten so expensive because they have computers all over the place for an extra little bit of gasoline.",True,"[{""start"": 250, ""end"": 324, ""text"": ""they have computers all over the place for an extra little bit of gasoline"", ""reason_text"": """", ""reason_choices"": [""other""]}]",
2020092900566,20200929_trump_biden,TRUMP,"No, no. Think about it. Name one law enforcement group that came out in support of you.",False,[],
2020092900296,20200929_trump_biden,TRUMP,"No, people want their schools open. They don't want to be shut down. They don't want their state shut down. They want their restaurants. I look at New York. It's so sad what's happening in New York. It's almost like a ghost town, and I'm not sure it can ever recover what they've done to New York. People want their places open. They want to get back to their lives.",False,[],
2020092900025,20200929_trump_biden,TRUMP,Not according to Harris.,False,[],
2020092900701,20200929_trump_biden,TRUMP,Not true. Not true.,False,[],
2020092900121,20200929_trump_biden,TRUMP,"Obamacare is no good. We made it better and I had a choice to make very early on. We took away the individual mandate. We guaranteed pre-existing conditions, but took away the individual mandate. Listen, this is the way it is. And that destroyed ... They shouldn't even call it Obamacare, then I had a choice to make, do I let my people run it really well or badly? If I run it badly, they'll probably blame him, but they'll blame me. But more importantly, I want to help people. Okay. I said, ""You've got to run it so well."" And I just had a meeting with them. They said the problem is, no matter how well you run Obamacare, it's a disaster. It's too expensive. Premiums are too high, that it doesn't work. So we do want to get rid of it. Chris, we want to get rid of that and give something that's cheaper and better.",True,"[{""start"": 643, ""end"": 684, ""text"": ""It's too expensive. Premiums are too high"", ""reason_text"": """", ""reason_choices"": [""vague quantitative"", ""economy""]}]",
2020092900127,20200929_trump_biden,TRUMP,"Of course, we do.",False,[],
2020092900398,20200929_trump_biden,TRUMP,"Oh really, he didn't get three and a half million?",True,"[{""start"": 11, ""end"": 49, ""text"": ""he didn't get three and a half million"", ""reason_text"": """", ""reason_choices"": [""numerical absolute"", ""conspiracy"", ""personal life""]}]",
2020092900576,20200929_trump_biden,TRUMP,Oh really? Oh really?,False,[],
2020092900623,20200929_trump_biden,TRUMP,Oh you gotta be kidding.,False,[],
2020092900552,20200929_trump_biden,TRUMP,"Oh, I know suburbs so much than you.",False,[],
2020092900564,20200929_trump_biden,TRUMP,"Oh, really, who do you have? Name one group that supports you. Name one group that came out and supported you. Go ahead. Think. We have time.",False,[],
2020092900775,20200929_trump_biden,TRUMP,"Oh, you don't? Oh, well, that's a big statement.",False,[],
2020092900384,20200929_trump_biden,TRUMP,Ohio had the best year it's ever had last year. Michigan had the best year they've ever had.,True,"[{""start"": 0, ""end"": 46, ""text"": ""Ohio had the best year it's ever had last year"", ""reason_text"": """", ""reason_choices"": [""ranking""]}, {""start"": 48, ""end"": 91, ""text"": ""Michigan had the best year they've ever had"", ""reason_text"": """", ""reason_choices"": [""ranking""]}]",
2020092900212,20200929_trump_biden,TRUMP,Okay. It's going up fast. I look forward to talking about it.,False,[],
2020092900092,20200929_trump_biden,TRUMP,"On Super Tuesday, you got very lucky.",False,[],
2020092900349,20200929_trump_biden,TRUMP,Our economy boomed like it's never boomed before.,True,"[{""start"": 0, ""end"": 48, ""text"": ""Our economy boomed like it's never boomed before"", ""reason_text"": """", ""reason_choices"": [""ranking"", ""economy""]}]",
2020092900619,20200929_trump_biden,TRUMP,"Proud Boys, stand back and stand by. But I'll tell you what, I'll tell you what: somebody's got to do something about Antifa and the left because this is not a right wing problem this is a left-wing. This is a left-wing problem. . .",False,[],
2020092900432,20200929_trump_biden,TRUMP,"So let me ask you this, Joe- [crosstalk].",False,[],
2020092900279,20200929_trump_biden,TRUMP,"So we built the greatest economy in history. We closed it down because of the China plague. When the plague came in, we closed it down, which was very hard psychologically to do. He didn't think we should close it down and he was wrong. Again, two million people would be dead now instead of... Still, 204,000 people is too much. One person is too much. Should have never happened from China. But what happened is we closed it down and now we're reopening and we're doing record business. We had 10.4 million people in a four month period that we've put back into the workforce. That's a record the likes of which nobody's ever seen before. And he wants to close down the... He will shut it down again. He will destroy this country.",True,"[{""start"": 3, ""end"": 43, ""text"": ""we built the greatest economy in history"", ""reason_text"": """", ""reason_choices"": [""ranking""]}, {""start"": 460, ""end"": 487, ""text"": ""we're doing record business"", ""reason_text"": """", ""reason_choices"": [""ranking""]}, {""start"": 496, ""end"": 577, ""text"": ""10.4 million people in a four month period that we've put back into the workforce"", ""reason_text"": """", ""reason_choices"": [""numerical absolute""]}, {""start"": 586, ""end"": 639, ""text"": ""a record the likes of which nobody's ever seen before"", ""reason_text"": """", ""reason_choices"": [""ranking""]}]",
2020092900784,20200929_trump_biden,TRUMP,"So when I listen to Joe talking about a transition, there has been no transition from when I won. I won that election. And if you look at crooked Hillary Clinton, if you look at all of the different people, there was no transition, because they came after me trying to do a coup. They came after me spying on my campaign. They started from the day I won, and even before I won. From the day I came down the escalator with our first lady, they were a disaster. They were a disgrace to our country, and we've caught 'em. We've caught 'em all. We've got it all on tape. We've caught 'em all. And by the way, you gave the idea for the Logan Act against General Flynn. You better take a look at that, because we caught you in a sense, and President Obama was sitting in the office. He knew about it too. So don't tell me about a free transition. As far as the ballots are concerned, it's a disaster. A solicited ballot, okay, solicited, is okay. You're soliciting. You're asking. They send it back. You send it back. I did that. If you have an unsolicited--they're sending millions of ballots all over the country. There's fraud. They found 'em in creeks. They found some, with the name Trump, just happened to have the name Trump, just the other day in a wastepaper basket. They're being sent all over the place. They sent two in a Democrat area. They sent out a thousand ballots. Everybody got two ballots. This is going to be a fraud like you've never seen. The other thing, it's nice. On November 3rd, you're watching, and you see who won the election. And I think we're going to do well because people are really happy with the job we've done. But you know what? We won't know. We might not know for months because these ballots are going to be all over. Take a look at what happened in Manhattan. Take a look at what happened in New Jersey. Take a look at what happened in Virginia and other places. They're not losing 2%, 1%, which by the way is too much. An election could be won or lost with that. They're losing 30 and 40%. It's a fraud, and it's a shame. And can you imagine where they say, uh, ""You have to have your ballot in by November 10th."" November 10th. That means, that's seven days after the election, in theory, should've been announced.",True,"[{""start"": 240, ""end"": 278, ""text"": ""they came after me trying to do a coup"", ""reason_text"": """", ""reason_choices"": [""conspiracy"", ""politics""]}, {""start"": 280, ""end"": 320, ""text"": ""They came after me spying on my campaign"", ""reason_text"": """", ""reason_choices"": [""conspiracy"", ""politics""]}, {""start"": 605, ""end"": 662, ""text"": ""you gave the idea for the Logan Act against General Flynn"", ""reason_text"": """", ""reason_choices"": [""attribution"", ""politics""]}, {""start"": 1052, ""end"": 1108, ""text"": ""they're sending millions of ballots all over the country"", ""reason_text"": """", ""reason_choices"": [""numerical absolute"", ""politics""]}, {""start"": 1110, ""end"": 1123, ""text"": ""There's fraud"", ""reason_text"": """", ""reason_choices"": [""conspiracy"", ""politics""]}, {""start"": 2002, ""end"": 2027, ""text"": ""They're losing 30 and 40%"", ""reason_text"": """", ""reason_choices"": [""statistic"", ""politics""]}, {""start"": 2029, ""end"": 2041, ""text"": ""It's a fraud"", ""reason_text"": """", ""reason_choices"": [""conspiracy"", ""politics""]}, {""start"": 2180, ""end"": 2253, ""text"": ""that's seven days after the election, in theory, should've been announced"", ""reason_text"": """", ""reason_choices"": [""conspiracy"", ""politics""]}]",
2020092900738,20200929_trump_biden,TRUMP,"So why didn't you get the world—China sends up real dirt into the air. Russia does. India does. They all do. We're supposed to be good. And by the way, he made a couple of statements. The Green New Deal is a hundred trillion dollars. . .",True,"[{""start"": 32, ""end"": 94, ""text"": ""China sends up real dirt into the air. Russia does. India does"", ""reason_text"": """", ""reason_choices"": [""attribution"", ""environment""]}, {""start"": 184, ""end"": 232, ""text"": ""The Green New Deal is a hundred trillion dollars"", ""reason_text"": """", ""reason_choices"": [""numerical absolute"", ""economy"", ""environment""]}]",
2020092900498,20200929_trump_biden,TRUMP,"So you did that, and they call you super-predator and I'm letting people out of jail now, that you have treated the African-American population community, you have treated the black community about as bad as anybody in this country. You did the 1990--and that's why, if you look at the polls, I'm doing better than any Republican has done in a long time, because they saw what you did. You call them super-predators, and you've called them worse than that. Because you look back at your testimony over the years, you've called them a lot worse than that. As far as the church is concerned, and as far as the generals are concerned, we just got the support of 200--250 military leaders and generals, total support. Law enforcement, almost every law enforcement group in the United States. I have Florida. I have Texas. I have Ohio. I have every... Excuse me, Portland, the sheriff just came out today and he said, ""I support President Trump."" I don't think you have any law enforcement. You can't even say the word law enforcement. Because if you say those words, you're going to lose all of your radical left supporters. And why aren't you saying those words, Joe? Why don't you say the words law enforcement? Because you know what? If called us in Portland, we would put out that fire in a half an hour. But they won't do it, because they're run by radical left Democrats. If you look at Chicago, if you look at any place you want to look, Seattle, they heard we were coming in the following day and they put up their hands and we got back Seattle. Minneapolis, we got it back, Joe, because we believe in law and order, but you don't. The top 10 cities and just about the top 40 cities are run by Democrats, and in many cases radical left. And they've got you wrapped around their finger, Joe, to a point where you don't want to say anything about law and order. And I'll tell you what, the people of this country want and demand law and order and you're afraid to even say it.",True,"[{""start"": 293, ""end"": 353, ""text"": ""I'm doing better than any Republican has done in a long time"", ""reason_text"": """", ""reason_choices"": [""vague quantitative"", ""comparative/temporal"", ""politics""]}, {""start"": 858, ""end"": 941, ""text"": ""Portland, the sheriff just came out today and he said, \""I support President Trump.\"""", ""reason_text"": ""was fact-checked by NPR, SNOPES, BBC, despite he-said, it's a support claim"", ""reason_choices"": [""attribution"", ""stance/support"", ""politics""]}, {""start"": 1335, ""end"": 1372, ""text"": ""they're run by radical left Democrats"", ""reason_text"": ""?"", ""reason_choices"": [""politics""]}, {""start"": 1636, ""end"": 1707, ""text"": ""The top 10 cities and just about the top 40 cities are run by Democrats"", ""reason_text"": """", ""reason_choices"": [""ranking"", ""politics""]}]",
2020092900160,20200929_trump_biden,TRUMP,"So, if we would have listened to you.",False,[],
2020092900444,20200929_trump_biden,TRUMP,Some people don't do a good job.,False,[],
2020092900607,20200929_trump_biden,TRUMP,"Sure, I'm willing to do that.",False,[],
2020092900217,20200929_trump_biden,TRUMP,"Tell that to Nancy Pelosi, and Schumer [crosstalk] Chuck.",False,[],
2020092900215,20200929_trump_biden,TRUMP,Tell that to Nancy Pelosi.,False,[],
2020092900005,20200929_trump_biden,TRUMP,"Thank you very much, Chris. I will tell you very simply. We won the election. Elections have consequences. We have the Senate, we have the White House, and we have a phenomenal nominee respected by all. Top, top academic, good in every way. Good in every way. In fact, some of her biggest endorsers are very liberal people from Notre Dame and other places. So I think she's going to be fantastic. We have plenty of time. Even if we did it after the election itself. I have a lot of time after the election, as you know. So I think that she will be outstanding. She's going to be as good as anybody that has served on that court. We really feel that. We have a professor at Notre Dame, highly respected by all, said she's the single greatest student he's ever had. He's been a professor for a long time at a great school. And we won the election and therefore we have the right to choose her, and very few people knowingly would say otherwise. And by the way, the Democrats, they wouldn't even think about not doing it. The only difference is they'd try and do it faster. There's no way they would give it up. They had Merrick Garland, but the problem is they didn't have the election so they were stopped. And probably that would happen in reverse, also. Definitely would happen in reverse. So we won the election and we have the right to do it, Chris.",False,[],
2020092900816,20200929_trump_biden,TRUMP,That could be fraud.,False,[],
2020092900057,20200929_trump_biden,TRUMP,That is absolutely a big thing. That was the worst part of Obamacare.,False,[],
2020092900188,20200929_trump_biden,TRUMP,"That was said sarcastically, and you know that. That was said sarcastically.",False,[],
2020092900688,20200929_trump_biden,TRUMP,That's burning down because of a lack of management.,False,[],
2020092900719,20200929_trump_biden,TRUMP,That's more money than our country could make in a hundred years if it were. . .,False,[],
2020092900559,20200929_trump_biden,TRUMP,"That's not what they are talking about, Chris. That's not what it . . . He's talking about defunding the police.",False,[],
2020092900019,20200929_trump_biden,TRUMP,That's not what you've said and it's not what your party is saying.,False,[],
2020092900079,20200929_trump_biden,TRUMP,"That's not what your party says, by the way.",False,[],
2020092900165,20200929_trump_biden,TRUMP,"The only thing I haven't done a good job, and that's because of the fake news, no matter what you say to them, they give you a bad press on it. It's just fake news. They give you good press, they give me bad press because that's the way it is, unfortunately. But let me just say something. I don't care. I've gotten used to it. But I'll tell you, Joe, you could never have done the job that we did. You don't have it in your blood. You could've never done that, Joe.",False,[],
2020092900148,20200929_trump_biden,TRUMP,"The people understand, Joe.",False,[],
2020092900544,20200929_trump_biden,TRUMP,The places we had trouble were Democratic-run cities. . .,False,[],
2020092900010,20200929_trump_biden,TRUMP,"There aren't a hundred million people with pre-existing conditions. As far as a say is concerned, the people already had their say. Okay, Justice Ginsburg said very powerfully, very strongly, at some point 10 years ago or so, she said a President and the Senate is elected for a period of time, but a President is elected for four years. We're not elected for three years. I'm not elected for three years. So we have the Senate, we have a President-",True,"[{""start"": 0, ""end"": 66, ""text"": ""There aren't a hundred million people with pre-existing conditions"", ""reason_text"": """", ""reason_choices"": [""numerical absolute"", ""medicine""]}]",
2020092900569,20200929_trump_biden,TRUMP,There aren't any. I don't think there are any.,False,[],
2020092900041,20200929_trump_biden,TRUMP,There's nothing happening there.,False,[],
2020092900358,20200929_trump_biden,TRUMP,"They had the slowest economic recovery since 1929. It was the slowest recovery. Also, they took over something that was down here. All you had to do is turn on the lights and you pick up a lot. But they had the slowest economic recovery since 1929, and let me tell you about the stock market. When the stock market goes up, that means jobs. It also means 401ks. If you got in, if you ever became president with your ideas, you want to terminate my taxes. I'll tell you what, you'll lose. Half of the companies that have poured in here will leave. And plenty of companies that are already here, they'll leave for other places. [crosstalk] They will leave and you will have a depression, the likes of which you've never seen.",True,"[{""start"": 0, ""end"": 49, ""text"": ""They had the slowest economic recovery since 1929"", ""reason_text"": """", ""reason_choices"": [""ranking"", ""economy""]}, {""start"": 198, ""end"": 247, ""text"": ""they had the slowest economic recovery since 1929"", ""reason_text"": """", ""reason_choices"": [""ranking"", ""economy""]}, {""start"": 293, ""end"": 360, ""text"": ""When the stock market goes up, that means jobs. It also means 401ks"", ""reason_text"": """", ""reason_choices"": [""causation"", ""economy""]}]",
2020092900731,20200929_trump_biden,TRUMP,They made it up.,False,[],
2020092900373,20200929_trump_biden,TRUMP,"They said it would take... No, you're on number two.",False,[],
2020092900298,20200929_trump_biden,TRUMP,"They'll be careful, but they want their schools open.",False,[],
2020092900840,20200929_trump_biden,TRUMP,"They're not equipped. These people aren't equipped to handle it, number one. Number two, they cheat. They cheat. Hey, they found ballots in a wastepaper basket three days ago, and they all had the name military ballots. There were military. They all had the name Trump on them.",True,"[{""start"": 118, ""end"": 174, ""text"": ""they found ballots in a wastepaper basket three days ago"", ""reason_text"": """", ""reason_choices"": [""conspiracy"", ""politics""]}]",
2020092900621,20200929_trump_biden,TRUMP,This is a left-wing problem.,False,[],
2020092900073,20200929_trump_biden,TRUMP,This is big stuff.,False,[],
2020092900806,20200929_trump_biden,TRUMP,This is not going to end well.,False,[],
2020092900808,20200929_trump_biden,TRUMP,This is not going to end well.,False,[],
2020092900717,20200929_trump_biden,TRUMP,"This is, this is a 100 trillion. . .",False,[],
2020092900231,20200929_trump_biden,TRUMP,Those states are not doing well that are shut down right now.,False,[],
2020092900450,20200929_trump_biden,TRUMP,"Three and a half million, Joe.",False,[],
2020092900736,20200929_trump_biden,TRUMP,"Wait a minute, Chris. So why didn't he do it for 47 years? You were Vice-President?",False,[],
2020092900223,20200929_trump_biden,TRUMP,"Wait a minute, Joe. Let me shut you down for a second, Joe, just for one second. He wants to shut down the country. We just went through it. We had to, because we didn't know anything about the disease. Now we've found that elderly people with heart problems and diabetes and different problems are very, very vulnerable. We learned a lot. Young children aren't, even younger people aren't. We've learned a lot, but he wants to shut it down. More people will be hurt by continuing. If you look at Pennsylvania, if you look at certain states that have been shut down, they have Democrat governors, all, one of the reasons they shut down is because they want to keep it shut down until after the election on November 3rd.",True,"[{""start"": 224, ""end"": 320, ""text"": ""elderly people with heart problems and diabetes and different problems are very, very vulnerable"", ""reason_text"": """", ""reason_choices"": []}, {""start"": 340, ""end"": 389, ""text"": ""Young children aren't, even younger people aren't"", ""reason_text"": """", ""reason_choices"": []}]",
2020092900599,20200929_trump_biden,TRUMP,"Wait a second, you made a statement.",False,[],
2020092900786,20200929_trump_biden,TRUMP,We have major states with that. . .,False,[],
2020092900200,20200929_trump_biden,TRUMP,We spoke to the scientists that are in charge-,False,[],
2020092900172,20200929_trump_biden,TRUMP,"We would have lost far more people, far more people. You would have been months late. You're months behind me, Joe.",False,[],
2020092900033,20200929_trump_biden,TRUMP,We're talking about two million people.,False,[],
2020092900119,20200929_trump_biden,TRUMP,"We've already fixed it to an extent. Obamacare, as you might know but probably don't, Obamacare is no good.",False,[],
2020092900268,20200929_trump_biden,TRUMP,"We've had no negative effect, and we've had 35, 40,000 people at these rallies.",True,"[{""start"": 0, ""end"": 28, ""text"": ""We've had no negative effect"", ""reason_text"": """", ""reason_choices"": [""other""]}, {""start"": 34, ""end"": 78, ""text"": ""we've had 35, 40,000 people at these rallies"", ""reason_text"": """", ""reason_choices"": [""numerical absolute""]}]",
2020092900266,20200929_trump_biden,TRUMP,We've had no negative effect.,True,"[{""start"": 0, ""end"": 28, ""text"": ""We've had no negative effect"", ""reason_text"": """", ""reason_choices"": [""other""]}]",
2020092900403,20200929_trump_biden,TRUMP,"Well wait, he didn't get three and a half million dollars, Joe?",True,"[{""start"": 11, ""end"": 57, ""text"": ""he didn't get three and a half million dollars"", ""reason_text"": """", ""reason_choices"": [""numerical absolute"", ""conspiracy"", ""personal life""]}]",
2020092900061,20200929_trump_biden,TRUMP,"Well, I'll ask Joe. The individual mandate was the most unpopular aspect of Obamacare.",True,"[{""start"": 24, ""end"": 85, ""text"": ""individual mandate was the most unpopular aspect of Obamacare"", ""reason_text"": """", ""reason_choices"": [""ranking"", ""politics"", ""medicine""]}]",
2020092900176,20200929_trump_biden,TRUMP,"Well, I've spoken to the companies and we can have it a lot sooner. It's a very political thing because people like this would rather make it political than save lives.",False,[],
2020092900478,20200929_trump_biden,TRUMP,"Well, and him too.",False,[],
2020092900067,20200929_trump_biden,TRUMP,"Well, first of all, I guess I'm debating you, not him, but that's okay. I'm not surprised. Let me just tell you something. There's nothing symbolic. I'm cutting drug prices. I'm going with Favored Nations, which no President has the courage to do because you're going against big pharma. Drug prices will be coming down 80 or 90%. You could have done it during your 47 year period in government, but you didn't do it. Nobody's done it. So we're cutting healthcare.",False,[],
2020092900221,20200929_trump_biden,TRUMP,"Well, he wants to shut down this country and I want to keep it open, and we did a great thing by shutting it down-",False,[],
2020092900258,20200929_trump_biden,TRUMP,"Well, it's true. Nobody shows up to his rallies.",False,[],
2020092900692,20200929_trump_biden,TRUMP,"Well, not really because what's happening is the car is much less expensive, and it's a much safer car, and you're talk it about a tiny difference. And then what would happen because of the cost of the car you would have at least double and triple the number of cars purchased. We have the old slugs out there that are 10, 12 years old. If you did that, the car would be safer. It would be much cheaper by $3,500.",True,"[{""start"": 45, ""end"": 75, ""text"": ""the car is much less expensive"", ""reason_text"": """", ""reason_choices"": [""vague quantitative"", ""comparative/temporal"", ""economy""]}, {""start"": 81, ""end"": 102, ""text"": ""it's a much safer car"", ""reason_text"": """", ""reason_choices"": [""vague quantitative"", ""comparative/temporal""]}, {""start"": 378, ""end"": 412, ""text"": ""It would be much cheaper by $3,500"", ""reason_text"": ""speculative but provides a quantifiable difference"", ""reason_choices"": [""numerical absolute"", ""comparative/temporal"", ""forecast/projection"", ""economy""]}]",
2020092900264,20200929_trump_biden,TRUMP,"Well, so far we have had no problem whatsoever. It's outside. That's a big difference according to the experts. We do them outside, we have tremendous crowds, as you see, and literally on 24 hours notice. And Joe does the circles and has three people someplace.",True,"[{""start"": 13, ""end"": 46, ""text"": ""we have had no problem whatsoever"", ""reason_text"": """", ""reason_choices"": [""other""]}, {""start"": 62, ""end"": 85, ""text"": ""That's a big difference"", ""reason_text"": """", ""reason_choices"": [""vague quantitative""]}]",
2020092900480,20200929_trump_biden,TRUMP,"Well, that's all right, but he does plenty.",False,[],
2020092900625,20200929_trump_biden,TRUMP,"Well, then you know what, he's wrong.",False,[],
2020092900184,20200929_trump_biden,TRUMP,"Well, we're going to deliver it right away. We have the military all set up. Logistically, they're all set up. We have our military that delivers soldiers and they can do 200,000 a day. They're going to be delivering-",True,"[{""start"": 159, ""end"": 184, ""text"": ""they can do 200,000 a day"", ""reason_text"": """", ""reason_choices"": [""numerical absolute""]}]",
2020092900167,20200929_trump_biden,TRUMP,"Well, you didn't do very well in Swine Flu. H1-N1, you were a disaster. Your own Chief of Staff said you were a disaster.",False,[],
2020092900744,20200929_trump_biden,TRUMP,"Well, you want to rebuild everything",False,[],
2020092900014,20200929_trump_biden,TRUMP,"Well, you're certainly going to socialist. You're going to socialist medicine-",False,[],
2020092900393,20200929_trump_biden,TRUMP,What did he do to deserve it? What did he do with Burisma-,False,[],
2020092900750,20200929_trump_biden,TRUMP,What he did is he said. . .,False,[],
2020092900502,20200929_trump_biden,TRUMP,What is peaceful protest? When they run through the middle of the town-,False,[],
2020092900798,20200929_trump_biden,TRUMP,"What you do is you go and vote. You do a solicited ballot, and that's okay. . .",False,[],
2020092900366,20200929_trump_biden,TRUMP,When COVID came along.,False,[],
2020092900281,20200929_trump_biden,TRUMP,"When you look at North Carolina, when you look, and these governors are under siege, Pennsylvania, Michigan, and a couple of others, you got to open these states up. It's not fair. You're talking about almost it's like being in prison. And you look at what's going on with divorce, look at what's going on with alcoholism and drugs. It's a very, very sad thing. And he'll close down the whole country. This guy will close down the whole country and destroy our country. Our country is coming back incredibly well, setting records as it does it. We don't need somebody to come in and say, ""Let's shut it down.""",False,[],
2020092900705,20200929_trump_biden,TRUMP,Where they want to rip down buildings. . .,False,[],
2020092900452,20200929_trump_biden,TRUMP,Why did he deserve three and a half million from Moscow?,True,"[{""start"": 19, ""end"": 55, ""text"": ""three and a half million from Moscow"", ""reason_text"": """", ""reason_choices"": [""numerical absolute"", ""conspiracy"", ""personal life""]}]",
2020092900677,20200929_trump_biden,TRUMP,Why did he get it?,False,[],
2020092900345,20200929_trump_biden,TRUMP,"Why didn't you do it before, when you were Vice-President with Obama?",False,[],
2020092900331,20200929_trump_biden,TRUMP,Why didn't you do it over the last 25 years?,False,[],
2020092900140,20200929_trump_biden,TRUMP,Why wouldn't you answer that question? You want to put a lot of new Supreme Court Justices. Radical left.,False,[],
2020092900794,20200929_trump_biden,TRUMP,"Yeah. I think I'm counting on them to look at the ballots, definitely. I don't think—I hope we don't need them, in terms of the election itself. But for the ballots, I think so, because what's happening is incredible. I just heard, I read today where at least 1% of the ballots for 2016 were invalidated. They take 'em. We don't like 'em. We don't like 'em. They throw 'em out. . .",True,"[{""start"": 251, ""end"": 303, ""text"": ""at least 1% of the ballots for 2016 were invalidated"", ""reason_text"": """", ""reason_choices"": [""numerical absolute"", ""politics""]}]",
2020092900053,20200929_trump_biden,TRUMP,"Yes, I have. Of course, I have. The individual mandate.",False,[],
2020092900495,20200929_trump_biden,TRUMP,"You did a crime bill, 1994, where you called them super-predators. African-Americans are super-predators and they've never forgotten it. They've never forgotten it.",True,"[{""start"": 0, ""end"": 65, ""text"": ""You did a crime bill, 1994, where you called them super-predators"", ""reason_text"": """", ""reason_choices"": [""attribution"", ""politics"", ""ethnicity/race"", ""crime/law""]}]",
2020092900164,20200929_trump_biden,TRUMP,"You didn't think we should have closed our country because you thought it was terrible. You wouldn't have closed it for another two months. By my doing it early, in fact, Dr. Fauci said, ""President Trump saved thousands of lives."" Many of your Democrat Governors said, ""President Trump did a phenomenal job."" We worked with the Governor. Oh really, go take a look. The Governors said I did a phenomenal job. Most of them said that. In fact, people that would not be necessarily on my side said that, ""President Trump did a phenomenal job."" We did. We got the gowns. We got the masks. We made the ventilators. You wouldn't have made ventilators. And now we're weeks away from a vaccine. We're doing therapeutics already. Fewer people are dying when they get sick. Far fewer people are dying. We've done a great job.",True,"[{""start"": 548, ""end"": 607, ""text"": ""We got the gowns. We got the masks. We made the ventilators"", ""reason_text"": """", ""reason_choices"": [""medicine""]}, {""start"": 720, ""end"": 761, ""text"": ""Fewer people are dying when they get sick"", ""reason_text"": """", ""reason_choices"": [""comparative/temporal"", ""medicine""]}]",
2020092900043,20200929_trump_biden,TRUMP,You don't know her view on Roe V. Wade? You don't know here view.,False,[],
2020092900037,20200929_trump_biden,TRUMP,You don't know what's on the ballot. Why is it on the ballot? Why is it on the ballot? It's not on the ballot.,False,[],
2020092900174,20200929_trump_biden,TRUMP,"You don't trust Johnson & Johnson, Pfizer?",False,[],
2020092900804,20200929_trump_biden,TRUMP,"You either do, Chris, a solicited ballot, where you're sending it in, they're sending it back and you're sending. They have mailmen with lots of it. Did you see what's going on? Take a look at West Virginia, mailman selling the ballots. They're being sold. They're being dumped in rivers. This is a horrible thing for our country.",True,"[{""start"": 237, ""end"": 255, ""text"": ""They're being sold"", ""reason_text"": """", ""reason_choices"": [""conspiracy"", ""politics""]}]",
2020092900800,20200929_trump_biden,TRUMP,You go and vote. You go and vote. . .,False,[],
2020092900517,20200929_trump_biden,TRUMP,You just don't know.,False,[],
2020092900110,20200929_trump_biden,TRUMP,"You just lost the left. You agreed with Bernie Sanders on a plan that you absolutely agreed to and under that plan [crosstalk], they call it socialized medicine.",True,"[{""start"": 24, ""end"": 54, ""text"": ""You agreed with Bernie Sanders"", ""reason_text"": ""support"", ""reason_choices"": [""stance/support"", ""politics""]}]",
2020092900777,20200929_trump_biden,TRUMP,You just lost the radical left. It's done. Oh you don't?,False,[],
2020092900824,20200929_trump_biden,TRUMP,"You know it can't be done. You know it can't, and already, there's been fraud deception and . . . .",False,[],
2020092900631,20200929_trump_biden,TRUMP,"You know what, Antifa is a dangerous radical group.",False,[],
2020092900715,20200929_trump_biden,TRUMP,"You know, that's not true either, right?",False,[],
2020092900733,20200929_trump_biden,TRUMP,You make up a lot.,False,[],
2020092900595,20200929_trump_biden,TRUMP,You mean I have to answer his stuff?,False,[],
2020092900219,20200929_trump_biden,TRUMP,"You probably play more than I do, Joe.",False,[],
2020092900638,20200929_trump_biden,TRUMP,You son got three and a half million dollars.,True,"[{""start"": 0, ""end"": 44, ""text"": ""You son got three and a half million dollars"", ""reason_text"": """", ""reason_choices"": [""numerical absolute"", ""personal life""]}]",
2020092900842,20200929_trump_biden,TRUMP,You think that's good?,False,[],
2020092900614,20200929_trump_biden,TRUMP,"You want to call them? What do you want to call them? Give me a name, give me a name, go ahead who would you like me to condemn.",False,[],
2020092900333,20200929_trump_biden,TRUMP,You were a Senator and [crosstalk]-,False,[],
2020092900031,20200929_trump_biden,TRUMP,"You would have been much later, Joe, much later.",False,[],
2020092900102,20200929_trump_biden,TRUMP,"You'd be surprised. You'd be surprised. Go ahead, Joe.",False,[],
2020092900191,20200929_trump_biden,TRUMP,You'll have the vaccine sooner than that.,False,[],
2020092900308,20200929_trump_biden,TRUMP,"You'll see it as soon as it's finished, you'll see it. You know, if you wanted to, go to the Board of Elections. There's 118 page or so report that says everything I have, every bank I have, I'm totally under leveraged because the assets are extremely good, and I built a great company.",True,"[{""start"": 113, ""end"": 170, ""text"": ""There's 118 page or so report that says everything I have"", ""reason_text"": """", ""reason_choices"": [""epistemic""]}]",
2020092900811,20200929_trump_biden,TRUMP,You're wrong. You're wrong. I love counting the votes. . .,False,[],
2020092900021,20200929_trump_biden,TRUMP,Your party doesn't say it. Your party wants to go socialist medicine and socialist healthcare.,False,[],
2024091000141,20240910_trump_harris,HARRIS,--including the importance of upholding and respecting in highest regard our military.,False,[],
2024091000211,20240910_trump_harris,HARRIS,--the past is prologue in terms of where Donald Trump stands on that.,False,[],
2024091000047,20240910_trump_harris,HARRIS,"Answer the question, would you veto--",False,[],
2024091000126,20240910_trump_harris,HARRIS,"Donald Trump was fired by 81 million people. So, let's be clear about that. And clearly, he is having a very difficult time processing that. But we cannot afford to have a President of the United States who attempts as he did in the past to upend the will of the voters in a free and fair election. And I'm gonna tell you that, uh, I have traveled the world as Vice President of the United States. And world leaders are laughing at Donald Trump. I have talked with military leaders, some of whom worked with you. And they say you're a disgrace. And when you then talk in this way in a presidential debate and deny what over and over again are court cases you have lost, because you did in fact lose that election, it leads one to believe that perhaps we do not have in the candidate to my right the temperament or, or the ability to not be confused about fact. That's deeply troubling. And the American people deserve better.",True,"[{""start"": 643, ""end"": 668, ""text"": ""court cases you have lost"", ""reason_text"": """", ""reason_choices"": [""crime/law"", ""personal life""]}]",
2024091000139,20240910_trump_harris,HARRIS,"Heh, well, that's absolutely not true. I have my entire career and life supported Israel and the Israeli people. He knows that. He's trying to again divide and and distract from the reality, which is it is very well known that Donald Trump is weak and wrong on national security and foreign policy. It is well known that he admires dictators, wants to be a dictator on day one according to himself. It is well known that he said of Putin that he can do whatever the hell he wants and go into Ukraine. It is well known that he said when Russia went into Ukraine it was brilliant. It is well known he exchanged love letters with Kim Jong Un. And it is absolutely well known that these dictators and autocrats are rooting for you to be president again because they're so clear, they can manipulate you with flattery and favors. And that is why so many military leaders who you have worked with have told me you are a disgrace. That is why we understand that we have to have a president who is not consistently weak and wrong on national security--",True,"[{""start"": 39, ""end"": 111, ""text"": ""I have my entire career and life supported Israel and the Israeli people"", ""reason_text"": """", ""reason_choices"": [""stance/support"", ""geopolitics""]}, {""start"": 321, ""end"": 397, ""text"": ""he admires dictators, wants to be a dictator on day one according to himself"", ""reason_text"": """", ""reason_choices"": [""attribution"", ""politics""]}, {""start"": 421, ""end"": 499, ""text"": ""he said of Putin that he can do whatever the hell he wants and go into Ukraine"", ""reason_text"": """", ""reason_choices"": [""attribution"", ""geopolitics""]}, {""start"": 523, ""end"": 577, ""text"": ""he said when Russia went into Ukraine it was brilliant"", ""reason_text"": """", ""reason_choices"": [""attribution"", ""geopolitics""]}, {""start"": 677, ""end"": 748, ""text"": ""these dictators and autocrats are rooting for you to be president again"", ""reason_text"": """", ""reason_choices"": [""attribution"", ""politics"", ""geopolitics""]}]",
2024091000040,20240910_trump_harris,HARRIS,"I absolutely support reinstating the protections of Roe v. Wade. And as you rightly mentioned, nowhere in America is a woman carrying a pregnancy to term and, and, and asking for an abortion. That is not happening. It's insulting to the women of America. And understand what has been happening under Donald Trump's abortion bans. Couples who pray and, and, and dream of having a family are being denied IVF treatments. What is happening in our country, working people, working women who are working one or two jobs, who can barely afford childcare as it is, have to travel to another state--to get on a plane sitting next to strangers--to go and get the health care she needs. Barely can afford to do it, and what you are putting her through is unconscionable. And the people of America have not--the, the majority of Americans believe in a woman's right to make decisions about her own body. And that is why in every state where this issue has been on the ballot, in red and blue states both, the people of America have voted for freedom.",True,"[{""start"": 95, ""end"": 190, ""text"": ""nowhere in America is a woman carrying a pregnancy to term and, and, and asking for an abortion"", ""reason_text"": """", ""reason_choices"": [""abortion""]}, {""start"": 390, ""end"": 417, ""text"": ""being denied IVF treatments"", ""reason_text"": """", ""reason_choices"": [""medicine""]}, {""start"": 802, ""end"": 891, ""text"": ""the majority of Americans believe in a woman's right to make decisions about her own body"", ""reason_text"": """", ""reason_choices"": [""statistic"", ""gender equality"", ""abortion""]}, {""start"": 909, ""end"": 1038, ""text"": ""in every state where this issue has been on the ballot, in red and blue states both, the people of America have voted for freedom"", ""reason_text"": """", ""reason_choices"": [""politics"", ""gender equality""]}]",
2024091000189,20240910_trump_harris,HARRIS,"I think it's, I mean honestly, I think it's a tragedy that we have someone who wants to be President who has consistently over the course of his career attempted to use race to divide the American people. You know, I do believe that the vast majority of us know that we have so much more in common than what separates us. And we don't want this kind of approach that is just constantly trying to divide us, and especially by race. And let's remember how Donald Trump started. He was a, a, a—land, he owned land, he owned buildings, and he was investigated because he refused to rent property to Black families. Let's remember, this is the same individual who took out a full-page ad in The New York Times calling for the execution of five young Black and Latino boys who were innocent, the Central Park Five. Took out a full-page ad calling for their execution. This is the same individual who spread birther lies about the first Black President of the United States. And I think the American people want better than that. Want better than this. Want someone who understands as I do, I travel our country, we see in each other a friend. We see in each other a neighbor. We don't want a leader who is constantly trying to have Americans point their fingers at each other. I meet with people all the time who tell me ""Can we please just have discourse about how we're going to invest in the aspirations and the ambitions and the dreams of the American people?"" Knowing that regardless of people's color or the language their grandmother speaks we all have the same dreams and aspirations and want a president who invests in those, not in hate and division.",True,"[{""start"": 536, ""end"": 609, ""text"": ""he was investigated because he refused to rent property to Black families"", ""reason_text"": """", ""reason_choices"": [""attribution"", ""ethnicity/race"", ""crime/law"", ""personal life""]}, {""start"": 659, ""end"": 807, ""text"": ""took out a full-page ad in The New York Times calling for the execution of five young Black and Latino boys who were innocent, the Central Park Five"", ""reason_text"": """", ""reason_choices"": [""attribution"", ""ethnicity/race"", ""crime/law"", ""personal life""]}, {""start"": 894, ""end"": 966, ""text"": ""spread birther lies about the first Black President of the United States"", ""reason_text"": """", ""reason_choices"": [""attribution"", ""ethnicity/race""]}]",
2024091000194,20240910_trump_harris,HARRIS,"I want to respond to that, though. I want to just respond briefly. Clearly, I am not Joe Biden. And I am certainly not Donald Trump. And what I do offer is a new generation of leadership for our country. One who believes in what is possible, one who brings a sense of optimism about what we can do instead of always disparaging the American people. I believe in what we can do to strengthen our small businesses, which is why I have a plan. Let's talk about our plans. And, and let's compare the plans. I have a plan to give startup businesses $50,000 tax deduction, to pursue their ambitions, their innovation, their ideas, their hard work. I have a plan. $6,000 for young families for the first year of your child's life. To help you in that most critical stage of your child's development. I have a plan that is about allowing people to be able to pursue what has been fleeting in terms of the American dream, by offering a help with down payment of $25,000, down payment assistance for first-time home buyers. That's the kind of conversation I believe, David, that people really want tonight as opposed to a conversation that is constantly about belittling and name-calling. Let's turn the page and move forward.",False,[],
2024091000108,20240910_trump_harris,HARRIS,"I was at the Capitol on January 6th. I was the Vice President-Elect. I was also an acting senator. I was there. And on that day, the President of the United States incited a violent mob to attack our nation's Capitol, to desecrate our nation's Capitol. On that day, 140 law enforcement officers were injured. And some died. And understand, the former President has been indicted and impeached for exactly that reason. But this is not an isolated situation. Let's remember Charlottesville, where there was a mob of people carrying tiki torches, spewing antisemitic hate, and what did the President then at the time say? There were fine people on each side. Let's remember that when it came to the Proud Boys, a militia, the President said, the former President said, ""Stand back and stand by."" So for everyone watching who remembers what January 6th was, I say we don't have to go back. Let's not go back. We're not going back. It's time to turn the page. And if that was a bridge too far for you, well, there is a place in our campaign for you. To stand for country. To stand for our democracy. To stand for rule of law. And to end the chaos. And to end the approach that is about attacking the foundations of our democracy 'cause you don't like the outcome. And be clear on that point. Donald Trump the candidate has said in this election there will be a bloodbath, if this--and the outcome of this election is not to his liking. Let's turn the page on this. Let's not go back. Let's chart a course for the future and not go backwards to the past.",True,"[{""start"": 0, ""end"": 35, ""text"": ""I was at the Capitol on January 6th"", ""reason_text"": """", ""reason_choices"": [""politics"", ""other""]}, {""start"": 116, ""end"": 216, ""text"": ""on that day, the President of the United States incited a violent mob to attack our nation's Capitol"", ""reason_text"": """", ""reason_choices"": [""politics""]}, {""start"": 253, ""end"": 322, ""text"": ""On that day, 140 law enforcement officers were injured. And some died"", ""reason_text"": """", ""reason_choices"": [""numerical absolute"", ""vague quantitative"", ""crime/law""]}, {""start"": 472, ""end"": 568, ""text"": ""Charlottesville, where there was a mob of people carrying tiki torches, spewing antisemitic hate"", ""reason_text"": """", ""reason_choices"": [""other""]}, {""start"": 574, ""end"": 654, ""text"": ""what did the President then at the time say? There were fine people on each side"", ""reason_text"": ""unsure since he-said"", ""reason_choices"": [""attribution""]}, {""start"": 676, ""end"": 792, ""text"": ""when it came to the Proud Boys, a militia, the President said, the former President said, \""Stand back and stand by.\"""", ""reason_text"": """", ""reason_choices"": [""attribution""]}, {""start"": 1287, ""end"": 1429, ""text"": ""Donald Trump the candidate has said in this election there will be a bloodbath, if this--and the outcome of this election is not to his liking"", ""reason_text"": """", ""reason_choices"": [""attribution""]}]",
2024091000005,20240910_trump_harris,HARRIS,Kamala Harris. Let's have a good debate.,False,[],
2024091000223,20240910_trump_harris,HARRIS,"So I think you've heard tonight two very different visions for our country. One that is focused on the future and the other that is focused on the past. And an attempt to take us backward. But we're not going back. And I do believe that the American people know we all have so much more in common than what separates us, and we can chart a new way forward. And a vision of that includes having a plan, understanding the aspirations, the dreams, the hopes, the ambition of the American people, which is why I intend to create an opportunity economy, investing in small businesses, in new families, in what we can do around protecting seniors, what we can do that is about giving hard-working folks a break in bringing down the cost of living. I believe in what we can do together that is about sustaining America's standing in the world and ensuring we have the respect that we so rightly deserve including respecting our military and ensuring we have the most lethal fighting force in the world. I will be a President that will protect our fundamental rights and freedoms including the right of a woman to make decisions about her own body and not have her government tell her what to do. I'll tell you, I started my career as a prosecutor. I was a D.A. I was an attorney general. A United States Senator. And now Vice President. I've only had one client. The people. And I'll tell you, as a prosecutor I never asked a victim or a witness are you a Republican or a Democrat. The only thing I ever asked them, are you okay? And that's the kind of president we need right now. Someone who cares about you and is not putting themselves first. I intend to be a president for all Americans and focus on what we can do over the next 10 and 20 years to build back up our country by investing right now in you the American people.",False,[],
2024091000053,20240910_trump_harris,HARRIS,"So I'm the only person on this stage who has prosecuted transnational criminal organizations for the trafficking of guns, drugs, and human beings. And let me say that the United States Congress, including some of the most conservative members of the United States Senate, came up with a border security bill which I supported. And that bill would have put fifteen hundred more border agents on the border to help those folks who are workin' there right now overtime trying to do their job. It would have allowed us to stem the flow of fentanyl coming into the United States. I know there are so many families watching tonight who have been personally affected by the surge of fentanyl in our country. That bill would have put more resources to allow us to prosecute transnational criminal organizations for trafficking in guns, drugs and human beings. But you know what happened to that bill? Donald Trump got on the phone, called up some folks in Congress, and said kill the bill. And you know why? Because he'd prefer to run on a problem instead of fixing a problem. And understand, this comes at a time where the people of our country actually need a leader who engages in solutions, who actually addresses the problems at hand. But what we have in the former president is someone who would prefer to run on a problem instead of fixing a problem. And I'll tell you something, he's going to talk about immigration a lot tonight even when it's not the subject that is being raised. And I'm going to actually do something really unusual and I'm going to invite you to attend one of Donald Trump's rallies because it's a really interesting thing to watch. You will see, during the course of his rallies he talks about fictional characters like Hannibal Lecter. He will talk about windmills cause cancer. And what you will also notice is that people start leaving his rallies early out of exhaustion and boredom. And I will tell you, the one thing you will not hear him talk about, is you. You will not hear him talk about your needs, your dreams, and your ne--your desires. And I'll tell ya, I believe you ne--deserve a president who actually puts you first. And I pledge to you that I will.",True,"[{""start"": 3, ""end"": 145, ""text"": ""I'm the only person on this stage who has prosecuted transnational criminal organizations for the trafficking of guns, drugs, and human beings"", ""reason_text"": """", ""reason_choices"": [""attribution"", ""crime/law""]}]",
2024091000020,20240910_trump_harris,HARRIS,"So, Donald Trump has no plan for you. And when you look at his economic plan, it's all about tax breaks for the richest people. I am offering what I describe as an opportunity economy, and the best economists in our country, if not the world, have reviewed our relative plans for the future of America. What Goldman Sachs has said is that Donald Trump's plan would make the economy worse. Mine would strengthen the economy. What the Wharton School has said is Donald Trump's plan would actually explode the deficit. Sixteen Nobel laureates have described his economic plan as something that would increase inflation and, by the middle of next year, would invite a recession. You just have to look at where we are and where we stand on the issues. And I'd invite you to know that Donald Trump actually has no plan for you, because he is more interested in defending himself than he is in looking out for you.",True,"[{""start"": 303, ""end"": 387, ""text"": ""What Goldman Sachs has said is that Donald Trump's plan would make the economy worse"", ""reason_text"": """", ""reason_choices"": [""vague quantitative"", ""attribution"", ""forecast/projection""]}, {""start"": 424, ""end"": 514, ""text"": ""What the Wharton School has said is Donald Trump's plan would actually explode the deficit"", ""reason_text"": """", ""reason_choices"": [""vague quantitative"", ""attribution"", ""forecast/projection""]}, {""start"": 516, ""end"": 673, ""text"": ""Sixteen Nobel laureates have described his economic plan as something that would increase inflation and, by the middle of next year, would invite a recession"", ""reason_text"": """", ""reason_choices"": [""vague quantitative"", ""attribution"", ""forecast/projection""]}]",
2024091000012,20240910_trump_harris,HARRIS,"So, I was raised as a middle-class kid. And I am actually the only person on this stage who has a plan that is about lifting up the middle class and working people of America. I believe in the ambition, the aspirations, the dreams of the American people. And that is why I imagine and have actually a plan to build what I call an opportunity economy. Because here's the thing. We know that we have a, a shortage of homes and housing, and the cost of housing is too expensive for far too many people. We know that young families need support to raise their children. And I intend on extending a tax cut for those families of $6,000, which is the largest child tax credit that we have given in a long time. So that those young families can afford to buy a crib, buy a car seat, buy clothes for their children. My passion, one of them, is small businesses. I was actually--my mother raised my sister and me but there was a woman who helped raise us. We call her our second mother. She was a small business owner. I love our small businesses. My plan is to give a $50,000 tax deduction to start up small businesses, knowing they are part of the backbone of America's economy. My opponent, on the other hand, his plan is to do what he has done before, which is to provide a tax cut for billionaires and big corporations, which will result in $5 trillion to America's deficit. My opponent has a plan that I call the Trump sales tax, which would be a 20% tax on everyday goods that you rely on to get through the month. Economists have said that that Trump's sales tax would actually result for middle-class families in about $4,000 more a year because of his policies and his ideas about what should be the backs of middle-class people paying for tax cuts for billionaires.",True,"[{""start"": 1316, ""end"": 1369, ""text"": ""which will result in $5 trillion to America's deficit"", ""reason_text"": """", ""reason_choices"": [""numerical absolute"", ""forecast/projection"", ""economy""]}, {""start"": 1427, ""end"": 1469, ""text"": ""which would be a 20% tax on everyday goods"", ""reason_text"": """", ""reason_choices"": [""numerical absolute"", ""forecast/projection"", ""economy""]}, {""start"": 1544, ""end"": 1637, ""text"": ""Trump's sales tax would actually result for middle-class families in about $4,000 more a year"", ""reason_text"": """", ""reason_choices"": [""numerical absolute"", ""comparative/temporal"", ""forecast/projection"", ""economy"", ""politics""]}]",
2024091000089,20240910_trump_harris,HARRIS,"So, my values have not changed. And I'm going to discuss every one--at least every point that you've made. But in particular, let's talk about fracking because we're here in Pennsylvania. I made that very clear in 2020. I will not ban fracking. I have not banned fracking as Vice President of the United States. And, in fact, I was the tie-breaking vote on the Inflation Reduction Act, which opened new leases for fracking. My position is that we have got to invest in diverse sources of energy so we reduce our reliance on foreign oil. We have had the largest increase in domestic oil production in history because of an approach that recognizes that we cannot over-rely on foreign oil. As it relates to my values, let me tell you, I grew up a middle-class kid raised by a hard-working mother who worked and saved and was able to buy our first home when I was a teenager. The values I bring to the importance of home ownership, knowing not everybody got handed $400 million on a silver platter and then filed bankruptcy six times, is a value that I bring to my work, to say we are going to work with the private sector and home builders to increase 3 million homes, increase by 3 million homes by the end of my first term. My work that is related to having a friend when I was in high school who was sexually assaulted by her stepfather. And my focus then, on protecting women and children from violent crime, is based on a value that is deeply grounded in the importance of standing up for those who are most vulnerable. My work that is about protecting social security and Medicare is based on long-standing work that I have done--protecting seniors from scams. My values have not changed. And what is important is that there is a president who actually brings values and a perspective that is about lifting people up and not beating people down and name-calling. The true measure of the leader is the leader who actually understands that strength is not in beating people down, it's in lifting people up. I intend to be that president.",True,"[{""start"": 245, ""end"": 310, ""text"": ""I have not banned fracking as Vice President of the United States"", ""reason_text"": """", ""reason_choices"": [""stance/support"", ""other""]}, {""start"": 326, ""end"": 422, ""text"": ""I was the tie-breaking vote on the Inflation Reduction Act, which opened new leases for fracking"", ""reason_text"": """", ""reason_choices"": [""stance/support"", ""other""]}, {""start"": 537, ""end"": 686, ""text"": ""We have had the largest increase in domestic oil production in history because of an approach that recognizes that we cannot over-rely on foreign oil"", ""reason_text"": """", ""reason_choices"": [""ranking"", ""other""]}, {""start"": 951, ""end"": 1030, ""text"": ""got handed $400 million on a silver platter and then filed bankruptcy six times"", ""reason_text"": """", ""reason_choices"": [""personal life""]}]",
2024091000092,20240910_trump_harris,HARRIS,That's not true. [crosstalk],False,[],
2024091000203,20240910_trump_harris,HARRIS,The former president has said something twice and I need to respond too. I just need to respond one time to what he has said multiple times.,False,[],
2024091000081,20240910_trump_harris,HARRIS,"Well let's talk about extreme. And understand the context in which this election in 2024 is taking place. The United States Supreme Court recently ruled that the former President would essentially be immune from any misconduct if he were to enter the White House again. Understand, this is someone who has openly said he would terminate, I'm quoting, terminate the Constitution of the United States. That he would weaponize the Department of Justice against his political enemies. Someone who has openly expressed disdain for members of our military. Understand what it would mean if Donald Trump were back in the White House with no guardrails. Because certainly, we know now the Court won't stop him. We know J.D. Vance is not gonna stop him. It's up to the American people to stop him.",True,"[{""start"": 106, ""end"": 268, ""text"": ""The United States Supreme Court recently ruled that the former President would essentially be immune from any misconduct if he were to enter the White House again"", ""reason_text"": """", ""reason_choices"": [""attribution"", ""politics""]}, {""start"": 302, ""end"": 398, ""text"": ""has openly said he would terminate, I'm quoting, terminate the Constitution of the United States"", ""reason_text"": """", ""reason_choices"": [""attribution"", ""politics""]}, {""start"": 400, ""end"": 479, ""text"": ""That he would weaponize the Department of Justice against his political enemies"", ""reason_text"": """", ""reason_choices"": [""attribution"", ""politics""]}, {""start"": 493, ""end"": 549, ""text"": ""has openly expressed disdain for members of our military"", ""reason_text"": """", ""reason_choices"": [""attribution"", ""defense/military""]}]",
2024091000077,20240910_trump_harris,HARRIS,"Well, I think this is so rich. Coming from someone who has been prosecuted for national security crimes, economic crimes, election interference, has been found liable for sexual assault, and his next big court appearance is in November at his own criminal sentencing. And let's be clear where each person stands on the issue of what is important about respect for the rule of law and respect for law enforcement. The former Vice President [sic] called for defunding, federal law enforcement, 45,000 agents, get this, on the day after he was arraigned on 34 felony counts. So let's talk about what is important in this race. It is important that we move forward, that we turn the page on this same old tired rhetoric. And address the needs of the American people, address what we need to do about the housing shortage, which I have a plan for. Address what we must do to support our small businesses. Address bringing down the price of groceries. But frankly, the American people are exhausted with the same old tired playbook.",True,"[{""start"": 43, ""end"": 266, ""text"": ""someone who has been prosecuted for national security crimes, economic crimes, election interference, has been found liable for sexual assault, and his next big court appearance is in November at his own criminal sentencing"", ""reason_text"": """", ""reason_choices"": [""crime/law"", ""personal life""]}, {""start"": 413, ""end"": 570, ""text"": ""The former Vice President [sic] called for defunding, federal law enforcement, 45,000 agents, get this, on the day after he was arraigned on 34 felony counts"", ""reason_text"": """", ""reason_choices"": [""attribution"", ""crime/law"", ""personal life""]}]",
2024091000179,20240910_trump_harris,HARRIS,"Well, I will tell you, I agreed with President Biden's decision to pull out of Afghanistan. Four presidents said they would, and Joe Biden did. And as a result, America's taxpayers are not paying the $300 million a day we were paying for that endless war. And as of today, there is not one member of the United States military who is in active duty in a combat zone in any war zone around the world--the first time this century. But let's understand how we got to where we are. Donald Trump when he was President negotiated one of the weakest deals you can imagine. He calls himself a dealmaker. Even his National Security Adviser said it was a weak, terrible deal. And here's how it went down. He bypassed the Afghan government. He negotiated directly with a terrorist organization called the Taliban. The negotiation involved the Taliban getting 5,000 terrorists, Taliban terrorists, released. And get this--no, get this. And the President at the time invited the Taliban to Camp David. A place of storied significance for us as Americans, a place where we honor the importance of American diplomacy, where we invite and receive respected world leaders. And this former President as President invited them to Camp David because he does not again appreciate the role and responsibility of the President of the United States to be Commander in Chief with a level of respect. And this gets back to the point of how he has consistently disparaged and demeaned members of our military, fallen soldiers, and the work that we must do to uphold the strength and the respect of the United States of America around the world.",True,"[{""start"": 23, ""end"": 90, ""text"": ""I agreed with President Biden's decision to pull out of Afghanistan"", ""reason_text"": """", ""reason_choices"": [""stance/support"", ""politics"", ""geopolitics"", ""defense/military""]}, {""start"": 148, ""end"": 254, ""text"": ""as a result, America's taxpayers are not paying the $300 million a day we were paying for that endless war"", ""reason_text"": """", ""reason_choices"": [""numerical absolute"", ""causation"", ""economy"", ""politics"", ""geopolitics"", ""defense/military""]}, {""start"": 273, ""end"": 398, ""text"": ""there is not one member of the United States military who is in active duty in a combat zone in any war zone around the world"", ""reason_text"": """", ""reason_choices"": [""numerical absolute"", ""politics"", ""geopolitics"", ""defense/military""]}, {""start"": 400, ""end"": 427, ""text"": ""the first time this century"", ""reason_text"": """", ""reason_choices"": [""ranking""]}, {""start"": 695, ""end"": 894, ""text"": ""He bypassed the Afghan government. He negotiated directly with a terrorist organization called the Taliban. The negotiation involved the Taliban getting 5,000 terrorists, Taliban terrorists, released"", ""reason_text"": """", ""reason_choices"": [""numerical absolute"", ""attribution"", ""geopolitics"", ""terrorism""]}, {""start"": 928, ""end"": 987, ""text"": ""the President at the time invited the Taliban to Camp David"", ""reason_text"": """", ""reason_choices"": [""attribution"", ""geopolitics""]}, {""start"": 1160, ""end"": 1221, ""text"": ""this former President as President invited them to Camp David"", ""reason_text"": """", ""reason_choices"": [""attribution"", ""geopolitics""]}]",
2024091000016,20240910_trump_harris,HARRIS,"Well, I would love to. Let's talk about what Donald Trump left us. Donald Trump left us the worst unemployment since the Great Depression. Donald Trump left us the worst public health epidemic in a century. Donald Trump left us the worst attack on our democracy since the Civil War. And what we have done is clean up Donald Trump's mess. What we have done and what I intend to do is build on what we know are the aspirations and the hopes of the American people. But I'm going to tell you all, in this debate tonight, you're gonna hear from the same old, tired playbook, a bunch of lies, grievances and name-calling. What you're gonna hear tonight is a detailed and dangerous plan called Project 2025 that the former president intends on implementing if he were elected again. I believe very strongly that the American people want a president who understands the importance of bringing us together knowing we have so much more in common than what separates us. And I pledge to you to be a president for all Americans.",True,"[{""start"": 67, ""end"": 137, ""text"": ""Donald Trump left us the worst unemployment since the Great Depression"", ""reason_text"": """", ""reason_choices"": [""ranking"", ""attribution"", ""economy""]}, {""start"": 139, ""end"": 205, ""text"": ""Donald Trump left us the worst public health epidemic in a century"", ""reason_text"": """", ""reason_choices"": [""ranking"", ""attribution"", ""medicine""]}, {""start"": 207, ""end"": 281, ""text"": ""Donald Trump left us the worst attack on our democracy since the Civil War"", ""reason_text"": """", ""reason_choices"": [""ranking"", ""attribution"", ""politics""]}, {""start"": 676, ""end"": 775, ""text"": ""plan called Project 2025 that the former president intends on implementing if he were elected again"", ""reason_text"": """", ""reason_choices"": [""stance/support"", ""politics""]}]",
2024091000032,20240910_trump_harris,HARRIS,"Well, as I said, you're going to hear a bunch of lies. And that's not actually a surprising fact. Let's understand how we got here. Donald Trump hand-selected three members of the United States Supreme Court with the intention that they would undo the protections of Roe v. Wade. And they did exactly as he intended. And now in over 20 states there are Trump abortion bans which make it criminal for a doctor or nurse to provide health care. In one state it provides prison for life. Trump abortion bans that make no exception even for rape and incest. Which, understand what that means: A survivor of a crime of violation to their body, does not have the right to make a decision about what happens to their body next. That is immoral. And one does not have to abandon their faith or deeply held beliefs to agree the government, and Donald Trump certainly, should not be telling a woman what to do with her body. I have talked with women around our country. You wanna talk about this is what people wanted? Pregnant women who want to carry a pregnancy to term suffering from a miscarriage, being denied care in an emergency room because the health care providers are afraid they might go to jail and she's bleeding out in a car in the parking lot? She didn't want that. Her husband didn't want that. A 12 or 13-year-old survivor of incest being forced to carry a pregnancy to term? They don't want that. And I pledge to you when Congress passes a bill to put back in place the protections of Roe v. Wade as President of the United States, I will proudly sign it into law. But understand, if Donald Trump were to be re-elected, he will sign a national abortion ban. Understand, in his Project 2025 there would be a national abortion--a monitor that would be monitoring your pregnancies, your miscarriages. I think the American people believe that certain freedoms, in particular the freedom to make decisions about one's own body, should not be made by the government.",True,"[{""start"": 132, ""end"": 278, ""text"": ""Donald Trump hand-selected three members of the United States Supreme Court with the intention that they would undo the protections of Roe v. Wade"", ""reason_text"": """", ""reason_choices"": [""attribution"", ""politics"", ""abortion""]}, {""start"": 325, ""end"": 440, ""text"": ""in over 20 states there are Trump abortion bans which make it criminal for a doctor or nurse to provide health care"", ""reason_text"": """", ""reason_choices"": [""numerical absolute"", ""abortion"", ""medicine""]}, {""start"": 442, ""end"": 482, ""text"": ""In one state it provides prison for life"", ""reason_text"": """", ""reason_choices"": [""numerical absolute"", ""crime/law""]}, {""start"": 484, ""end"": 551, ""text"": ""Trump abortion bans that make no exception even for rape and incest"", ""reason_text"": """", ""reason_choices"": [""abortion""]}, {""start"": 1678, ""end"": 1804, ""text"": ""in his Project 2025 there would be a national abortion--a monitor that would be monitoring your pregnancies, your miscarriages"", ""reason_text"": """", ""reason_choices"": [""conspiracy"", ""abortion""]}]",
2024091000209,20240910_trump_harris,HARRIS,"Well, first of all, I absolutely support and over the last four years as Vice President, private health care options. But what we need to do is maintain and grow the Affordable Care Act. But I, I'll get to that, Linsey. I just need to respond to a previous point that the former President has made. I've made very clear my position on fracking. And then this business about taking everyone's guns away. Tim Walz and I are both gun owners. We're not taking anybody's guns away. So stop with the continuous lying about this stuff. As it relates to the Affordable Care Act, understand, just look at the history to know where people stand. When Donald Trump was president, 60 times he tried to get rid of the Affordable Care Act. 60 times. I was a Senator at the time. When, I will never forget the early morning hours when it was up for a vote in the United States Senate and the late great John McCain, who you have disparaged as being--uh, you don't like him, you said at the time, because he got caught, he was an American hero. The late great John McCain, I will never forget that night. Walked onto the Senate floor and said no, you don't. No, you don't. No, you don't get rid of the Affordable Care Act. You have no plan. And what the Affordable Care Act has done is eliminate the ability of insurance companies to deny people with pre-existing conditions. I don't have to tell the people watching tonight, you remember what that was like? Remember when an insurance company could deny if a child had asthma, if someone was a breast cancer survivor, if a grandparent had diabetes? And thankfully, as I've been Vice President and we over the last four years have strengthened the Affordable Care Act, we have allowed for the first time Medicare to negotiate drug prices on behalf of you the American people. Donald Trump said he was gonna allow Medicare to negotiate dr, drug prices. He never did. We did. And now we have capped the cost of insulin at $35 a month. Since I've been Vice President we have capped the cost of prescription medication for seniors at $2,000 a year. And when I am President we will do that for all people understanding that the value I bring to this is that access to health care should be a right and not just a privilege of those who can afford it. And the plan has to be to strengthen the Affordable Care Act, not get rid of it--",True,"[{""start"": 636, ""end"": 734, ""text"": ""When Donald Trump was president, 60 times he tried to get rid of the Affordable Care Act. 60 times"", ""reason_text"": """", ""reason_choices"": [""numerical absolute"", ""attribution"", ""medicine""]}, {""start"": 1886, ""end"": 1898, ""text"": ""He never did"", ""reason_text"": """", ""reason_choices"": [""attribution"", ""medicine""]}, {""start"": 1900, ""end"": 1906, ""text"": ""We did"", ""reason_text"": """", ""reason_choices"": [""attribution"", ""medicine""]}, {""start"": 1916, ""end"": 1965, ""text"": ""we have capped the cost of insulin at $35 a month"", ""reason_text"": """", ""reason_choices"": [""numerical absolute"", ""medicine""]}, {""start"": 1967, ""end"": 2077, ""text"": ""Since I've been Vice President we have capped the cost of prescription medication for seniors at $2,000 a year"", ""reason_text"": """", ""reason_choices"": [""numerical absolute"", ""medicine""]}]",
2024091000159,20240910_trump_harris,HARRIS,"Well, first of all, it's important to remind the former President you're not runnin' against Joe Biden, you're runnin' against me. I believe the reason that Donald Trump says that this war would be over within 24 hours is because he would just give it up. And that's not who we are as Americans. Let's understand what happened here. Uh, I actually met with Zelenskyy a few days before Russia invaded, tried through force to change territorial boundaries, to defy one of the most important international rules and norms, which is the importance of sovereignty and territorial integrity. And I met with President Zelenskyy. I shared with him American intelligence about how he could defend himself. Days later I went to NATO's eastern flank, to Poland and Romania. And through the work that I and others did, we brought 50 countries together to support Ukraine in its righteous defense. And because of our support, because of the air defense, the ammunition, the artillery, the javelins, the Abrams tanks that we have provided, Ukraine stands as an independent and free country. If Donald Trump were President, Putin would be sitting in Kyiv right now. And understand what that would mean. Because Putin's agenda is not just about Ukraine. Understand why the European allies and our NATO allies are so thankful that you are no longer President and that we understand the importance of the greatest military alliance the world has ever known, which is NATO. And what we have done to preserve the ability of Zelenskyy and the Ukrainians to fight for their Independence. Otherwise, Putin would be sitting in Kyiv with his eyes on the rest of Europe. Starting with Poland. And why don't you tell the 800,000 Polish Americans right here in Pennsylvania how quickly you would give up, for the sake of favor and what you think is a friendship, with what is known to be a dictator who would eat you for lunch.",True,"[{""start"": 337, ""end"": 399, ""text"": ""I actually met with Zelenskyy a few days before Russia invaded"", ""reason_text"": """", ""reason_choices"": [""attribution"", ""geopolitics""]}, {""start"": 924, ""end"": 1024, ""text"": ""the air defense, the ammunition, the artillery, the javelins, the Abrams tanks that we have provided"", ""reason_text"": """", ""reason_choices"": [""attribution"", ""geopolitics""]}]",
2024091000025,20240910_trump_harris,HARRIS,"Well, let's be clear that the Trump administration resulted in a trade deficit, one of the highest we've ever seen in the history of America. He invited trade wars, you wanna talk about his deal with China--what he ended up doing is under Donald Trump's presidency he ended up selling American chips to China to help them improve and modernize their military. Basically sold us out, when a policy about China should be in making sure the United States of America wins the competition for the 21st century. Which means focusing on the details of what that requires, focusing on relationships with our allies; focusing on investing in American based technology so that we win the race on A.I., on quantum computing; focusing on what we need to do to support America's workforce, so that we don't end up having the--on the short end of the stick in terms of workers' rights. But what Donald Trump did, let's talk about this, with COVID, is he actually thanked President Xi for what he did during COVID. Look at his tweet. ""Thank you, President Xi,"" exclamation point. When we know that Xi was responsible for lacking and not giving us transparency about the origins of COVID.",True,"[{""start"": 26, ""end"": 78, ""text"": ""the Trump administration resulted in a trade deficit"", ""reason_text"": """", ""reason_choices"": [""economy""]}, {""start"": 80, ""end"": 140, ""text"": ""one of the highest we've ever seen in the history of America"", ""reason_text"": """", ""reason_choices"": [""ranking"", ""economy""]}, {""start"": 265, ""end"": 358, ""text"": ""he ended up selling American chips to China to help them improve and modernize their military"", ""reason_text"": """", ""reason_choices"": [""geopolitics"", ""defense/military""]}, {""start"": 937, ""end"": 998, ""text"": ""he actually thanked President Xi for what he did during COVID"", ""reason_text"": """", ""reason_choices"": [""attribution"", ""stance/support""]}, {""start"": 1083, ""end"": 1171, ""text"": ""Xi was responsible for lacking and not giving us transparency about the origins of COVID"", ""reason_text"": """", ""reason_choices"": [""conspiracy"", ""geopolitics"", ""medicine""]}]",
2024091000135,20240910_trump_harris,HARRIS,"Well, let's understand how we got here. On Oct. 7, Hamas, a terrorist organization, slaughtered twelve hundred Israelis. Many of them young people who were simply attending a concert. Women were horribly raped. And so absolutely, I said then, I say now, Israel has a right to defend itself. We would. And how it does so matters. Because it is also true, far too many innocent Palestinians have been killed. Children, mothers. What we know is that this war must end. It must when--end immediately, and the way it will end is we need a cease-fire deal and we need the hostages out. And so we will continue to work around the clock on that. Work around the clock also understanding that we must chart a course for a two-state solution. And in that solution, there must be security for the Israeli people and Israel and in equal measure for the Palestinians. But the one thing I will assure you always, I will always give Israel the ability to defend itself, in particular as it rates--relates to Iran and any threat that Iran and its proxies pose to Israel. But we must have a two-state solution where we can rebuild Gaza, where the Palestinians have security, self-determination and the dignity they so rightly deserve.",True,"[{""start"": 40, ""end"": 119, ""text"": ""On Oct. 7, Hamas, a terrorist organization, slaughtered twelve hundred Israelis"", ""reason_text"": """", ""reason_choices"": [""numerical absolute"", ""geopolitics"", ""terrorism""]}, {""start"": 121, ""end"": 182, ""text"": ""Many of them young people who were simply attending a concert"", ""reason_text"": """", ""reason_choices"": [""vague quantitative""]}, {""start"": 184, ""end"": 209, ""text"": ""Women were horribly raped"", ""reason_text"": """", ""reason_choices"": [""other""]}, {""start"": 367, ""end"": 424, ""text"": ""innocent Palestinians have been killed. Children, mothers"", ""reason_text"": """", ""reason_choices"": [""geopolitics""]}]",
2024091000217,20240910_trump_harris,HARRIS,"Well, the former President had said that climate change is a hoax. And what we know is that it is very real. You ask anyone who lives in a state who has experienced these extreme weather occurrences, who now is either being denied home insurance or is being jacked up. You ask anybody who has been um, the victim of what that means in terms of losing their home, having nowhere to go. We know that we can actually deal with this issue. The young people of America care deeply about this issue. And I am proud that as Vice President over the last four years we have invested a trillion dollars in a clean energy economy while we have also increased domestic gas production to historic levels. We have created over 800,000 new manufacturing jobs while I have been Vice President. We have invested in clean energy to the point that we are opening up factories around the world. Donald Trump said he was going to create manufacturing jobs. He lost manufacturing jobs. And I'm also proud to have the endorsement of the United Auto Workers and Shawn Fain, who also know that part of building a clean energy economy includes investing in American-made products, American automobiles. It includes growing what we can do around American manufacturing and opening up auto plants, not closing them like happened under Donald Trump.",True,"[{""start"": 6, ""end"": 65, ""text"": ""the former President had said that climate change is a hoax"", ""reason_text"": """", ""reason_choices"": [""attribution"", ""conspiracy"", ""stance/support"", ""environment""]}, {""start"": 218, ""end"": 267, ""text"": ""being denied home insurance or is being jacked up"", ""reason_text"": """", ""reason_choices"": [""economy"", ""environment""]}, {""start"": 532, ""end"": 618, ""text"": ""over the last four years we have invested a trillion dollars in a clean energy economy"", ""reason_text"": """", ""reason_choices"": [""numerical absolute"", ""environment""]}, {""start"": 625, ""end"": 690, ""text"": ""we have also increased domestic gas production to historic levels"", ""reason_text"": """", ""reason_choices"": [""vague quantitative"", ""ranking"", ""other""]}, {""start"": 692, ""end"": 776, ""text"": ""We have created over 800,000 new manufacturing jobs while I have been Vice President"", ""reason_text"": """", ""reason_choices"": [""numerical absolute"", ""economy""]}, {""start"": 936, ""end"": 962, ""text"": ""He lost manufacturing jobs"", ""reason_text"": """", ""reason_choices"": [""vague quantitative"", ""economy"", ""other""]}, {""start"": 1287, ""end"": 1319, ""text"": ""like happened under Donald Trump"", ""reason_text"": """", ""reason_choices"": [""economy"", ""other""]}]",
2024091000045,20240910_trump_harris,HARRIS,"Why, why don't you answer the question would you veto-– [crosstalk]",False,[],
2024091000171,20240910_trump_harris,HARRIS,"Yet again, I said it at the beginning of this debate, you're going to hear a bunch of lies coming from this fella. And that is another one. When I went to meet with President Zelenskyy, I've now met with him over five times. The reality is, it has been about standing as America always should, as a leader upholding international nul--rules and norms. As a leader who shows strength, understanding that the alliances we have around the world are dependent on our ability to look out for our friends and not favor our enemies, because you adore strongmen instead of caring about democracy. And that is very much what is at stake here. The President of the United States is Commander-in-Chief. And the American people have a right to rely on a president who understands the significance of America's role and responsibility in terms of ensuring that there is stability and ensuring we stand up for our principles and not sell them for the--for the benefit of personal flattery.",False,[],
2024091000067,20240910_trump_harris,HARRIS,"[laughing] Talk about extreme. [laughs] Um, you know, I uh, this is I think, one of the reasons why in this election I actually have the endorsement of 200 Republicans who have formally worked with President Bush, Mitt Romney, and John McCain including the endorsement of former Vice President Dick Cheney and Congressmember Liz Cheney. And if you wanna really know the inside track on who the former President is, if he didn't make it clear already, just ask people who have worked with him. His former Chief of Staff, a four-star general, has said he has contempt for the Constitution of the United States. His former National Security Adviser has said he is dangerous and unfit. His former Secretary of Defense has said the nation, the republic would never survive another Trump term. And when we listen to this kind of rhetoric, when the issues that affect the American people are not being addressed, I think the choice is clear in this election.",True,"[{""start"": 100, ""end"": 335, ""text"": ""in this election I actually have the endorsement of 200 Republicans who have formally worked with President Bush, Mitt Romney, and John McCain including the endorsement of former Vice President Dick Cheney and Congressmember Liz Cheney"", ""reason_text"": """", ""reason_choices"": [""numerical absolute"", ""attribution"", ""stance/support"", ""politics""]}, {""start"": 493, ""end"": 607, ""text"": ""His former Chief of Staff, a four-star general, has said he has contempt for the Constitution of the United States"", ""reason_text"": """", ""reason_choices"": [""attribution"", ""stance/support""]}, {""start"": 609, ""end"": 680, ""text"": ""His former National Security Adviser has said he is dangerous and unfit"", ""reason_text"": """", ""reason_choices"": [""attribution""]}, {""start"": 682, ""end"": 786, ""text"": ""His former Secretary of Defense has said the nation, the republic would never survive another Trump term"", ""reason_text"": """", ""reason_choices"": [""attribution"", ""politics""]}]",
2024091000110,20240910_trump_harris,TRUMP,"--I have said blood-bash--bath. It was a different term, and it was a term that related to energy, because they have destroyed our energy business. That was where bloodbath was. Also, on Charlottesville, that story has been as you would say, debunked. Laura Ingraham, Sean Hannity, Jesse--all of these people, they covered it. If they go an extra sentence, they will see it was perfect. It was debunked in almost every newspaper. But they still bring it up, just like they bring 2025 up. They bring all of this stuff up. I ask you this. You talk about the Capitol. Why are we allowing these millions of people to come through on the southern border? How come she's not doing the--and I'll tell you what I would do. And I would be very proud to do it. I would say we would both leave this debate right now, I'd like to see her go down to Washington, D.C. during this debate 'cause we're wasting a lot of time. Go down to--because she's been so bad, it's so ridiculous. Go down to Washington, D.C. And let her sign a bill [sic] to close up the border. Because they have the right to do it. They don't need bills. They have the right to do it. The President of the United States, you'll get him out of bed. You'll wake him up at 4:00 in the afternoon--",True,"[{""start"": 117, ""end"": 146, ""text"": ""destroyed our energy business"", ""reason_text"": """", ""reason_choices"": [""vague quantitative"", ""economy"", ""other""]}, {""start"": 187, ""end"": 250, ""text"": ""Charlottesville, that story has been as you would say, debunked"", ""reason_text"": """", ""reason_choices"": [""epistemic""]}, {""start"": 387, ""end"": 428, ""text"": ""It was debunked in almost every newspaper"", ""reason_text"": """", ""reason_choices"": [""epistemic""]}, {""start"": 576, ""end"": 648, ""text"": ""allowing these millions of people to come through on the southern border"", ""reason_text"": """", ""reason_choices"": [""numerical absolute"", ""immigration""]}, {""start"": 1093, ""end"": 1109, ""text"": ""don't need bills"", ""reason_text"": """", ""reason_choices"": [""politics""]}]",
2024091000215,20240910_trump_harris,TRUMP,--People are paying privately for insurance that have worked hard and made money and they want to have private. She wants everybody to be on government insurance where you wait six months for an operation that you need immediately.,True,"[{""start"": 141, ""end"": 230, ""text"": ""government insurance where you wait six months for an operation that you need immediately"", ""reason_text"": """", ""reason_choices"": [""numerical absolute"", ""medicine""]}]",
2024091000114,20240910_trump_harris,TRUMP,"--Those people are killing many people, unlike J-6.",True,"[{""start"": 2, ""end"": 38, ""text"": ""Those people are killing many people"", ""reason_text"": """", ""reason_choices"": [""vague quantitative"", ""crime/law""]}, {""start"": 40, ""end"": 50, ""text"": ""unlike J-6"", ""reason_text"": """", ""reason_choices"": [""vague quantitative"", ""politics"", ""crime/law""]}]",
2024091000036,20240910_trump_harris,TRUMP,"--Well, I won't have to because again--two things. Number one, she said she'll go back to Congress. She'll never get the vote. It's impossible for her to get the vote. Especially now with a 50-50 in--essentially 50-50 in both Senate and the House. She's not gonna get the vote. She can't get the vote. She won't even come close to it. So it's just talk. You know what it reminds me of? When they said they're gonna get student loans terminated and it ended up being a total catastrophe. The student loans--and then her--I think probably her boss, if you call 'em a boss, he spends all his time on the beach--but look, her boss went out and said we'll do it again, we'll do it a different way. He went out, got rejected again by the Supreme Court. So all these students got uh, taunted with this whole thing about--this whole idea. And how unfair that would have been-- part of the reason they lost--to the millions and millions of people that hadda pay off their student loans. They didn't get it for free. But they were saying--it's the same way that they talked about that, that they talk about abortion.",False,[],
2024091000169,20240910_trump_harris,TRUMP,"--and that's the kind of talent we have with her. She's worse than Biden. In my opinion, I think he's the worst president in the history of our country. She goes down as the worst Vice President in the history of our country. But let me tell you something. She is a horrible negotiator. They sent her in to negotiate. As soon as they left Putin did the invasion.",True,"[{""start"": 287, ""end"": 361, ""text"": ""They sent her in to negotiate. As soon as they left Putin did the invasion"", ""reason_text"": """", ""reason_choices"": [""attribution"", ""geopolitics""]}]",
2024091000132,20240910_trump_harris,TRUMP,--because I think we're going to do pretty well.,False,[],
2024091000063,20240910_trump_harris,TRUMP,--but the people on television say their dog was eaten by the people that went there.,True,"[{""start"": 35, ""end"": 84, ""text"": ""their dog was eaten by the people that went there"", ""reason_text"": """", ""reason_choices"": [""conspiracy"", ""immigration""]}]",
2024091000075,20240910_trump_harris,TRUMP,"--excuse me, the FBI defraud--they were defrauding statements. They, they didn't include the worst cities. They didn't include the cities with the worst crime. It was a, a fraud. Just like their number of 818,000 jobs that they said they created turned out to be a fraud.",True,"[{""start"": 13, ""end"": 158, ""text"": ""the FBI defraud--they were defrauding statements. They, they didn't include the worst cities. They didn't include the cities with the worst crime"", ""reason_text"": """", ""reason_choices"": [""conspiracy"", ""crime/law""]}, {""start"": 189, ""end"": 270, ""text"": ""their number of 818,000 jobs that they said they created turned out to be a fraud"", ""reason_text"": """", ""reason_choices"": [""numerical absolute"", ""conspiracy"", ""economy""]}]",
2024091000145,20240910_trump_harris,TRUMP,--gets paid a lot of money --,False,[],
2024091000153,20240910_trump_harris,TRUMP,--that doesn't know he's alive.,False,[],
2024091000061,20240910_trump_harris,TRUMP,--the people on television say my dog was taken and used for food. So maybe he said that and maybe that's a good thing to say for a city manager.,True,"[{""start"": 31, ""end"": 65, ""text"": ""my dog was taken and used for food"", ""reason_text"": """", ""reason_choices"": [""conspiracy""]}]",
2024091000097,20240910_trump_harris,TRUMP,--these are not good things for the environment that she understands.,True,"[{""start"": 2, ""end"": 47, ""text"": ""these are not good things for the environment"", ""reason_text"": """", ""reason_choices"": [""environment""]}]",
2024091000086,20240910_trump_harris,TRUMP,--with the fake Russia Russia Russia investigation that went nowhere.,True,"[{""start"": 7, ""end"": 68, ""text"": ""the fake Russia Russia Russia investigation that went nowhere"", ""reason_text"": """", ""reason_choices"": [""conspiracy"", ""politics"", ""geopolitics"", ""crime/law""]}]",
2024091000112,20240910_trump_harris,TRUMP,"--you'll say come on; come on down to the office, let's sign a bill. If he--if he signs a bill that the border is closed, all he has to do is say it to the border patrol, who are phenomenal. If they do that, the border is closed.--",False,[],
2024091000050,20240910_trump_harris,TRUMP,"And probably after birth. Just look at the governor, former governor of Virginia. The governor of Virginia said we put the baby aside and then we determine what we want to do with the baby.",True,"[{""start"": 82, ""end"": 188, ""text"": ""The governor of Virginia said we put the baby aside and then we determine what we want to do with the baby"", ""reason_text"": """", ""reason_choices"": [""attribution"", ""abortion""]}]",
2024091000183,20240910_trump_harris,TRUMP,"And these people did the worst withdrawal and in my opinion the most embarrassing moment in the history of our country. And by the way, that's why Russia attacked Ukraine. Because they saw how incompetent she and her boss are.",False,[],
2024091000130,20240910_trump_harris,TRUMP,"But he had 14 million votes. They threw 'im out. She got zero votes. And when she ran, she was the first one to leave because she failed. And now she's running. I don't understand it but I'm okay with it-–",True,"[{""start"": 4, ""end"": 27, ""text"": ""he had 14 million votes"", ""reason_text"": """", ""reason_choices"": [""numerical absolute"", ""politics""]}, {""start"": 49, ""end"": 67, ""text"": ""She got zero votes"", ""reason_text"": """", ""reason_choices"": [""numerical absolute"", ""politics""]}]",
2024091000102,20240910_trump_harris,TRUMP,"David. But when are those, David, when are those people going to be prosecuted? When are the people that burned down Minneapolis going to be prosecuted? Or in Seattle? They went into Seattle, they took over a big percentage of the city of Seattle. When are those people going to be prosecuted?",True,"[{""start"": 192, ""end"": 246, ""text"": ""they took over a big percentage of the city of Seattle"", ""reason_text"": """", ""reason_choices"": [""vague quantitative"", ""statistic"", ""immigration""]}]",
2024091000042,20240910_trump_harris,TRUMP,"Excuse me, I have to respond. Another lie. It's another lie. I have been a leader on IVF which is fertilization. The IVF--I have been a leader. In fact, when they got a very negative decision on IVF from the Alabama courts, I saw the people of Alabama and the legislature two days later voted it in. I've been a leader on it. They know that and everybody else knows it. I have been a leader on fertilization, IVF. And the other thing, they--you should ask, will she allow abortion in the eighth month, ninth month, seventh month?",True,"[{""start"": 61, ""end"": 88, ""text"": ""I have been a leader on IVF"", ""reason_text"": """", ""reason_choices"": [""stance/support"", ""medicine""]}, {""start"": 370, ""end"": 412, ""text"": ""I have been a leader on fertilization, IVF"", ""reason_text"": """", ""reason_choices"": [""stance/support"", ""medicine""]}]",
2024091000079,20240910_trump_harris,TRUMP,"Excuse me. Every one of those cases was started by them against their political opponent. And I'm winning most of them and I will win the rest on appeal. And you saw that with the decision that came down just recently from the Supreme Court. I'm winning most of 'em. But those are cases, it's called weaponization. Never happened in this country. They weaponized the Justice Department. Every one of those cases was involved with the DOJ, from Atlanta and Fani Willis--to, to the uh Attorney General of New York and the D.A. In New York. Every one of those cases. And then they say, ""Oh, he was--he's a criminal."" They're the ones that made them go after me. By the way, Joe Biden was found essentially guilty on the documents case. And what happened in my documents case? They said ""Oh, that's the toughest of them all."" A complete and total victory. Two months ago it was thrown out. It's weaponization. And they used it. And it's never happened in this country. They used it to try and win an election. They're fake cases.",True,"[{""start"": 11, ""end"": 88, ""text"": ""Every one of those cases was started by them against their political opponent"", ""reason_text"": """", ""reason_choices"": [""politics"", ""crime/law""]}, {""start"": 387, ""end"": 536, ""text"": ""Every one of those cases was involved with the DOJ, from Atlanta and Fani Willis--to, to the uh Attorney General of New York and the D.A. In New York"", ""reason_text"": """", ""reason_choices"": [""politics"", ""crime/law""]}, {""start"": 671, ""end"": 731, ""text"": ""Joe Biden was found essentially guilty on the documents case"", ""reason_text"": """", ""reason_choices"": [""politics"", ""crime/law""]}, {""start"": 1006, ""end"": 1024, ""text"": ""They're fake cases"", ""reason_text"": """", ""reason_choices"": [""conspiracy"", ""politics"", ""crime/law""]}]",
2024091000057,20240910_trump_harris,TRUMP,"First let me respond as to the rallies. She said people start leaving. People don't go to her rallies. There's no reason to go. And the people that do go, she's busing 'em in and paying them to be there. And then showing them in a different light. So, she can't talk about that. People don't leave my rallies. We have the biggest rallies, the most incredible rallies in the history of politics. That's because people want to take their country back. Our country is being lost. We're a failing nation. And it happened three and a half years ago. And what, what's going on here, you're gonna end up in World War 3, just to go on to another subject. What they have done to our country by allowing these millions and millions of people to come into our country. And look at what's happening to the towns all over the United States. And a lotta towns don't want to talk--not gonna be Aurora or Springfield. A lotta towns don't want to talk about it because they're so embarrassed by it. In Springfield, they're eating the dogs. The people that came in. They're eating the cats. They're eating--they're eating the pets of the people that live there. And this is what's happening in our country. And it's a shame. As far as rallies are concerned, as far as--the reason they go is they like what I say. They wanna bring our country back. They wanna make America great again. It's a very simple phrase. Make America great again. She's destroying this country. And if she becomes President, this country doesn't have a chance of success. Not only success. We'll end up being Venezuela on steroids.",True,"[{""start"": 982, ""end"": 1142, ""text"": ""In Springfield, they're eating the dogs. The people that came in. They're eating the cats. They're eating--they're eating the pets of the people that live there"", ""reason_text"": """", ""reason_choices"": [""conspiracy"", ""immigration""]}]",
2024091000014,20240910_trump_harris,TRUMP,"First of all, I have no sales tax. That's an incorrect statement. She knows that. We're doing tariffs on other countries. Other countries are going to finally, after 75 years, pay us back for all that we've done for the world. And the tariff will be substantial in some cases. I took in billions and billions of dollars, as you know, from China. In fact, they never took the tariff off because it was so much money, they can't. It would totally destroy everything that they've set out to do. They're taking in billions of dollars from China and other places. They've left the tariffs on. When I had it, I had tariffs and yet I had no inflation. Uh, look, we've had a terrible economy because inflation has--which is really known as a country buster. It breaks up countries. We have inflation like very few people have ever seen before. Probably the worst in our nation's history. We were at 21%. But that's being generous because many things are 50, 60, 70, and 80% higher than they were just a few years ago. This has been a disaster for people, for the middle class, but for every class. On top of that, we have millions of people pouring into our country from prisons and jails, from mental institutions and insane asylums. And they're coming in and they're taking jobs that are occupied right now by African Americans and Hispanics and also unions. Unions are going to be affected very soon. And you see what's happening. You see what's happening with towns throughout the United States. You look at Springfield, Ohio. You look at Aurora in Colorado. They are taking over the towns. They're taking over buildings. They're going in violently. These are the people that she and Biden let into our country. And they're destroying our country. They're dangerous. They're at the highest level of criminality. And we have to get 'em out. We have to get 'em out fast. I created one of the greatest economies in the history of our country. I'll do it again and even better.",True,"[{""start"": 845, ""end"": 878, ""text"": ""the worst in our nation's history"", ""reason_text"": """", ""reason_choices"": [""ranking"", ""economy""]}, {""start"": 880, ""end"": 894, ""text"": ""We were at 21%"", ""reason_text"": """", ""reason_choices"": [""statistic""]}, {""start"": 930, ""end"": 1008, ""text"": ""many things are 50, 60, 70, and 80% higher than they were just a few years ago"", ""reason_text"": """", ""reason_choices"": [""statistic"", ""comparative/temporal""]}, {""start"": 1106, ""end"": 1225, ""text"": ""we have millions of people pouring into our country from prisons and jails, from mental institutions and insane asylums"", ""reason_text"": """", ""reason_choices"": [""conspiracy"", ""immigration""]}, {""start"": 1253, ""end"": 1351, ""text"": ""they're taking jobs that are occupied right now by African Americans and Hispanics and also unions"", ""reason_text"": """", ""reason_choices"": [""economy"", ""ethnicity/race"", ""immigration""]}, {""start"": 1763, ""end"": 1806, ""text"": ""They're at the highest level of criminality"", ""reason_text"": """", ""reason_choices"": [""immigration"", ""crime/law""]}]",
2024091000027,20240910_trump_harris,TRUMP,"First of all, they bought their chips from Taiwan. We hardly make chips anymore because of, uh, philosophies like they have and policies like they have. I don't say her because she has no policy. Everything that she believed three years ago and four years ago is out the window. She's going to my philosophy now. In fact, I was gonna send her a MAGA hat. She's gone to my philosophy. But, if she ever got elected, she'd change it. And it will be the end of our country. She's a Marxist. Everybody knows she's a Marxist. Her father's a Marxist professor in economics. And he taught her well. But when you look at what she's done to our country and when you look at these millions and millions of people that are pouring into our country monthly where it's, I believe 21 million people, not the 15 that people say, and I think it's a lot higher than the 21. That's bigger than New York state. Pouring in. And just look at what they're doing to our country. They're criminals. Many of these people coming in are criminals. And that's bad for our economy too. You know, you mentioned before, we'll talk about immigration later. Well, bad immigration is the worst thing that can happen to our economy. They have, and she has, destroyed our country with policy that's insane. Almost policy that you'd say they have to hate our country.",True,"[{""start"": 14, ""end"": 49, ""text"": ""they bought their chips from Taiwan"", ""reason_text"": """", ""reason_choices"": [""geopolitics""]}, {""start"": 470, ""end"": 485, ""text"": ""She's a Marxist"", ""reason_text"": """", ""reason_choices"": [""stance/support"", ""politics""]}, {""start"": 520, ""end"": 565, ""text"": ""Her father's a Marxist professor in economics"", ""reason_text"": """", ""reason_choices"": [""stance/support"", ""politics"", ""personal life""]}, {""start"": 670, ""end"": 743, ""text"": ""millions and millions of people that are pouring into our country monthly"", ""reason_text"": """", ""reason_choices"": [""numerical absolute"", ""immigration""]}, {""start"": 785, ""end"": 795, ""text"": ""not the 15"", ""reason_text"": """", ""reason_choices"": [""numerical absolute""]}, {""start"": 974, ""end"": 1018, ""text"": ""Many of these people coming in are criminals"", ""reason_text"": """", ""reason_choices"": [""vague quantitative"", ""immigration"", ""crime/law""]}]",
2024091000187,20240910_trump_harris,TRUMP,"I don't know. I don't know. All I can say is I read where she was not Black--that she put out. And, I'll say that. And then I read that she was Black. And that's okay. Either one was okay with me. That's up to her. That's up to her.",False,[],
2024091000185,20240910_trump_harris,TRUMP,"I don't. And I don't care. I don't care what she is. I don't care. Uh, you make a big deal out of something. I couldn't care less. Whatever she wants to be is okay with me.",False,[],
2024091000106,20240910_trump_harris,TRUMP,"I had nothing to do with that other than they asked me to make a speech. I showed up for a speech. I said, I think it's going to be big. I went to Nancy Pelosi and the mayor of Washington, D.C. And the mayor put it back in writing, as you know. I said, you know, this is gonna be a very big rally or whatever you want to call it. And again, it wasn't done by me. It was done by others. I said I'd like to give you 10,000 National Guard or soldiers. They rejected me. Nancy Pelosi rejected me. It was just two weeks ago, her daughter has a tape of her saying she is fully responsible for what happened. They want to get rid of that tape. It would have never happened if Nancy Pelosi and the mayor of Washington did their jobs. I wasn't responsible for security. Nancy Pelosi was responsible. She didn't do her job.",True,"[{""start"": 0, ""end"": 29, ""text"": ""I had nothing to do with that"", ""reason_text"": """", ""reason_choices"": [""attribution""]}, {""start"": 341, ""end"": 361, ""text"": ""it wasn't done by me"", ""reason_text"": """", ""reason_choices"": [""attribution""]}, {""start"": 520, ""end"": 600, ""text"": ""her daughter has a tape of her saying she is fully responsible for what happened"", ""reason_text"": """", ""reason_choices"": [""epistemic""]}, {""start"": 726, ""end"": 759, ""text"": ""I wasn't responsible for security"", ""reason_text"": """", ""reason_choices"": [""attribution""]}, {""start"": 761, ""end"": 789, ""text"": ""Nancy Pelosi was responsible"", ""reason_text"": """", ""reason_choices"": [""attribution""]}]",
2024091000207,20240910_trump_harris,TRUMP,I have concepts of a plan. I'm not President right now. But if we come up with something I would only change it if we come up with something that's better and less expensive. And there are concepts and options we we have to do that. And you'll be hearing about it in the not-too-distant future.,False,[],
2024091000161,20240910_trump_harris,TRUMP,I have to respond to her.,False,[],
2024091000163,20240910_trump_harris,TRUMP,I have to respond.,False,[],
2024091000120,20240910_trump_harris,TRUMP,"I said that sarcastically. You know that. It was said, oh we lost by a whisker. That was said sarcastically. Look, there's so much proof. All you have to do is look at it. And they shoulda sent it back to the legislatures for approval. I got almost 75 million votes. The most votes any sitting president has ever gotten. I was told if I got 63, which was what I got in 2016, you can't be beaten. The election, people should never be thinking about an election as fraudulent. We need two things. We need walls. We need--and we have to have it. We have to have borders. And we have to have good elections. Our elections are bad. And a lot of these illegal immigrants coming in, they're trying to get them to vote. They can't even speak English. They don't even know what country they're in practically. And these people are trying to get them to vote. And that's why they're allowing them to come into our country.",True,"[{""start"": 115, ""end"": 136, ""text"": ""there's so much proof"", ""reason_text"": """", ""reason_choices"": [""epistemic"", ""conspiracy"", ""politics""]}, {""start"": 236, ""end"": 265, ""text"": ""I got almost 75 million votes"", ""reason_text"": """", ""reason_choices"": [""numerical absolute"", ""politics""]}, {""start"": 267, ""end"": 319, ""text"": ""The most votes any sitting president has ever gotten"", ""reason_text"": """", ""reason_choices"": [""ranking"", ""politics""]}, {""start"": 631, ""end"": 710, ""text"": ""a lot of these illegal immigrants coming in, they're trying to get them to vote"", ""reason_text"": """", ""reason_choices"": [""conspiracy"", ""politics"", ""immigration""]}, {""start"": 805, ""end"": 911, ""text"": ""these people are trying to get them to vote. And that's why they're allowing them to come into our country"", ""reason_text"": """", ""reason_choices"": [""causation"", ""conspiracy"", ""politics"", ""immigration""]}]",
2024091000155,20240910_trump_harris,TRUMP,I think it's in the U.S. best interest to get this war finished and f--just get it done.,False,[],
2024091000149,20240910_trump_harris,TRUMP,"I want the war to stop. I wanna save lives that are being uselessly--people being killed by the millions. It's the millions. It's so much worse than the numbers that you're getting, which are fake numbers. Look, we're in for 250 billion or more, because they don't ask Europe, which is a much bigger beneficiary to getting this thing done than we are. They're in for $150 billion less because Biden and you don't have the courage to ask Europe like I did with NATO. They paid billions and billions, hundreds of billions of dollars when I said either you pay up or we're not gonna protect you anymore. So that may be one of the reasons they don't like me as much as they like weak people. But you take a look at what's happening. We're in for 250 to 275 billion. They're into 100 to 150. They should be forced to equalize. With that being said, I wanna get the war settled. I know Zelenskyy very well, and I know Putin very well. I have a good relationship. And they respect your President. Okay? They respect me. They don't respect Biden. How would you respect him? Why? For what reason? He hasn't even made a phone call in two years to Putin. Hasn't spoken to anybody. They don't even try and get it. That is a war that's dying to be settled. I will get it settled before I even become President. If I win, when I'm President-Elect, and what I'll do is I'll speak to one, I'll speak to the other, I'll get 'em together. That war would have never happened. And in fact when I saw Putin after I left, unfortunately left because our--our country has gone to hell, but after I left when I saw him building up soldiers, he did it after I left, I said oh, he must be negotiating. It must be a good strong point of negotiation. Well, it wasn't because Biden had no idea how to talk to him. He had no idea how to stop it. And now you have millions of people dead and it's only getting worse and it could lead to World War 3. Don't kid yourself, David. We're playing with World War 3. And we have a President that we don't even know if he's -- where is our President? We don't even know if he's a President.",True,"[{""start"": 69, ""end"": 104, ""text"": ""people being killed by the millions"", ""reason_text"": """", ""reason_choices"": [""numerical absolute"", ""geopolitics""]}, {""start"": 192, ""end"": 204, ""text"": ""fake numbers"", ""reason_text"": """", ""reason_choices"": [""conspiracy"", ""geopolitics""]}, {""start"": 466, ""end"": 530, ""text"": ""They paid billions and billions, hundreds of billions of dollars"", ""reason_text"": """", ""reason_choices"": [""numerical absolute"", ""economy"", ""geopolitics""]}]",
2024091000137,20240910_trump_harris,TRUMP,"If I were president, it would have never started. If I were president, Russia would have never, ever--I know Putin very well. He would have never--and there was no threat of it either, by the way, for four years--have gone into Ukraine and killed millions of people when you add it up. Far worse than people understand what's going on over there. But when she mentions about Israel all of a sudden--she hates Israel. She wouldn't even meet with Netanyahu when he went to Congress to make a very important speech. She refused to be there because she was at a sorority party of hers. She wanted to go to the sorority party. She hates Israel. If she's president, I believe that Israel will not exist within two years from now. And I've been pretty good at predictions. And I hope I'm wrong about that one. She hates Israel. At the same time in her own way she hates the Arab population because the whole place is gonna get blown up, Arabs, Jewish people, Israel. Israel will be gone. It would have never happened. Iran was broke under Donald Trump. Now Iran has $300 billion because they took off all the sanctions that I had. Iran had no money for Hamas or Hezbollah or any of the 28 different spheres of terror. And they are spheres of terror. Horrible terror. They had no money. It was a big story, and you know it. You covered it. Very well, actually. They had no money for terror. They were broke. Now they're a rich nation. And now what they're doing is spreading that money around. Look at what's happening with the Houthis and Yemen. Look at what's going on in the Middle East. This would have never happened. I will get that settled and fast. And I'll get the war with Ukraine and Russia ended. If I'm President-Elect, I'll get it done before even becoming President.",True,"[{""start"": 240, ""end"": 284, ""text"": ""killed millions of people when you add it up"", ""reason_text"": """", ""reason_choices"": [""numerical absolute"", ""geopolitics""]}, {""start"": 399, ""end"": 479, ""text"": ""she hates Israel. She wouldn't even meet with Netanyahu when he went to Congress"", ""reason_text"": """", ""reason_choices"": [""stance/support"", ""geopolitics""]}, {""start"": 513, ""end"": 580, ""text"": ""She refused to be there because she was at a sorority party of hers"", ""reason_text"": """", ""reason_choices"": [""personal life""]}, {""start"": 622, ""end"": 638, ""text"": ""She hates Israel"", ""reason_text"": """", ""reason_choices"": [""stance/support"", ""geopolitics""]}, {""start"": 803, ""end"": 819, ""text"": ""She hates Israel"", ""reason_text"": """", ""reason_choices"": [""stance/support"", ""geopolitics""]}, {""start"": 853, ""end"": 882, ""text"": ""she hates the Arab population"", ""reason_text"": """", ""reason_choices"": [""stance/support"", ""ethnicity/race""]}, {""start"": 1011, ""end"": 1044, ""text"": ""Iran was broke under Donald Trump"", ""reason_text"": """", ""reason_choices"": [""vague quantitative"", ""economy"", ""geopolitics""]}, {""start"": 1050, ""end"": 1071, ""text"": ""Iran has $300 billion"", ""reason_text"": """", ""reason_choices"": [""numerical absolute"", ""economy"", ""geopolitics""]}, {""start"": 1404, ""end"": 1425, ""text"": ""they're a rich nation"", ""reason_text"": """", ""reason_choices"": [""vague quantitative"", ""economy"", ""geopolitics""]}, {""start"": 1457, ""end"": 1484, ""text"": ""spreading that money around"", ""reason_text"": """", ""reason_choices"": [""economy"", ""geopolitics""]}]",
2024091000093,20240910_trump_harris,TRUMP,"In Minnesota, she went out--wait a minute. I'm talking now. If you don't mind. Please. Does that sound familiar?",False,[],
2024091000157,20240910_trump_harris,TRUMP,Negotiate a deal. Because we have to stop all of these human lives from being destroyed.,False,[],
2024091000006,20240910_trump_harris,TRUMP,Nice to see you. Have fun.,False,[],
2024091000122,20240910_trump_harris,TRUMP,No judge looked at it.,True,"[{""start"": 0, ""end"": 21, ""text"": ""No judge looked at it"", ""reason_text"": """", ""reason_choices"": [""crime/law""]}]",
2024091000118,20240910_trump_harris,TRUMP,"No, I don't acknowledge that at all.",False,[],
2024091000018,20240910_trump_harris,TRUMP,"Number one, I have nothing to do, as you know and as she knows better than anyone, I have nothing to do with Project 2025. That's out there. I haven't read it. I don't wanna read it, purposely. I'm not going to read it. This was a group of people that got together, they came up with some ideas. I guess some good, some bad. But it makes no difference. I have nothing to do--everybody knows I'm an open book. Everybody knows what I'm going to do. Cut taxes very substantially. And create a great economy like I did before. We had the greatest economy. We got hit with a pandemic. And the pandemic was--not since 1917 where 100 million people died has there been anything like it. We did a phenomenal job with the pandemic. We handed them over a country where the economy and where the stock market was higher than it was before the pandemic came in. Nobody's ever seen anything like it. We made ventilators for the entire world. We got gowns. We got masks. We did things that nobody thought possible. And people give me credit for rebuilding the military. They give me credit for a lot of things. But not enough credit for the great job we did with the pandemic. But the only jobs they got were bounce-back jobs. These were jobs, bounce-back. And it bounced back and it went to their benefit. But I was the one that created them. They know it and so does everybody else.",True,"[{""start"": 83, ""end"": 121, ""text"": ""I have nothing to do with Project 2025"", ""reason_text"": """", ""reason_choices"": [""stance/support""]}, {""start"": 523, ""end"": 550, ""text"": ""We had the greatest economy"", ""reason_text"": """", ""reason_choices"": [""ranking"", ""economy""]}, {""start"": 723, ""end"": 848, ""text"": ""We handed them over a country where the economy and where the stock market was higher than it was before the pandemic came in"", ""reason_text"": """", ""reason_choices"": [""comparative/temporal"", ""attribution"", ""economy""]}, {""start"": 887, ""end"": 927, ""text"": ""We made ventilators for the entire world"", ""reason_text"": """", ""reason_choices"": [""attribution"", ""medicine""]}, {""start"": 1167, ""end"": 1211, ""text"": ""the only jobs they got were bounce-back jobs"", ""reason_text"": """", ""reason_choices"": [""attribution"", ""economy""]}]",
2024091000205,20240910_trump_harris,TRUMP,"Obamacare was lousy health care. Always was. It's not very good today. And what I said, that if we come up with something, and we are working on things, we're going to do it and we're going to replace it. But remember this. I inherited Obamacare because Democrats wouldn't change it. They wouldn't vote for it. They were unanimous. They wouldn't vote to change it. If they woulda done that, we woulda had a much better plan than Obamacare. But the Democrats came up, they wouldn't vote for it. I had a choice to make when I was President, do I save it and make it as good as it can be? Never gonna be great. Or do I let it rot? And I felt I had an obligation, even though politically it would have been good to just let it rot and let it go away. I decided--and I told my people, the top people, and they're very good people--I have a lot of good people in this -- that administration. We read about the bad ones. We had some real bad ones too. And so do they. They have really bad ones. The difference is they don't get rid of 'em. But let me just explain. I had a choice to make do I save it and make it as good as it can be, or do I let it rot? And I saved it. I did the right thing. But it's still never going to be great. And it's too expensive for people. And what we will do is we're looking at different plans. If we can come up with a plan that's going to cost our people, our population, less money and be better health care than Obamacare, then I would absolutely do it. But until then, I'd run it as good as it can be run.",True,"[{""start"": 1231, ""end"": 1260, ""text"": ""it's too expensive for people"", ""reason_text"": """", ""reason_choices"": [""vague quantitative"", ""economy"", ""medicine""]}]",
2024091000128,20240910_trump_harris,TRUMP,"Okay, let me just tell you about world leaders. Viktor Orban, one of the most respected men--they call him a strong man. He's a, he's a tough person. Smart. Prime Minister of Hungary. They said, ""Why is the whole world blowing up? Three years ago it wasn't. Why is it blowing up?"" He said, ""Because you need Trump back as President. They were afraid of him. China was afraid."" And I don't like to use the word afraid but I'm just quoting him. ""China was afraid of him. North Korea was afraid of him."" Look at what's going on with North Korea, by the way. He said, ""Russia was afraid of him."" I ended the Nord Stream 2 pipeline and Biden put it back on day one but he ended the XL pipeline. The XL pipeline in our country. He ended that. But he let the Russians build a pipeline going all over Europe and heading into Germany. The biggest pipeline in the world. Look, Viktor Orban said it. He said the most respected, most feared person is Donald Trump. We had no problems when Trump was President. But when this weak, pathetic man that you saw at a debate just a few months ago that if he weren't in that debate he'd be running instead of her, she got no votes, he got 14 million votes, what you did, you talk about a threat to democracy. He got 14 million votes and they threw him out of office. And you know what? I'll give you a little secret. He hates her. He can't stand her.",True,"[{""start"": 592, ""end"": 626, ""text"": ""I ended the Nord Stream 2 pipeline"", ""reason_text"": """", ""reason_choices"": [""attribution"", ""politics"", ""geopolitics""]}, {""start"": 631, ""end"": 659, ""text"": ""Biden put it back on day one"", ""reason_text"": """", ""reason_choices"": [""attribution"", ""politics"", ""geopolitics""]}, {""start"": 664, ""end"": 688, ""text"": ""he ended the XL pipeline"", ""reason_text"": """", ""reason_choices"": [""attribution"", ""politics"", ""geopolitics""]}, {""start"": 1144, ""end"": 1160, ""text"": ""she got no votes"", ""reason_text"": """", ""reason_choices"": [""vague quantitative"", ""politics""]}, {""start"": 1162, ""end"": 1185, ""text"": ""he got 14 million votes"", ""reason_text"": """", ""reason_choices"": [""numerical absolute"", ""politics""]}]",
2024091000177,20240910_trump_harris,TRUMP,Otherwise we would've never gotten it. He said it was one of the most incredible jobs that he's ever seen done.,False,[],
2024091000165,20240910_trump_harris,TRUMP,"Putin would be sitting in Moscow and he wouldn't have lost 300,000 men and women. But he would have been sitting in Moscow",True,"[{""start"": 49, ""end"": 80, ""text"": ""have lost 300,000 men and women"", ""reason_text"": """", ""reason_choices"": [""numerical absolute"", ""geopolitics""]}]",
2024091000167,20240910_trump_harris,TRUMP,"Quiet, please. He would have been sitting in Moscow much happier than he is right now. But eventually, you know, he's got a thing that other people don't have. He's got nuclear weapons. They don't ever talk about that. He's got nuclear weapons. Nobody ever thinks about that. And eventually uh maybe he'll use them. Maybe he hasn't been that threatening. But he does have that. Something we don't even like to talk about. Nobody likes to talk about it. But just so you understand, they sent her to negotiate peace before this war started. Three days later he went in and he started the war because everything they said was weak and stupid. They said the wrong things. That war should have never started. She was the emissary. They sent her in to negotiate with Zelenskyy and Putin. And she did and the war started three days later--",True,"[{""start"": 726, ""end"": 830, ""text"": ""They sent her in to negotiate with Zelenskyy and Putin. And she did and the war started three days later"", ""reason_text"": """", ""reason_choices"": [""attribution"", ""geopolitics""]}]",
2024091000175,20240910_trump_harris,TRUMP,"Secretary General Stoltenberg said Trump did the most amazing thing I've ever seen, he got these countries, the 28 countries at the time, to pay up. He said I've never seen--he's the head of NATO. He said I've never seen--for years we were paying almost all of NATO. We were being ripped off by European nations both on trade and on NATO. I got them to pay up by saying one of the statements you made before, if you don't pay we're not gonna protect you.",True,"[{""start"": 222, ""end"": 265, ""text"": ""for years we were paying almost all of NATO"", ""reason_text"": """", ""reason_choices"": [""vague quantitative"", ""economy"", ""geopolitics""]}]",
2024091000199,20240910_trump_harris,TRUMP,She has a plan to defund the police. She has a flan--plan to confiscate everybody's gun.,True,"[{""start"": 0, ""end"": 35, ""text"": ""She has a plan to defund the police"", ""reason_text"": """", ""reason_choices"": [""stance/support"", ""crime/law""]}, {""start"": 37, ""end"": 87, ""text"": ""She has a flan--plan to confiscate everybody's gun"", ""reason_text"": """", ""reason_choices"": [""stance/support"", ""other""]}]",
2024091000201,20240910_trump_harris,TRUMP,She has a plan to not allow fracking in Pennsylvania or anywhere else. That's what her plan is until just recently.,True,"[{""start"": 0, ""end"": 69, ""text"": ""She has a plan to not allow fracking in Pennsylvania or anywhere else"", ""reason_text"": """", ""reason_choices"": [""stance/support"", ""politics""]}]",
2024091000197,20240910_trump_harris,TRUMP,She is destroying our country.,False,[],
2024091000213,20240910_trump_harris,TRUMP,"She made a mistake. Number one, John McCain fought Obamacare for ten years. But it wasn't only him. It was, all of the Democrats that kept it going. And you know what? We could do much better than Obamacare. Much less money. But she won't improve private insurance for people. Private, medical insurance. That's another thing she doesn't want to get.--",True,"[{""start"": 32, ""end"": 74, ""text"": ""John McCain fought Obamacare for ten years"", ""reason_text"": """", ""reason_choices"": [""stance/support""]}]",
2024091000095,20240910_trump_harris,TRUMP,"She went out--she went out in Minnesota and wanted to let criminals that killed people, that burned down Minneapolis, she went out and raised money to get 'em out of jail. She did things that nobody would ever think of. Now she wants to do transgender operations on illegal aliens that are in prison. This is a radical left liberal that would do this. She wants to confiscate your guns and she will never allow fracking in Pennsylvania. If she won the election, fracking in Pennsylvania will end on day one. Just to finish one thing, so important in my opinion: So, I got the oil business going like nobody has ever done before. They took, when they took over, they got rid of it, started getting rid of it, and the prices were going up the roof. They immediately let these guys go to where they were. I would have been five times, four times, five times higher because you're talking about 3 1/2 years ago. They got it up to where I was, because they had no choice. Because the prices of energy were quadrupling and doubling. You saw what happened to gasoline. So, they said let's go back to Trump. But if she won the election, the day after that election, they'll go back to destroying our country and oil will be dead, fossil fuel will be dead. We'll go back to windmills and we'll go back to solar, where they need a whole desert to get some energy to come out. You ever see a solar plant? By the way, I'm a big fan of solar. But they take 400, 500 acres of desert soil--",True,"[{""start"": 14, ""end"": 170, ""text"": ""she went out in Minnesota and wanted to let criminals that killed people, that burned down Minneapolis, she went out and raised money to get 'em out of jail"", ""reason_text"": """", ""reason_choices"": [""attribution"", ""stance/support"", ""crime/law""]}, {""start"": 224, ""end"": 299, ""text"": ""she wants to do transgender operations on illegal aliens that are in prison"", ""reason_text"": """", ""reason_choices"": [""conspiracy"", ""stance/support"", ""immigration"", ""crime/law"", ""sexual orientation / gender identity""]}, {""start"": 352, ""end"": 385, ""text"": ""She wants to confiscate your guns"", ""reason_text"": """", ""reason_choices"": [""stance/support"", ""other""]}, {""start"": 566, ""end"": 627, ""text"": ""I got the oil business going like nobody has ever done before"", ""reason_text"": """", ""reason_choices"": [""vague quantitative"", ""ranking"", ""economy"", ""other""]}, {""start"": 712, ""end"": 745, ""text"": ""the prices were going up the roof"", ""reason_text"": """", ""reason_choices"": [""vague quantitative"", ""economy"", ""other""]}, {""start"": 975, ""end"": 1025, ""text"": ""the prices of energy were quadrupling and doubling"", ""reason_text"": """", ""reason_choices"": [""numerical absolute"", ""economy"", ""other""]}, {""start"": 1296, ""end"": 1364, ""text"": ""solar, where they need a whole desert to get some energy to come out"", ""reason_text"": """", ""reason_choices"": [""environment"", ""other""]}, {""start"": 1434, ""end"": 1473, ""text"": ""they take 400, 500 acres of desert soil"", ""reason_text"": """", ""reason_choices"": [""environment"", ""other""]}]",
2024091000225,20240910_trump_harris,TRUMP,"So, she just started by saying she's gonna to do this, she's gonna to do that, she's gonna to do all these wonderful things. Why hasn't she done it? She's been there for 3 1/2 years. They've had 3 1/2 years to fix the border. They've had 3 1/2 years to create jobs and all the things we talked about. Why hasn't she done it? She should leave right now, go down to that beautiful White House, go to the Capitol, get everyone together and do the things you want to do. But you haven't done it. And you won't do it. Because you believe in things that the American people don't believe in. You believe in things like, we're not going to frack. We're not going to take fossil fuel. We're not going to do--things that are going to make this country strong, whether you like it or not. Germany tried that and within one year they were back to building normal energy plants. We're not ready for it. We can't sacrifice our country for the sake of bad vision. But I just ask one simple question. Why didn't she do it? We're a failing nation. We're a nation that's in serious decline. We're being laughed at all over the world. All over the world, they laugh, I know the leaders very well. They're coming to see me. They call me. We're laughed at all over the world. They don't understand what happened to us as a nation. We're not a leader. We don't have any idea what's going on. We have wars going on in the Middle East. We have wars going on with Russia and Ukraine. We're going to end up in a third World War. And it will be a war like no other because of nuclear weapons, the power of weaponry. I rebuilt our entire military. She gave a lot of it away to the Taliban. She gave it to Afghanistan. What these people have done to our country, and maybe toughest of all is allowing millions of people to come into our country, many of them are criminals, and they're destroying our country. The worst President, the worst Vice President in the history of our country.",True,"[{""start"": 779, ""end"": 865, ""text"": ""Germany tried that and within one year they were back to building normal energy plants"", ""reason_text"": """", ""reason_choices"": [""energy"", ""environment""]}, {""start"": 1590, ""end"": 1619, ""text"": ""I rebuilt our entire military"", ""reason_text"": """", ""reason_choices"": [""attribution"", ""defense/military""]}, {""start"": 1621, ""end"": 1661, ""text"": ""She gave a lot of it away to the Taliban"", ""reason_text"": """", ""reason_choices"": [""geopolitics"", ""defense/military""]}, {""start"": 1663, ""end"": 1689, ""text"": ""She gave it to Afghanistan"", ""reason_text"": """", ""reason_choices"": [""geopolitics"", ""defense/military""]}, {""start"": 1764, ""end"": 1816, ""text"": ""allowing millions of people to come into our country"", ""reason_text"": """", ""reason_choices"": [""numerical absolute"", ""immigration""]}, {""start"": 1818, ""end"": 1844, ""text"": ""many of them are criminals"", ""reason_text"": """", ""reason_choices"": [""vague quantitative"", ""immigration"", ""crime/law""]}]",
2024091000219,20240910_trump_harris,TRUMP,"That didn't happen under Donald Trump. Let me just tell you, they lost 10,000 manufacturing jobs this last month. It's going--they're all leaving. They're building big auto plants in Mexico. In many cases owned by China. They're building these massive plants, and they think they're going to sell their cars into the United States because of these people. What they have given to China is unbelievable. But we're not going to let that. We'll put tariffs on those cars so they can't come into our country. Because they will kill the United Auto Workers and any auto worker, whether it's in Detroit or South Carolina or any other place. What they've done to business and manufacturing in this country is horrible. We have nothing because they, they refuse--you know, Biden doesn't go after people because supposedly China paid him millions of dollars. He's afraid to do it. Between him and his son. They get all this money from Ukraine. They get all this money from all of these different countries. And then you wonder why is he so loyal to this one, that one Ukraine, China? Why is he? Why did he get 3 1/2 million dollars from the mayor of Moscow's wife? Why did he get--why did she pay him 3 1/2 million dollars? This is a crooked administration, and they're selling our country down the tubes.",True,"[{""start"": 61, ""end"": 112, ""text"": ""they lost 10,000 manufacturing jobs this last month"", ""reason_text"": """", ""reason_choices"": [""numerical absolute"", ""economy"", ""other""]}, {""start"": 147, ""end"": 219, ""text"": ""They're building big auto plants in Mexico. In many cases owned by China"", ""reason_text"": """", ""reason_choices"": [""vague quantitative"", ""geopolitics""]}, {""start"": 814, ""end"": 848, ""text"": ""China paid him millions of dollars"", ""reason_text"": """", ""reason_choices"": [""conspiracy"", ""geopolitics"", ""personal life""]}, {""start"": 1094, ""end"": 1154, ""text"": ""he get 3 1/2 million dollars from the mayor of Moscow's wife"", ""reason_text"": """", ""reason_choices"": [""numerical absolute"", ""geopolitics"", ""personal life""]}, {""start"": 1180, ""end"": 1213, ""text"": ""she pay him 3 1/2 million dollars"", ""reason_text"": """", ""reason_choices"": [""numerical absolute"", ""geopolitics"", ""personal life""]}]",
2024091000021,20240910_trump_harris,TRUMP,"That's just a sound bite. They gave her that to say. Look, I went to the Wharton School of Finance and many of those professors, the top professors, think my plan is a brilliant plan, it's a great plan. It's a plan that's gonna bring up our worth, our value as a country. It's going to make people want to be able to go and work and, uh, create jobs and create a lot of good, solid money for our--for our country. And just to finish off, uh, she doesn't have a plan. She copied Biden's plan. And it's like four sentences, like run-Spot-run. Four sentences that are just oh, we'll try and lower taxes. She doesn't have a plan. Take a look at her plan. She doesn't have a plan.",False,[],
2024091000046,20240910_trump_harris,TRUMP,That's the problem. Because under Roe v. Wade.,False,[],
2024091000023,20240910_trump_harris,TRUMP,"They aren't gonna have higher prices what's gonna have, and who's going to have higher prices is China and all of the countries that have been ripping us off for years. I charge, I was the only president ever--China was paying us hundreds of billions of dollars and so were other countries and you know if she doesn't like 'em they shouldaa gone out and they should have immediately cut the tariffs but those tariffs are there three and a half years now under their administration. We are gonna take in billions of dollars, hundreds of billions of dollars. I had no inflation, virtually no inflation, they had the highest inflation, perhaps in the history of our country because I've never seen a worse period of time. People can't go out and buy cereal or bacon or eggs or anything else. These--the people of our country are absolutely dying with what they've done. They've destroyed the economy and all you have to do is look at a poll. The polls say 80 and 85 and even 90% that the Trump economy was great that their economy was terrible.",True,"[{""start"": 210, ""end"": 289, ""text"": ""China was paying us hundreds of billions of dollars and so were other countries"", ""reason_text"": """", ""reason_choices"": [""economy"", ""geopolitics""]}, {""start"": 557, ""end"": 575, ""text"": ""I had no inflation"", ""reason_text"": """", ""reason_choices"": [""vague quantitative"", ""attribution"", ""economy""]}, {""start"": 601, ""end"": 670, ""text"": ""they had the highest inflation, perhaps in the history of our country"", ""reason_text"": """", ""reason_choices"": [""ranking"", ""attribution"", ""economy""]}, {""start"": 953, ""end"": 1040, ""text"": ""80 and 85 and even 90% that the Trump economy was great that their economy was terrible"", ""reason_text"": """", ""reason_choices"": [""statistic"", ""economy"", ""politics""]}]",
2024091000124,20240910_trump_harris,TRUMP,"They said we didn't have standing. That's the other thing. They said we didn't have standing. A technicality. Can you imagine a system where a person in an election doesn't have standing, the President of the United States doesn't have standing? That's how we lost. If you look at the facts, and I'd love to have you--you'll do a special on it. I'll show you Georgia and I'll show you Wisconsin and I'll show you Pennsylvania and I'll show you--we have so many facts and statistics. But you know what? That doesn't matter. Because we have to solve the problem that we have right now. That's old news. And the problem that we have right now is we have a nation in decline, and they have put it into decline. We have a nation that is dying, David.",False,[],
2024091000151,20240910_trump_harris,TRUMP,"They threw him out of a campaign like a dog. We don't even know, is he our President? But we have a President--",False,[],
2024091000143,20240910_trump_harris,TRUMP,"They're the ones--and she's the one that caused it--that's weak on national security by allowing every nation last month for the year, 168 different countries sending people into our country. Their crime rates are way down. Putin endorsed her last week. Said, ""I hope she wins."" And I think he meant it. Because what he's gotten away with is absolutely incredible. It wouldn't have happened with me. The leaders of other countries think that they're weak and incompetent. And they are. They're grossly incompetent. And I just ask one question. Why does Biden go in and kill the Keystone pipeline and approve the single biggest deal that Russia's ever made, Nordstream 2, the biggest pipeline anywhere in the world going to Germany and all over Europe? Because they're weak and they're ineffective. And Biden, by the way--",True,"[{""start"": 135, ""end"": 190, ""text"": ""168 different countries sending people into our country"", ""reason_text"": """", ""reason_choices"": [""immigration""]}, {""start"": 192, ""end"": 222, ""text"": ""Their crime rates are way down"", ""reason_text"": """", ""reason_choices"": [""vague quantitative"", ""crime/law""]}, {""start"": 224, ""end"": 278, ""text"": ""Putin endorsed her last week. Said, \""I hope she wins.\"""", ""reason_text"": """", ""reason_choices"": [""attribution"", ""stance/support"", ""politics"", ""geopolitics""]}, {""start"": 553, ""end"": 595, ""text"": ""Biden go in and kill the Keystone pipeline"", ""reason_text"": """", ""reason_choices"": [""politics"", ""geopolitics""]}, {""start"": 600, ""end"": 669, ""text"": ""approve the single biggest deal that Russia's ever made, Nordstream 2"", ""reason_text"": """", ""reason_choices"": [""ranking"", ""stance/support"", ""politics"", ""geopolitics""]}]",
2024091000192,20240910_trump_harris,TRUMP,"This is the most divisive presidency in the history of our country. There's never been anything like it. They're destroying our country. And they come up with things like what she just said going back many, many years when a lot of people including Mayor Bloomberg agreed with me on the Central Park Five. They admitted--they said, they pled guilty. And I said, well, if they pled guilty they badly hurt a person, killed a person ultimately. And if they pled guilty--then they pled we're not guilty. But this is a person that has to stretch back years, 40, 50 years ago because there's nothing now. I built one of the greatest economies in the history of the world and I'm gonna build it again. It's going to be bigger, better and stronger. But they're destroying our economy. They have no idea what a good economy is. Their oil policies--every single policy--and remember this. She is Biden. She's trying to get away from Biden. I don't know the gentleman, she says. She is Biden. The worst inflation we've ever had. A horrible economy because inflation has made it so bad. And she can't get away with that.",True,"[{""start"": 0, ""end"": 66, ""text"": ""This is the most divisive presidency in the history of our country"", ""reason_text"": """", ""reason_choices"": [""ranking"", ""politics""]}, {""start"": 249, ""end"": 304, ""text"": ""Mayor Bloomberg agreed with me on the Central Park Five"", ""reason_text"": """", ""reason_choices"": [""attribution"", ""ethnicity/race"", ""crime/law""]}, {""start"": 306, ""end"": 348, ""text"": ""They admitted--they said, they pled guilty"", ""reason_text"": """", ""reason_choices"": [""attribution"", ""crime/law""]}, {""start"": 982, ""end"": 1016, ""text"": ""The worst inflation we've ever had"", ""reason_text"": """", ""reason_choices"": [""ranking"", ""economy""]}]",
2024091000084,20240910_trump_harris,TRUMP,This is the one that weaponized. Not me. She weaponized. I probably took a bullet to the head because of the things that they say about me. They talk about democracy. I'm a threat to democracy. They're the threat to democracy-–,False,[],
2024091000038,20240910_trump_harris,TRUMP,"Well, I didn't discuss it with J.D., in all fairness. J.D.--and I don't mind if he has a certain view but I think he was speaking for me, but I really didn't. Look, we don't have to discuss it because she'd never be able to get it just like she couldn't get student loans. They couldn't get--they didn't even come close to getting student loans. They didn't even come close to getting student loans. They taunted young people--and a lot of other people that had loans. They can never get this approved. So it doesn't matter what she says about going to Congress. Wonderful. Let's go to Congress. Do it. But the fact is that for years they wanted to get it out of Congress and out of the federal government and we did something that everybody said couldn't be done. And now you have a vote of the people on abortion.",False,[],
2024091000055,20240910_trump_harris,TRUMP,"Well, I would like to respond.",False,[],
2024091000059,20240910_trump_harris,TRUMP,"Well, I've seen people on television--[crosstalk]",False,[],
2024091000091,20240910_trump_harris,TRUMP,"Well, first of all, I wasn't given $400 million. I wish I was. My father was a Brooklyn builder. Brooklyn, Queens. And a great father and I learned a lot from 'im. But I was given a fraction of that, a tiny fraction, and I built it into many, many billions of dollars. Many, many billions. And when people see it, they are even surprised. So, we don't have to talk about that. Fracking? She's been against it for 12 years. Uh, defund the police. She's been against [sic] that forever. She gave all that stuff up, very wrongly, very horribly. And everybody's laughing at it, okay? They're all laughing at it. She gave up at least 12 and probably 14 or 15 different policies. Like, she was big on defund the police.",True,"[{""start"": 20, ""end"": 47, ""text"": ""I wasn't given $400 million"", ""reason_text"": """", ""reason_choices"": [""numerical absolute"", ""personal life""]}, {""start"": 168, ""end"": 198, ""text"": ""I was given a fraction of that"", ""reason_text"": """", ""reason_choices"": [""vague quantitative"", ""personal life""]}, {""start"": 387, ""end"": 421, ""text"": ""She's been against it for 12 years"", ""reason_text"": """", ""reason_choices"": [""stance/support""]}, {""start"": 427, ""end"": 483, ""text"": ""defund the police. She's been against [sic] that forever"", ""reason_text"": """", ""reason_choices"": [""stance/support"", ""crime/law""]}, {""start"": 680, ""end"": 712, ""text"": ""she was big on defund the police"", ""reason_text"": """", ""reason_choices"": [""stance/support"", ""crime/law""]}]",
2024091000030,20240910_trump_harris,TRUMP,"Well, the reason I'm doing that vote is because the plan is, as you know, the vote is, they have abortion in the ninth month. They even have, and you can look at the governor of West Virginia, the previous governor of West Virginia, not the current governor, who's doing an excellent job, but the governor before. He said the baby will be born and we will decide what to do with the baby. In other words, we'll execute the baby. And that's why I did that, because that predominates. Because they're radical. The Democrats are radical in that. And her vice presidential pick, which I think was a horrible pick, by the way for our country, because he is really out of it. But her vice presidential pick says abortion in the ninth month is absolutely fine. He also says execution after birth, it's execution, no longer abortion, because the baby is born, is okay. And that's not okay with me. Hence the vote. But what I did is something, for 52 years they've been trying to get Roe v. Wade into the states. And through the uh genius and, and heart and strength of six Supreme Court justices we were able to do that. Now, I believe in the exceptions for rape, incest, and life of the mother. I believe strongly in it. Ronald Reagan did also. Eighty-five percent of Republicans do--exceptions. It's very important. But we were able to get it. And now states are voting on it. And for the first time you're gonna see--look, this is an issue that's torn our country apart for 52 years. Every legal scholar, every Democrat, every Republican, liberal, conservative, they all wanted this issue to be brought back to the states where the people could vote. And that's what happened, happened. Now, Ohio, the vote was somewhat liberal. Kansas the vote was somewhat liberal. Much more liberal than people would have thought. But each individual state is voting. It's the vote of the people now. It's not tied up in the federal government. I did a great service in doing it. It took courage to do it. And the Supreme Court had great courage in doing it. And I give tremendous credit to those six justices.",True,"[{""start"": 74, ""end"": 124, ""text"": ""the vote is, they have abortion in the ninth month"", ""reason_text"": """", ""reason_choices"": [""stance/support"", ""politics"", ""abortion""]}, {""start"": 674, ""end"": 752, ""text"": ""her vice presidential pick says abortion in the ninth month is absolutely fine"", ""reason_text"": ""support relation\nstill unsure about attribution inclusion"", ""reason_choices"": [""attribution"", ""abortion""]}, {""start"": 1238, ""end"": 1275, ""text"": ""Eighty-five percent of Republicans do"", ""reason_text"": """", ""reason_choices"": [""statistic""]}]",
2024091000034,20240910_trump_harris,TRUMP,"Well, there she goes again. It's a lie. I'm not signing a ban. And there's no reason to sign a ban. Because we've gotten what everybody wanted. Democrats, Republicans and everybody else and every legal scholar wanted it to be brought back into the states. And the states are voting. And it may take a little time, but for 52 years this issue has torn our country apart. And they've wanted it back in the states. And I did something that nobody thought was possible. The states are now voting. What she says is an absolute lie. And as far as the abortion ban, no, I'm not in favor of abortion ban. But it doesn't matter, because this issue has now been taken over by the states.",True,"[{""start"": 563, ""end"": 595, ""text"": ""I'm not in favor of abortion ban"", ""reason_text"": """", ""reason_choices"": [""stance/support"", ""abortion""]}]",
2024091000044,20240910_trump_harris,TRUMP,Would you do that? Why don't you ask her that question--,False,[],
2024091000181,20240910_trump_harris,TRUMP,"Yeah, thank you. So if you take a look at that period of time, the Taliban was killing our soldiers, a lot of 'em, with snipers. And I got involved with the Taliban because the Taliban was doing the killing. That's the fighting force within Afghanistan. They don't bother doing that because you know, they deal with the wrong people all the time. But I got involved. And Abdul is the head of the Taliban. He is still the head of the Taliban. And I told Abdul don't do it anymore, you do it anymore you're gonna have problems. And he said, ""Why do you send me a picture of my house?"" I said, ""You're going to have to figure that out, Abdul."" And for 18 months we had nobody killed. We did have an agreement negotiated by Mike Pompeo. It was a very good agreement. The reason it was good, it was--we were getting out. We would have been out faster than them, but we wouldn't have lost the soldiers. We wouldn't have left many Americans behind. And we wouldn't have left--we wouldn't have left $85 billion worth of brand new beautiful military equipment behind. And just to finish, they blew it. The agreement said you have to do this, this, this, this, this, and they didn't do it. They didn't do it. The agreement was--was terminated by us because they didn't do what they were supposed to do.",True,"[{""start"": 645, ""end"": 679, ""text"": ""for 18 months we had nobody killed"", ""reason_text"": """", ""reason_choices"": [""numerical absolute"", ""geopolitics"", ""defense/military""]}, {""start"": 986, ""end"": 1057, ""text"": ""left $85 billion worth of brand new beautiful military equipment behind"", ""reason_text"": """", ""reason_choices"": [""numerical absolute"", ""economy"", ""geopolitics"", ""defense/military""]}]",
2024091000073,20240910_trump_harris,TRUMP,"Yeah. It is much higher, because of them. They allowed criminals. Many, many, millions of criminals. They allowed terrorists. They allowed common street criminals. They allowed people to come in, drug dealers, to come into our country, and they're now in the United States. And told by their countries like Venezuela don't ever come back or we're going to kill you. Do you know that crime in Venezuela and crime in countries all over the world is way down? You know why? Because they've taken their criminals off the street and they've given them to her to put into our country. And, this will be one of the greatest mistakes in history for them to allow--and I think they probably did it because they think they're going to get votes. But it's not worth it. Because they're--they're destroying the fabric of our country by what they've done. There's never been anything done like this at all. They've destroyed the fabric of our country. Millions of people let in. And all over the world crime is down. All over the world except here. Crime here is up and through the roof. Despite their fraudulent statements that they made. Crime in this country is through the roof. And we have a new form of crime. It's called migrant crime. And it's happening at levels that nobody thought possible.",True,"[{""start"": 6, ""end"": 23, ""text"": ""It is much higher"", ""reason_text"": """", ""reason_choices"": [""vague quantitative"", ""comparative/temporal""]}, {""start"": 42, ""end"": 234, ""text"": ""They allowed criminals. Many, many, millions of criminals. They allowed terrorists. They allowed common street criminals. They allowed people to come in, drug dealers, to come into our country"", ""reason_text"": """", ""reason_choices"": [""immigration"", ""crime/law""]}, {""start"": 383, ""end"": 455, ""text"": ""crime in Venezuela and crime in countries all over the world is way down"", ""reason_text"": """", ""reason_choices"": [""crime/law""]}, {""start"": 970, ""end"": 1002, ""text"": ""all over the world crime is down"", ""reason_text"": """", ""reason_choices"": [""crime/law""]}, {""start"": 1127, ""end"": 1168, ""text"": ""Crime in this country is through the roof"", ""reason_text"": """", ""reason_choices"": [""vague quantitative"", ""crime/law""]}, {""start"": 1174, ""end"": 1228, ""text"": ""we have a new form of crime. It's called migrant crime"", ""reason_text"": """", ""reason_choices"": [""immigration"", ""crime/law""]}]",
2024091000069,20240910_trump_harris,TRUMP,"Yeah. Uh, thank you. Because when I hear that--see, I'm a different kind of a person. I fired most of those people. Not so graciously. They did bad things or a bad job. I fired 'em. They never fired one person. They didn't fire anybody having to do with Afghanistan and the Taliban and the 13 people who's, who's--were just killed, viciously and violently killed, and I got to know the parents and the family. They should have fired all those Generals, all those top people because that was one of the most incompetently handled situations anybody has ever seen. So when somebody does a bad job, I fire 'em. And you take a guy like Esper. He was no good, I fired him. So he writes a book. Another one writes a book. Because with me they can write books. With nobody else can they. But they have done such a poor job. And they never fire anybody. Look at the economy. Look how--look at the inflation. They didn't fire any of their economists. They have the same people. That's a good way not to have books written about you. But, just to finish, I got more votes than any Republican in history by far. In fact, I got more votes than any President, sitting President in history by far.",True,"[{""start"": 182, ""end"": 209, ""text"": ""They never fired one person"", ""reason_text"": """", ""reason_choices"": [""numerical absolute"", ""politics""]}, {""start"": 211, ""end"": 281, ""text"": ""They didn't fire anybody having to do with Afghanistan and the Taliban"", ""reason_text"": """", ""reason_choices"": [""politics""]}, {""start"": 900, ""end"": 940, ""text"": ""They didn't fire any of their economists"", ""reason_text"": """", ""reason_choices"": [""economy"", ""politics""]}, {""start"": 1045, ""end"": 1099, ""text"": ""I got more votes than any Republican in history by far"", ""reason_text"": """", ""reason_choices"": [""vague quantitative"", ""comparative/temporal"", ""ranking""]}, {""start"": 1110, ""end"": 1182, ""text"": ""I got more votes than any President, sitting President in history by far"", ""reason_text"": """", ""reason_choices"": [""vague quantitative"", ""comparative/temporal"", ""ranking""]}]",
2024091000048,20240910_trump_harris,TRUMP,"You could do abortions in the seventh month, the eighth month, the ninth month--",True,"[{""start"": 0, ""end"": 78, ""text"": ""You could do abortions in the seventh month, the eighth month, the ninth month"", ""reason_text"": """", ""reason_choices"": [""abortion""]}]",
2024091000100,20240910_trump_harris,TRUMP,"You just said a thing that isn't covered. Peacefully and patriotically, I said during my speech. Not later on. Peacefully and patriotically. And nobody on the other side was killed. Ashli Babbitt was shot by an out-of-control police officer that should have never, ever shot her. It's a disgrace. But we didn't do--this group of people that have been treated so badly. I ask, what about all the people that are pouring into our country and killing people? That she allowed to pour in. She was the border czar. Remember that. She was the border czar. She doesn't want to be called the border czar because she's embarrassed by the border. In fact, she said at the beginning, I'm surprised you're not talking about the border yet. That's because she knows what a bad job they've done. What about those people? What's, when are they going to be prosecuted? When are these people from countries all over the world, not just South America, they're coming in from all over the world, David, all over the world. And crime rates are down all over the world because of it--",True,"[{""start"": 42, ""end"": 95, ""text"": ""Peacefully and patriotically, I said during my speech"", ""reason_text"": """", ""reason_choices"": [""attribution""]}, {""start"": 141, ""end"": 180, ""text"": ""And nobody on the other side was killed"", ""reason_text"": """", ""reason_choices"": [""crime/law""]}, {""start"": 182, ""end"": 240, ""text"": ""Ashli Babbitt was shot by an out-of-control police officer"", ""reason_text"": """", ""reason_choices"": [""crime/law""]}, {""start"": 391, ""end"": 454, ""text"": ""the people that are pouring into our country and killing people"", ""reason_text"": """", ""reason_choices"": [""immigration"", ""crime/law""]}, {""start"": 1008, ""end"": 1061, ""text"": ""crime rates are down all over the world because of it"", ""reason_text"": """", ""reason_choices"": [""crime/law""]}]",
2024091000104,20240910_trump_harris,TRUMP,You might ask her that question.,False,[],
