debate_id,speaker,text,check_worthy,spans,error
20200929_trump_biden,WALLACE,"Good evening from the Health Education Campus of Case Western Reserve University and the Cleveland Clinic. I'm Chris Wallace of Fox News and I welcome you to the first of the 2020 presidential debates between President Donald J. Trump and former Vice President Joe Biden. This debate is sponsored by the Commission on Presidential Debates. The Commission has designed the format, six roughly 15 minute segments with two minute answers from each candidate to the first question, then open discussion for the rest of each segment. Both campaigns have agreed to these rules. For the record, I decided the topics and the questions in each topic. I can assure you none of the questions has been shared with the Commission or the two candidates. This debate is being conducted under health and safety protocols designed by the Cleveland Clinic, which is serving as the health security advisor to the Commission for all four debates. As a precaution, both campaigns have agreed the candidates will not shake hands at the beginning of tonight's debate. The audience here in the hall has promised to remain silent. No cheers, no boos, or other interruptions so we, and more importantly you, can focus on what the candidates have to say. No noise except right now, as we welcome the Republican nominee, President Trump, and the Democratic nominee Vice President Biden.",False,[],
20200929_trump_biden,BIDEN,"How you doing, man?",False,[],
20200929_trump_biden,TRUMP,How are you doing?,False,[],
20200929_trump_biden,BIDEN,I'm well.,False,[],
20200929_trump_biden,WALLACE,"Gentlemen, a lot of people been waiting for this night, so let's get going. Our first subject is the Supreme Court. President Trump, you nominated Amy Coney Barrett over the weekend to succeed the late Ruth Bader Ginsburg on the Court. You say the Constitution is clear about your obligation and the Senate's to consider a nominee to the Court. Vice President Biden, you say that this is an effort by the President and Republicans to jam through on an appointment in what you call an abuse of power. My first question to both of you tonight, why are you right in the argument you make and your opponent wrong? And where do you think a Justice Barrett would take the court? President Trump, in this first segment, you go first. Two minutes.",False,[],
20200929_trump_biden,TRUMP,"Thank you very much, Chris. I will tell you very simply. We won the election. Elections have consequences. We have the Senate, we have the White House, and we have a phenomenal nominee respected by all. Top, top academic, good in every way. Good in every way. In fact, some of her biggest endorsers are very liberal people from Notre Dame and other places. So I think she's going to be fantastic. We have plenty of time. Even if we did it after the election itself. I have a lot of time after the election, as you know. So I think that she will be outstanding. She's going to be as good as anybody that has served on that court. We really feel that. We have a professor at Notre Dame, highly respected by all, said she's the single greatest student he's ever had. He's been a professor for a long time at a great school. And we won the election and therefore we have the right to choose her, and very few people knowingly would say otherwise. And by the way, the Democrats, they wouldn't even think about not doing it. The only difference is they'd try and do it faster. There's no way they would give it up. They had Merrick Garland, but the problem is they didn't have the election so they were stopped. And probably that would happen in reverse, also. Definitely would happen in reverse. So we won the election and we have the right to do it, Chris.",False,[],
20200929_trump_biden,WALLACE,"President Trump, thank you. Same question to you, Vice President Biden. You have two minutes.",False,[],
20200929_trump_biden,BIDEN,"Well, first of all, thank you for doing this and looking forward to this, Mr. President.",False,[],
20200929_trump_biden,TRUMP,"Thank you, Joe.",False,[],
20200929_trump_biden,BIDEN,"The American people have a right to have a say in who the Supreme Court nominee is and that say occurs when they vote for United States Senators and when they vote for the President of United States. They're not going to get that chance now because we're in the middle of an election already. The election has already started. Tens of thousands of people already voted and so the thing that should happen is we should wait. We should wait and see what the outcome of this election is because that's the only way the American people get to express their view is by who they elect as President and who they elect as Vice President. Now, what's at stake here is the President's made it clear, he wants to get rid of the Affordable Care Act. He's been running on that, he ran on that and he's been governing on that. He's in the Supreme Court right now trying to get rid of the Affordable Care Act, which will strip 20million people from having health insurance now, if it goes into court. And the justice, I'm not opposed to the justice, she seems like a very fine person. But she's written, before she went in the bench, which is her right, that she thinks that the Affordable Care Act is not Constitutional. The other thing that's on the court, and if it's struck down, what happens? Women's rights are fundamentally changed. Once again, a woman could pay more money because she has a pre-existing condition of pregnancy. They're able to charge women more for the same exact procedure a man gets. And that ended when we, in fact, passed the Affordable Care Act, and there's a hundred million people who have pre-existing conditions and they'll be taken away as well. Those pre-existing conditions, insurance companies are going to love this. And so it's just not appropriate to do this before this election. If he wins the election and the Senate is Republican, then he goes forward. If not, we should wait until February.",True,"[{""start"": 906, ""end"": 957, ""text"": ""strip 20million people from having health insurance"", ""reason_text"": """", ""reason_choices"": [""numerical absolute"", ""forecast/projection""]}, {""start"": 1144, ""end"": 1205, ""text"": ""she thinks that the Affordable Care Act is not Constitutional"", ""reason_text"": """", ""reason_choices"": [""attribution"", ""stance/support""]}, {""start"": 1339, ""end"": 1419, ""text"": ""woman could pay more money because she has a pre-existing condition of pregnancy"", ""reason_text"": """", ""reason_choices"": [""comparative/temporal"", ""medical""]}, {""start"": 1421, ""end"": 1494, ""text"": ""They're able to charge women more for the same exact procedure a man gets"", ""reason_text"": """", ""reason_choices"": [""comparative/temporal"", ""medical""]}, {""start"": 1565, ""end"": 1630, ""text"": ""there's a hundred million people who have pre-existing conditions"", ""reason_text"": """", ""reason_choices"": [""numerical absolute"", ""medical""]}]",
20200929_trump_biden,TRUMP,"There aren't a hundred million people with pre-existing conditions. As far as a say is concerned, the people already had their say. Okay, Justice Ginsburg said very powerfully, very strongly, at some point 10 years ago or so, she said a President and the Senate is elected for a period of time, but a President is elected for four years. We're not elected for three years. I'm not elected for three years. So we have the Senate, we have a President-",True,"[{""start"": 0, ""end"": 66, ""text"": ""There aren't a hundred million people with pre-existing conditions"", ""reason_text"": """", ""reason_choices"": [""numerical absolute"", ""medical""]}]",
20200929_trump_biden,BIDEN,He's elected to the next election.,False,[],
20200929_trump_biden,TRUMP,"During that period of time, during that period of time, we have an opening. I'm not elected for three years. I'm elected for four years. Joe, the hundred million people is totally wrong. I don't know where you got that number. The bigger problem that you have is that you're going to extinguish 180million people with their private health care, that they're very happy with.",True,"[{""start"": 142, ""end"": 185, ""text"": ""the hundred million people is totally wrong"", ""reason_text"": """", ""reason_choices"": [""numerical absolute""]}, {""start"": 295, ""end"": 343, ""text"": ""180million people with their private health care"", ""reason_text"": """", ""reason_choices"": [""numerical absolute"", ""medical""]}]",
20200929_trump_biden,BIDEN,That's simply not true.,False,[],
20200929_trump_biden,TRUMP,"Well, you're certainly going to socialist. You're going to socialist medicine-",False,[],
20200929_trump_biden,WALLACE,"Gentlemen, we're now into open discussion.",False,[],
20200929_trump_biden,BIDEN,Open discussion.,False,[],
20200929_trump_biden,WALLACE,"Open discussion, yes, I agree. Go ahead, Vice President.",False,[],
20200929_trump_biden,BIDEN,"Number one, he knows what I proposed. What I proposed is that we expand Obamacare and we increase it. We do not wipe any. And one of the big debates we had with 23 of my colleagues trying to win the nomination that I won, were saying that Biden wanted to allow people to have private insurance still. They can. They do. They will under my proposal.",False,[],
20200929_trump_biden,TRUMP,That's not what you've said and it's not what your party is saying.,False,[],
20200929_trump_biden,BIDEN,That is simply a lie.,False,[],
20200929_trump_biden,TRUMP,Your party doesn't say it. Your party wants to go socialist medicine and socialist healthcare.,False,[],
20200929_trump_biden,BIDEN,"The party is me. Right now, I am the Democratic Party.",False,[],
20200929_trump_biden,TRUMP,"And they're going to dominate you, Joe. You know that.",False,[],
20200929_trump_biden,BIDEN,I am the Democratic Party right now.,False,[],
20200929_trump_biden,TRUMP,Not according to Harris.,False,[],
20200929_trump_biden,BIDEN,"The platform of the Democratic Party is what I, in fact, approved of, what I approved of. Now, here's the deal. The deal is that it's going to wipe out pre-existing conditions. And, by the way, the 200,000 people that have died on his watch, how many of those have survived? Well, there's seven million people that contracted COVID. What does it mean for them going forward if you strike down the Affordable Care Act?",True,"[{""start"": 198, ""end"": 240, ""text"": ""200,000 people that have died on his watch"", ""reason_text"": """", ""reason_choices"": [""numerical absolute"", ""medical""]}, {""start"": 281, ""end"": 331, ""text"": ""there's seven million people that contracted COVID"", ""reason_text"": """", ""reason_choices"": [""numerical absolute"", ""medical""]}]",
20200929_trump_biden,TRUMP,"Joe, you've had 308,000 military people dying because you couldn't provide them proper healthcare in the military. So don't tell me about this.",True,"[{""start"": 16, ""end"": 45, ""text"": ""308,000 military people dying"", ""reason_text"": """", ""reason_choices"": [""numerical absolute""]}, {""start"": 46, ""end"": 113, ""text"": ""because you couldn't provide them proper healthcare in the military"", ""reason_text"": """", ""reason_choices"": [""causation"", ""medical""]}]",
20200929_trump_biden,BIDEN,I'm happy to talk about this.,False,[],
20200929_trump_biden,TRUMP,"And if you were here, it wouldn't be 200, it would be two million people because you were very late on the draw. You didn't want me to ban China, which was heavily infected. You didn't want me to ban Europe.",True,"[{""start"": 139, ""end"": 172, ""text"": ""China, which was heavily infected"", ""reason_text"": """", ""reason_choices"": [""medical""]}]",
20200929_trump_biden,WALLACE,"All right, gentlemen, Mr. President.",False,[],
20200929_trump_biden,TRUMP,"You would have been much later, Joe, much later.",False,[],
20200929_trump_biden,WALLACE,Mr. President.,False,[],
20200929_trump_biden,TRUMP,We're talking about two million people.,False,[],
20200929_trump_biden,BIDEN,You're not going to be able to shut him up.,False,[],
20200929_trump_biden,WALLACE,"Mr. President, as the moderator, we are going to talk about COVID in the next segment. But go ahead.",False,[],
20200929_trump_biden,BIDEN,"Let me finish. The point is that the President also is opposed to Roe V. Wade. That's on the ballot as well and the court, in the court, and so that's also at stake right now. And so the election is all-",False,[],
20200929_trump_biden,TRUMP,You don't know what's on the ballot. Why is it on the ballot? Why is it on the ballot? It's not on the ballot.,False,[],
20200929_trump_biden,BIDEN,It's on the ballot in the court.,False,[],
20200929_trump_biden,TRUMP,I don't think so.,False,[],
20200929_trump_biden,BIDEN,In the court.,False,[],
20200929_trump_biden,TRUMP,There's nothing happening there.,False,[],
20200929_trump_biden,BIDEN,Donald would you just be quiet for a minute.,False,[],
20200929_trump_biden,TRUMP,You don't know her view on Roe V. Wade? You don't know here view.,False,[],
20200929_trump_biden,WALLACE,"Well, all right. All right. Let's talk. We've got a lot to unpack here, gentlemen. We've got a lot of time. On healthcare, and then we'll come back to Roe V. Wade.",False,[],
20200929_trump_biden,BIDEN,All right.,False,[],
20200929_trump_biden,WALLACE,"Mr. President, the Supreme Court will hear a case a week after the election in which the Trump Administration, along with 18 state Attorney Generals are seeking to overturn Obamacare, to end Obamacare.",False,[],
20200929_trump_biden,TRUMP,That's right.,False,[],
20200929_trump_biden,WALLACE,You have spent the last week-,False,[],
20200929_trump_biden,TRUMP,Because they want to give good healthcare.,False,[],
20200929_trump_biden,WALLACE,"If I may ask my question, sir.",False,[],
20200929_trump_biden,BIDEN,Good healthcare.,False,[],
20200929_trump_biden,WALLACE,"Over the last four years, you have promised to repeal and replace Obamacare, but you have never in these four years come up with a plan, a comprehensive plan, to replace Obamacare.",False,[],
20200929_trump_biden,TRUMP,"Yes, I have. Of course, I have. The individual mandate.",False,[],
20200929_trump_biden,WALLACE,[crosstalk] when I finish I'm going to give an opportunity-,False,[],
20200929_trump_biden,TRUMP,"Excuse me. I got rid of the individual mandate, which was a big chunk of Obamacare.",False,[],
20200929_trump_biden,WALLACE,That's not a comprehensive place.,False,[],
20200929_trump_biden,TRUMP,That is absolutely a big thing. That was the worst part of Obamacare.,False,[],
20200929_trump_biden,WALLACE,"I didn't ask, sir.",False,[],
20200929_trump_biden,TRUMP,"Chris, that was the worst part of Obamacare.",False,[],
20200929_trump_biden,WALLACE,You're debating him not me. Let me ask my question.,False,[],
20200929_trump_biden,TRUMP,"Well, I'll ask Joe. The individual mandate was the most unpopular aspect of Obamacare.",True,"[{""start"": 24, ""end"": 85, ""text"": ""individual mandate was the most unpopular aspect of Obamacare"", ""reason_text"": """", ""reason_choices"": [""ranking"", ""political"", ""medical""]}]",
20200929_trump_biden,WALLACE,Mr. President.,False,[],
20200929_trump_biden,TRUMP,I got rid of it. And we will protect people.,False,[],
20200929_trump_biden,WALLACE,"Mr. President, I'm the moderator of this debate and I would like you to let me ask my question and then you can answer.",False,[],
20200929_trump_biden,TRUMP,Go ahead.,False,[],
20200929_trump_biden,WALLACE,"You, in the course of these four years, have never come up with a comprehensive plan to replace Obamacare, and just this last Thursday you signed a largely symbolic Executive Order to protect people with pre-existing conditions five days before this debate. So my question, sir, is what is the Trump healthcare plan?",False,[],
20200929_trump_biden,TRUMP,"Well, first of all, I guess I'm debating you, not him, but that's okay. I'm not surprised. Let me just tell you something. There's nothing symbolic. I'm cutting drug prices. I'm going with Favored Nations, which no President has the courage to do because you're going against big pharma. Drug prices will be coming down 80 or 90%. You could have done it during your 47 year period in government, but you didn't do it. Nobody's done it. So we're cutting healthcare.",False,[],
20200929_trump_biden,WALLACE,What about pre-existing conditions?,False,[],
20200929_trump_biden,TRUMP,All of the things that we've done.,False,[],
20200929_trump_biden,BIDEN,He has not done healthcare.,False,[],
20200929_trump_biden,TRUMP,"I'll give you an example. Insulin, it was destroying families, destroying people, the cost. I'm getting it for so cheap it's like water, you want to know the truth. So cheap. Take a look at all of the drugs that what we're doing. Prescription drug prices, we're going to allow our Governors now to go to other countries to buy drugs because when they paid just a tiny fraction of what we do.",True,"[{""start"": 92, ""end"": 119, ""text"": ""I'm getting it for so cheap"", ""reason_text"": """", ""reason_choices"": [""economic""]}, {""start"": 346, ""end"": 390, ""text"": ""they paid just a tiny fraction of what we do"", ""reason_text"": """", ""reason_choices"": [""comparative/temporal""]}]",
20200929_trump_biden,WALLACE,"Okay, like I say, this is open discussion.",False,[],
20200929_trump_biden,TRUMP,This is big stuff.,False,[],
20200929_trump_biden,WALLACE,"Sir, you'll be happy. I'm about to pick up on one of your points to ask the Vice President, which is, he points out that you would like to add a public option to Obamacare.",False,[],
20200929_trump_biden,BIDEN,Yes.,False,[],
20200929_trump_biden,WALLACE,And the argument that he makes and other Republicans make is that that is going to end private insurance.,False,[],
20200929_trump_biden,BIDEN,It is not.,False,[],
20200929_trump_biden,WALLACE,If I start asking the question.,False,[],
20200929_trump_biden,TRUMP,"That's not what your party says, by the way.",False,[],
20200929_trump_biden,WALLACE,And it will end private insurance and create a government takeover of health.,False,[],
20200929_trump_biden,BIDEN,"It does not. It's only for those people who are so poor they qualify for Medicaid they can get that free in most States, except Governors who want to deny people who are poor Medicaid. Anyone who qualifies for Medicaid would automatically be enrolled in the public option. The vast majority of the American people would still not be in that option. Number one. Number two.",False,[],
20200929_trump_biden,TRUMP,"Joe, you agreed with Bernie Sanders, who's far left, on the manifesto, we call it. And that gives you socialized medicine.",True,"[{""start"": 5, ""end"": 35, ""text"": ""you agreed with Bernie Sanders"", ""reason_text"": ""support relation"", ""reason_choices"": [""stance/support"", ""political""]}, {""start"": 21, ""end"": 51, ""text"": ""Bernie Sanders, who's far left"", ""reason_text"": ""ideology"", ""reason_choices"": [""stance/support"", ""political""]}]",
20200929_trump_biden,BIDEN,"Look, hey.",False,[],
20200929_trump_biden,TRUMP,Are you saying you didn't agree?,False,[],
20200929_trump_biden,BIDEN,I'm not going to listen to him. The fact of the matter is I beat Bernie Sanders.,False,[],
20200929_trump_biden,TRUMP,Not by much.,False,[],
20200929_trump_biden,BIDEN,I beat him by a whole hell of a lot.,False,[],
20200929_trump_biden,TRUMP,Not by much.,False,[],
20200929_trump_biden,BIDEN,"I'm here standing facing you, old buddy.",False,[],
20200929_trump_biden,TRUMP,If Pocahontas would have left two days early you would have lost every primary.,False,[],
20200929_trump_biden,BIDEN,All he knows how to do-,False,[],
20200929_trump_biden,TRUMP,"On Super Tuesday, you got very lucky.",False,[],
20200929_trump_biden,BIDEN,Look he's the deal. I got very lucky. I'm going to get very lucky tonight as well.,False,[],
20200929_trump_biden,TRUMP,With what?,False,[],
20200929_trump_biden,BIDEN,And tonight I'm going to make sure.,False,[],
20200929_trump_biden,TRUMP,With what?,False,[],
20200929_trump_biden,BIDEN,"Because here's the deal, here's the deal. The fact is that everything he's saying so far is simply a lie. I'm not here to call out his lies. Everybody knows he's a liar.",False,[],
20200929_trump_biden,TRUMP,"But you agree. Joe, you're the liar. You graduated last in your class not first in your class.",False,[],
20200929_trump_biden,BIDEN,"God, I want to make sure-",False,[],
20200929_trump_biden,WALLACE,"Mr. President, can you let him finish, sir?",False,[],
20200929_trump_biden,BIDEN,"No, he doesn't know how to do that.",False,[],
20200929_trump_biden,TRUMP,"You'd be surprised. You'd be surprised. Go ahead, Joe.",False,[],
20200929_trump_biden,BIDEN,"The wrong guy, the wrong night, at the wrong time.",False,[],
20200929_trump_biden,TRUMP,"Listen, you agreed with Bernie Sanders and the manifesto.",True,"[{""start"": 8, ""end"": 56, ""text"": ""you agreed with Bernie Sanders and the manifesto"", ""reason_text"": ""support"", ""reason_choices"": [""stance/support"", ""political""]}]",
20200929_trump_biden,BIDEN,"There is no manifesto, number one.",False,[],
20200929_trump_biden,WALLACE,"Please let him speak, Mr. President.",False,[],
20200929_trump_biden,BIDEN,Number two.,False,[],
20200929_trump_biden,TRUMP,He just lost the left.,False,[],
20200929_trump_biden,BIDEN,Number two.,False,[],
20200929_trump_biden,TRUMP,"You just lost the left. You agreed with Bernie Sanders on a plan that you absolutely agreed to and under that plan [crosstalk], they call it socialized medicine.",True,"[{""start"": 24, ""end"": 54, ""text"": ""You agreed with Bernie Sanders"", ""reason_text"": ""support"", ""reason_choices"": [""stance/support"", ""political""]}]",
20200929_trump_biden,WALLACE,Mr. President.,False,[],
20200929_trump_biden,BIDEN,"I'll tell you what, he is not for any help for people needing healthcare.",False,[],
20200929_trump_biden,TRUMP,"Who is, Bernie?",False,[],
20200929_trump_biden,BIDEN,"Because he, in fact, already has costs 10 million people their healthcare that they had from their employers because of his recession. Number one. Number two, there are 20 million people getting healthcare through Obamacare now that he wants to take it away. He won't ever look you in the eye and say that's what he wants to do. Take it away.",True,"[{""start"": 21, ""end"": 73, ""text"": ""already has costs 10 million people their healthcare"", ""reason_text"": """", ""reason_choices"": [""numerical absolute"", ""medical""]}, {""start"": 159, ""end"": 223, ""text"": ""there are 20 million people getting healthcare through Obamacare"", ""reason_text"": """", ""reason_choices"": [""numerical absolute"", ""medical""]}, {""start"": 233, ""end"": 257, ""text"": ""he wants to take it away"", ""reason_text"": """", ""reason_choices"": [""stance/support""]}]",
20200929_trump_biden,TRUMP,"No, I want to give them better healthcare at a much lower price, because Obamacare is no good.",False,[],
20200929_trump_biden,BIDEN,He doesn't know how. He doesn't know how to do that.,False,[],
20200929_trump_biden,TRUMP,I've already fixed it.,False,[],
20200929_trump_biden,BIDEN,He has never offered a plan.,False,[],
20200929_trump_biden,TRUMP,"We've already fixed it to an extent. Obamacare, as you might know but probably don't, Obamacare is no good.",False,[],
20200929_trump_biden,WALLACE,"Gentlemen, you realize if you're both speaking at the same time. Let the President. Go ahead, sir.",False,[],
20200929_trump_biden,TRUMP,"Obamacare is no good. We made it better and I had a choice to make very early on. We took away the individual mandate. We guaranteed pre-existing conditions, but took away the individual mandate. Listen, this is the way it is. And that destroyed ... They shouldn't even call it Obamacare, then I had a choice to make, do I let my people run it really well or badly? If I run it badly, they'll probably blame him, but they'll blame me. But more importantly, I want to help people. Okay. I said, ""You've got to run it so well."" And I just had a meeting with them. They said the problem is, no matter how well you run Obamacare, it's a disaster. It's too expensive. Premiums are too high, that it doesn't work. So we do want to get rid of it. Chris, we want to get rid of that and give something that's cheaper and better.",True,"[{""start"": 643, ""end"": 684, ""text"": ""It's too expensive. Premiums are too high"", ""reason_text"": """", ""reason_choices"": [""vague quantitative"", ""economic""]}]",
20200929_trump_biden,WALLACE,"I understand that, sir. But I have to give you roughly equal time.",False,[],
20200929_trump_biden,TRUMP,Go ahead.,False,[],
20200929_trump_biden,WALLACE,"Please let the Vice President talk, sir.",False,[],
20200929_trump_biden,TRUMP,Good.,False,[],
20200929_trump_biden,BIDEN,He has no plan for healthcare.,False,[],
20200929_trump_biden,TRUMP,"Of course, we do.",False,[],
20200929_trump_biden,WALLACE,Please.,False,[],
20200929_trump_biden,BIDEN,"He sends out wishful thinking. He has Executive Orders that have no power. He hasn't lowered drug costs for anybody. He's been promising a healthcare plan since he got elected. He has none, like almost everything else he talks about. He does not have a plan. He doesn't have a plan. And the fact is this man doesn't know what he's talking about. [crosstalk].",True,"[{""start"": 75, ""end"": 115, ""text"": ""He hasn't lowered drug costs for anybody"", ""reason_text"": """", ""reason_choices"": [""comparative/temporal"", ""economic"", ""medical""]}]",
20200929_trump_biden,WALLACE,"All right, I have one final question for you.",False,[],
20200929_trump_biden,BIDEN,Sure.,False,[],
20200929_trump_biden,WALLACE,"Mr. Vice President, if Senate Republicans, we were talking originally about the Supreme Court here, if Senate Republicans go ahead and confirm Justice Barrett there has been talk about ending the filibuster or even packing the court, adding to the nine justices there. You call this a distraction by the President. But, in fact, it wasn't brought up by the President. It was brought up by some of your Democratic colleagues in the Congress. So my question to you is, you have refused in the past to talk about it, are you willing to tell the American tonight whether or not you will support either ending the filibuster or packing the court?",True,"[{""start"": 329, ""end"": 439, ""text"": ""it wasn't brought up by the President. It was brought up by some of your Democratic colleagues in the Congress"", ""reason_text"": """", ""reason_choices"": [""stance/support"", ""political""]}]",
20200929_trump_biden,BIDEN,"Whatever position I take on that, that'll become the issue. The issue is the American people should speak. You should go out and vote. You're voting now. Vote and let your Senators know strongly how you feel.",False,[],
20200929_trump_biden,TRUMP,Are you going to pack the court?,False,[],
20200929_trump_biden,BIDEN,Vote now.,False,[],
20200929_trump_biden,TRUMP,Are you going to pack the court?,False,[],
20200929_trump_biden,BIDEN,"Make sure you, in fact, let people know, your Senators.",False,[],
20200929_trump_biden,TRUMP,He doesn't want to answer the question.,False,[],
20200929_trump_biden,BIDEN,I'm not going to answer the question.,False,[],
20200929_trump_biden,TRUMP,Why wouldn't you answer that question? You want to put a lot of new Supreme Court Justices. Radical left.,False,[],
20200929_trump_biden,BIDEN,"Will you shut up, man?",False,[],
20200929_trump_biden,TRUMP,"Listen, who is on your list, Joe? Who's on your list?",False,[],
20200929_trump_biden,WALLACE,"Gentlemen, I think we've ended this-",False,[],
20200929_trump_biden,BIDEN,This is so un-Presidential.,False,[],
20200929_trump_biden,TRUMP,He's going to pack the court. He is not going to give a list.,False,[],
20200929_trump_biden,WALLACE,We have ended the segment. We're going to move on to the second segment.,False,[],
20200929_trump_biden,BIDEN,"That was really a productive segment, wasn't it? Keep yapping, man.",False,[],
20200929_trump_biden,TRUMP,"The people understand, Joe.",False,[],
20200929_trump_biden,BIDEN,They sure do.,False,[],
20200929_trump_biden,TRUMP,"47 years, you've done nothing. They're understand.",False,[],
20200929_trump_biden,WALLACE,"All right, the second subject is COVID-19, which is an awfully serious subject. So let's try to be serious about it. We have had more than seven million cases of coronavirus in the United States and more than 200,000 people have died. Even after we produce a vaccine, experts say that it could be months or even years before we come back to anything approaching normal. My question for both of you is, based on what you have said and done so far, and what you have said you would do starting in 2021, why should the American people trust you more than your opponent to deal with this public health crisis going forward? In this case, the question goes to you first, sir. Two minutes, uninterrupted.",True,"[{""start"": 129, ""end"": 194, ""text"": ""more than seven million cases of coronavirus in the United States"", ""reason_text"": """", ""reason_choices"": [""numerical absolute"", ""medical""]}, {""start"": 199, ""end"": 233, ""text"": ""more than 200,000 people have died"", ""reason_text"": """", ""reason_choices"": [""numerical absolute""]}]",
20200929_trump_biden,BIDEN,"Good luck. 200,000 dead. As you said, over seven million infected in the United States. We, in fact, have 4% of the world's population, 20% of the deaths. 40,000 people a day are contracting COVID. In addition to that, about between 750 and 1000 people a day are dying. When he was presented with that number, he said, ""It is what it is."" Well, it is what it is because you are who you are. That's why it is. The President has no plan. He hasn't laid out anything. He knew all the way back in February how serious this crisis was. He knew it was a deadly disease. What did he do? He's on tape as acknowledging he knew it. He said he didn't tell us or give people a warning of it because he didn't want to panic the American people. You don't panic. He panicked. In addition to that, what did he do?",True,"[{""start"": 11, ""end"": 23, ""text"": ""200,000 dead"", ""reason_text"": """", ""reason_choices"": [""numerical absolute"", ""medical""]}, {""start"": 38, ""end"": 86, ""text"": ""over seven million infected in the United States"", ""reason_text"": """", ""reason_choices"": [""numerical absolute"", ""medical""]}, {""start"": 106, ""end"": 153, ""text"": ""4% of the world's population, 20% of the deaths"", ""reason_text"": """", ""reason_choices"": [""statistical"", ""medical""]}, {""start"": 155, ""end"": 196, ""text"": ""40,000 people a day are contracting COVID"", ""reason_text"": """", ""reason_choices"": [""numerical absolute"", ""medical""]}, {""start"": 219, ""end"": 268, ""text"": ""about between 750 and 1000 people a day are dying"", ""reason_text"": """", ""reason_choices"": [""numerical absolute"", ""medical""]}, {""start"": 580, ""end"": 620, ""text"": ""He's on tape as acknowledging he knew it"", ""reason_text"": """", ""reason_choices"": [""epistemic""]}]",
20200929_trump_biden,BIDEN,He went in and we were insisting that the people we had in the ground in China should be able to go to Wuhan and determine for themselves how dangerous this was. He did not even ask Xi to do that.,False,[],
20200929_trump_biden,TRUMP,Wrong.,False,[],
20200929_trump_biden,BIDEN,He told us what a great job Xi was doing. He said we owe him debt of gratitude for being so transparent with us. And what did he do then? He then did nothing. He waited and waited and waited. He still doesn't have a plan.,False,[],
20200929_trump_biden,TRUMP,Wrong.,False,[],
20200929_trump_biden,WALLACE,"Sir, it's his two minutes.",False,[],
20200929_trump_biden,TRUMP,It's so wrong.,False,[],
20200929_trump_biden,BIDEN,"I laid out back in March, exactly what we should be doing. And I laid out again in July, what we should be doing. We should be providing all the protective gear possible. We should be providing the money the House has passed in order to be able to go out and get people the help they need to keep their businesses open. Open schools cost a lot of money. You should get out of your bunker and get out of the sand trap in your golf course and go in the Oval Office and bring together the Democrats and Republicans and fund what needs to be done now to save lives.",False,[],
20200929_trump_biden,TRUMP,"So, if we would have listened to you.",False,[],
20200929_trump_biden,WALLACE,"Wait, wait. You have two minutes, sir.",False,[],
20200929_trump_biden,TRUMP,"If we would've listened to you, the country would have been left wide open, millions of people would have died, not 200,000. And one person is too much. It's China's fault. It should have never happened. They stopped it from going in, but it was China's fault. And, by the way, when you talk about numbers, you don't know how many people died in China. You don't know how many people died in Russia. You don't know how many people died in India. They don't exactly give you a straight count, just so you understand. But if you look at what we've done, I closed it and you said, ""He's xenophobic. He's a racist and he's xenophobic,"" because you didn't think I should have closed our country. Wait a minute.",True,"[{""start"": 311, ""end"": 351, ""text"": ""don't know how many people died in China"", ""reason_text"": """", ""reason_choices"": [""conspiratorial""]}, {""start"": 357, ""end"": 398, ""text"": ""don't know how many people died in Russia"", ""reason_text"": """", ""reason_choices"": [""conspiratorial""]}, {""start"": 404, ""end"": 444, ""text"": ""don't know how many people died in India"", ""reason_text"": """", ""reason_choices"": [""conspiratorial""]}, {""start"": 446, ""end"": 490, ""text"": ""They don't exactly give you a straight count"", ""reason_text"": """", ""reason_choices"": [""conspiratorial""]}]",
20200929_trump_biden,WALLACE,"Sir, it's his two minutes.",False,[],
20200929_trump_biden,TRUMP,"You didn't think we should have closed our country because you thought it was terrible. You wouldn't have closed it for another two months. By my doing it early, in fact, Dr. Fauci said, ""President Trump saved thousands of lives."" Many of your Democrat Governors said, ""President Trump did a phenomenal job."" We worked with the Governor. Oh really, go take a look. The Governors said I did a phenomenal job. Most of them said that. In fact, people that would not be necessarily on my side said that, ""President Trump did a phenomenal job."" We did. We got the gowns. We got the masks. We made the ventilators. You wouldn't have made ventilators. And now we're weeks away from a vaccine. We're doing therapeutics already. Fewer people are dying when they get sick. Far fewer people are dying. We've done a great job.",True,"[{""start"": 548, ""end"": 607, ""text"": ""We got the gowns. We got the masks. We made the ventilators"", ""reason_text"": """", ""reason_choices"": [""medical""]}, {""start"": 720, ""end"": 761, ""text"": ""Fewer people are dying when they get sick"", ""reason_text"": """", ""reason_choices"": [""comparative/temporal"", ""medical""]}]",
20200929_trump_biden,TRUMP,"The only thing I haven't done a good job, and that's because of the fake news, no matter what you say to them, they give you a bad press on it. It's just fake news. They give you good press, they give me bad press because that's the way it is, unfortunately. But let me just say something. I don't care. I've gotten used to it. But I'll tell you, Joe, you could never have done the job that we did. You don't have it in your blood. You could've never done that, Joe.",False,[],
20200929_trump_biden,BIDEN,I know how to do the job. I know how to get the job done.,False,[],
20200929_trump_biden,TRUMP,"Well, you didn't do very well in Swine Flu. H1-N1, you were a disaster. Your own Chief of Staff said you were a disaster.",False,[],
20200929_trump_biden,BIDEN,"14,000 people died, not 200,000.",True,"[{""start"": 0, ""end"": 18, ""text"": ""14,000 people died"", ""reason_text"": """", ""reason_choices"": [""numerical absolute"", ""medical""]}, {""start"": 20, ""end"": 31, ""text"": ""not 200,000"", ""reason_text"": """", ""reason_choices"": [""numerical absolute""]}]",
20200929_trump_biden,TRUMP,"A far less lethal disease, by the way.",True,"[{""start"": 2, ""end"": 25, ""text"": ""far less lethal disease"", ""reason_text"": """", ""reason_choices"": [""comparative/temporal"", ""medical""]}]",
20200929_trump_biden,WALLACE,"Sir, you made a point. Let him answer it.",False,[],
20200929_trump_biden,BIDEN,"And there was no one ... We didn't shut down the economy. This is his economy he shut down. The reason it's shut down is because, look, you folks at home. How many of you got up this morning and had an empty chair at the kitchen table because someone died of COVID? How many of you are in a situation where you lost your mom or dad and you couldn't even speak to them, you had a nurse holding a phone up so you could in fact say goodbye?",False,[],
20200929_trump_biden,TRUMP,"We would have lost far more people, far more people. You would have been months late. You're months behind me, Joe.",False,[],
20200929_trump_biden,BIDEN,"His own CDC Director says we could lose as many as another 200,000 people between now and the end of the year. And he said, if we just wear a mask, we can save half those numbers. Just a mask. And by the way, in terms of the whole notion of a vaccine, we're for a vaccine, but I don't trust him at all. Nor do you. I know you don't. What we trust is a scientist.",False,[],
20200929_trump_biden,TRUMP,"You don't trust Johnson & Johnson, Pfizer?",False,[],
20200929_trump_biden,WALLACE,"Okay, gentlemen, gentlemen. Let me move on to questions about the future because you both have touched on two of the questions I'm going to ask. Focusing on the future first, President Trump, you have repeatedly either contradicted or been at odds with some of your governments own top scientists. The week before last, the Head of the Centers for Disease Control, Dr. Redfield said it would be summer before the vaccine would become generally available to the public. You said that he was confused and mistaken. Those were your two words. But Dr. Slaoui, the head of your Operation Warp Speed, has said exactly the same thing. Are they both wrong?",False,[],
20200929_trump_biden,TRUMP,"Well, I've spoken to the companies and we can have it a lot sooner. It's a very political thing because people like this would rather make it political than save lives.",False,[],
20200929_trump_biden,BIDEN,God.,False,[],
20200929_trump_biden,TRUMP,"It is a very political thing. I've spoken to Pfizer, I've spoken to all of the people that you have to speak to, Moderna, Johnson & Johnson, and others. They can go faster than that by a lot. It's become very political because the left... Or I don't know if I call them left, I don't know what I call them.",True,"[{""start"": 113, ""end"": 191, ""text"": ""Moderna, Johnson & Johnson, and others. They can go faster than that by a lot."", ""reason_text"": """", ""reason_choices"": [""conspiratorial"", ""medical""]}]",
20200929_trump_biden,WALLACE,"So you're suggesting that the head of your Operation Warp Speed, Dr. Slaoui-",False,[],
20200929_trump_biden,TRUMP,"I disagree with him. No, I disagree with both of them. And he didn't say that. He said it could be there, but it could also be much sooner. I had him in my office two days ago.",False,[],
20200929_trump_biden,WALLACE,"He talked about the summer, sir, before it's generally available, just like Dr. Redfield.",False,[],
20200929_trump_biden,TRUMP,Because he said it's a possibility that we'll have the answer before November 1st. It could also be after that.,False,[],
20200929_trump_biden,WALLACE,"I'm talking about when it's generally available, not-",False,[],
20200929_trump_biden,TRUMP,"Well, we're going to deliver it right away. We have the military all set up. Logistically, they're all set up. We have our military that delivers soldiers and they can do 200,000 a day. They're going to be delivering-",True,"[{""start"": 159, ""end"": 184, ""text"": ""they can do 200,000 a day"", ""reason_text"": """", ""reason_choices"": [""numerical absolute""]}]",
20200929_trump_biden,BIDEN,This is the same man who told you-,False,[],
20200929_trump_biden,TRUMP,It's all set up.,False,[],
20200929_trump_biden,BIDEN,"... by Easter, this would be gone away. By the warm weather, it'd be gone. Miraculous, like a miracle. And by the way, maybe you could inject some bleach in your arm, and that would take care of it. This is the same man.",False,[],
20200929_trump_biden,TRUMP,"That was said sarcastically, and you know that. That was said sarcastically.",False,[],
20200929_trump_biden,BIDEN,"So here's the deal. This man is talking about a vaccine. Every serious company is talking about maybe having a vaccine done by the end of the year, but the distribution of that vaccine will not occur until sometime beginning of the middle of next year to get it out, if we get the vaccine. And pray God we will. Pray God we will.",False,[],
20200929_trump_biden,WALLACE,"Mr. Vice President, I want to pick up-",False,[],
20200929_trump_biden,TRUMP,You'll have the vaccine sooner than that.,False,[],
20200929_trump_biden,WALLACE,"I want to pick up on this question though. You say the public can trust the scientists, but they can't trust President Trump. In fact, you said that again tonight. Your running mate, Senator Harris, goes further, saying that public health experts quote, ""Will be muzzled, will be suppressed."" Given the fact that polls already show that people are concerned about the vaccine and are reluctant to take it, are you and your running mate, Senator Harris, contributing to that fear?",False,[],
20200929_trump_biden,BIDEN,No more than the question you just asked him. You pointed out he puts pressure and disagrees with his own scientists.,True,"[{""start"": 62, ""end"": 116, ""text"": ""he puts pressure and disagrees with his own scientists"", ""reason_text"": """", ""reason_choices"": [""stance/support"", ""scientific""]}]",
20200929_trump_biden,WALLACE,But you're saying you can't-,False,[],
20200929_trump_biden,BIDEN,Everybody knows-,False,[],
20200929_trump_biden,WALLACE,Or Senator Harris is saying you can't trust the scientist.,False,[],
20200929_trump_biden,BIDEN,"Well, no, no. You can trust the scientist. She didn't say that. You can trust the-",False,[],
20200929_trump_biden,WALLACE,"She said that public health experts quote, ""Will be muzzled, will be suppressed.""",False,[],
20200929_trump_biden,BIDEN,"Yes. Well, that's what he's going to try to do, but there's thousands of scientists out there, like here at this great hospital that don't work for him. Their job doesn't depend on him. They're the people... And by the way-",False,[],
20200929_trump_biden,TRUMP,We spoke to the scientists that are in charge-,False,[],
20200929_trump_biden,BIDEN,By the way-,False,[],
20200929_trump_biden,TRUMP,... they will have the vaccine very soon.,False,[],
20200929_trump_biden,WALLACE,Let him finish.,False,[],
20200929_trump_biden,BIDEN,"Do you believe for a moment what he's telling you in light of all the lies he's told you about the whole issue relating to COVID? He still hasn't even acknowledged that he knew this was happening, knew how dangerous it was going to be back in February, and he didn't even tell you. He's on record as saying it. He panicked or he just looked at the stock market. One of the two. Because guess what? A lot of people died and a lot more are going to die unless he gets a lot smarter, a lot quicker-",True,"[{""start"": 282, ""end"": 309, ""text"": ""He's on record as saying it"", ""reason_text"": """", ""reason_choices"": [""epistemic""]}]",
20200929_trump_biden,WALLACE,Mr. President?,False,[],
20200929_trump_biden,TRUMP,"Did you use the word smart? So you said you went to Delaware State, but you forgot the name of your college. You didn't go to Delaware State. You graduated either the lowest or almost the lowest in your class. Don't ever use the word smart with me. Don't ever use that word.",True,"[{""start"": 109, ""end"": 140, ""text"": ""You didn't go to Delaware State"", ""reason_text"": ""might be irrelevant"", ""reason_choices"": [""other""]}]",
20200929_trump_biden,BIDEN,"Oh, give me a break.",False,[],
20200929_trump_biden,TRUMP,"Because you know what? There's nothing smart about you, Joe. 47 years you've done nothing.",False,[],
20200929_trump_biden,BIDEN,"Well, let's have this debate-",False,[],
20200929_trump_biden,TRUMP,"Let me just tell you something, Joe. If you would have had the charge of what I was put through, I had to close the greatest economy of the history of our country. And by the way, now it's being built again and it's going up fast.",True,"[{""start"": 112, ""end"": 162, ""text"": ""the greatest economy of the history of our country"", ""reason_text"": """", ""reason_choices"": [""ranking""]}, {""start"": 211, ""end"": 229, ""text"": ""it's going up fast"", ""reason_text"": """", ""reason_choices"": [""vague quantitative""]}]",
20200929_trump_biden,WALLACE,"We'll get to the economy in the next segment, sir.",False,[],
20200929_trump_biden,TRUMP,Okay. It's going up fast. I look forward to talking about it.,False,[],
20200929_trump_biden,WALLACE,"Okay. When it comes to how the virus has been handled so far, the two of you have taken very different approaches, and this is going to affect how the virus is handled going forward by whichever of you ends up becoming the next president. I want to quickly go through several of those. Reopenings. Vice President Biden, you have been much more reluctant than President Trump about reopening the economy and schools. Why, sir?",False,[],
20200929_trump_biden,BIDEN,"Because he doesn't have a plan. If I were running it, I'd know what the plan is. You've got to provide these businesses the ability to have the money to be able to reopen with the PPE, as well as with the sanitation they need. You have to provide them classic-",False,[],
20200929_trump_biden,TRUMP,Tell that to Nancy Pelosi.,False,[],
20200929_trump_biden,BIDEN,Will he just shush for a minute?,False,[],
20200929_trump_biden,TRUMP,"Tell that to Nancy Pelosi, and Schumer [crosstalk] Chuck.",False,[],
20200929_trump_biden,BIDEN,"Nancy Pelosi and Schumer, they have a plan. He won't even meet with them. The Republicans won't meet in the Senate. He sits in his golf course. Well, I mean, literally, think about it. Think about it.",False,[],
20200929_trump_biden,TRUMP,"You probably play more than I do, Joe.",False,[],
20200929_trump_biden,WALLACE,What about this question of reopenings and the fact-,False,[],
20200929_trump_biden,TRUMP,"Well, he wants to shut down this country and I want to keep it open, and we did a great thing by shutting it down-",False,[],
20200929_trump_biden,BIDEN,You just admitted you'd shut it down.,False,[],
20200929_trump_biden,TRUMP,"Wait a minute, Joe. Let me shut you down for a second, Joe, just for one second. He wants to shut down the country. We just went through it. We had to, because we didn't know anything about the disease. Now we've found that elderly people with heart problems and diabetes and different problems are very, very vulnerable. We learned a lot. Young children aren't, even younger people aren't. We've learned a lot, but he wants to shut it down. More people will be hurt by continuing. If you look at Pennsylvania, if you look at certain states that have been shut down, they have Democrat governors, all, one of the reasons they shut down is because they want to keep it shut down until after the election on November 3rd.",True,"[{""start"": 224, ""end"": 320, ""text"": ""elderly people with heart problems and diabetes and different problems are very, very vulnerable"", ""reason_text"": """", ""reason_choices"": []}, {""start"": 340, ""end"": 389, ""text"": ""Young children aren't, even younger people aren't"", ""reason_text"": """", ""reason_choices"": []}]",
20200929_trump_biden,WALLACE,All right. I want to move onto another-,False,[],
20200929_trump_biden,TRUMP,Because it's a political thing.,False,[],
20200929_trump_biden,WALLACE,I want to move onto another subject.,False,[],
20200929_trump_biden,BIDEN,I got to respond to that.,False,[],
20200929_trump_biden,WALLACE,I want to move-,False,[],
20200929_trump_biden,TRUMP,But those states-,False,[],
20200929_trump_biden,WALLACE,"Gentlemen, I want to move onto another subject.",False,[],
20200929_trump_biden,TRUMP,Those states are not doing well that are shut down right now.,False,[],
20200929_trump_biden,BIDEN,I got to respond to that.,False,[],
20200929_trump_biden,TRUMP,He wants to shut down the whole country.,False,[],
20200929_trump_biden,WALLACE,"President Trump, you have begun to increasingly question the effectiveness of masks as a disease preventer. And in fact, recently you have cited the issue of waiters touching their masks and touching plates. Are you questioning the efficacy of masks?",False,[],
20200929_trump_biden,TRUMP,"No, I think masks are okay. You have to understand, if you look... I mean, I have a mask right here. I put a mask on when I think I need it. Tonight, as an example, everybody's had a test and you've had social distancing and all of the things that you have to, but I wear masks-",False,[],
20200929_trump_biden,BIDEN,Just like your rally.,False,[],
20200929_trump_biden,TRUMP,"... when needed. When needed, I wear masks.",False,[],
20200929_trump_biden,WALLACE,Okay. Let me ask-,False,[],
20200929_trump_biden,TRUMP,"I don't wear a mask like him. Every time you see him, he's got a mask. He could be speaking 200 feet away from him and he shows up with the biggest mask I've ever seen. I will say this-",False,[],
20200929_trump_biden,WALLACE,"Vice President Biden, go ahead, sir.",False,[],
20200929_trump_biden,BIDEN,"Look, the way to open businesses is give them the wherewithal to be able open. We provided money, the-",True,"[{""start"": 79, ""end"": 96, ""text"": ""We provided money"", ""reason_text"": """", ""reason_choices"": [""attribution"", ""economic""]}]",
20200929_trump_biden,WALLACE,"But I was asking you, sir, about masks.",False,[],
20200929_trump_biden,BIDEN,"Well, masks make a big difference. His own head of the CDC said if we just wore masks between now, if everybody wore a mask and social distanced between now and January, we'd probably save up to 100,000 lives. It matters. It matters.",True,"[{""start"": 6, ""end"": 33, ""text"": ""masks make a big difference"", ""reason_text"": """", ""reason_choices"": [""vague quantitative"", ""medical""]}]",
20200929_trump_biden,TRUMP,And they've also said the opposite. They've also said-,False,[],
20200929_trump_biden,BIDEN,No serious person has said the opposite. No serious person.,False,[],
20200929_trump_biden,WALLACE,Okay. I want to ask you-,False,[],
20200929_trump_biden,TRUMP,Dr. Fauci. Dr. Fauci said the opposite.,False,[],
20200929_trump_biden,BIDEN,He did not say the opposite.,False,[],
20200929_trump_biden,WALLACE,"I want to ask you, we've got a little than a minute left in this segment.",False,[],
20200929_trump_biden,TRUMP,"He said very strongly, ""Masks are not good."" Then he changed his mind. He said, ""Masks are good.""",False,[],
20200929_trump_biden,WALLACE,I want to ask-,False,[],
20200929_trump_biden,TRUMP,I'm okay with masks. I'm not fighting masks.,True,"[{""start"": 21, ""end"": 43, ""text"": ""I'm not fighting masks"", ""reason_text"": """", ""reason_choices"": [""stance/support""]}]",
20200929_trump_biden,WALLACE,"I want to ask you both about one last subject because your different approaches has even affected the way that you have campaigned. President Trump, you're holding large rallies with crowds packed together, thousands of people.",True,"[{""start"": 149, ""end"": 226, ""text"": ""you're holding large rallies with crowds packed together, thousands of people"", ""reason_text"": """", ""reason_choices"": [""other""]}]",
20200929_trump_biden,TRUMP,Outside.,False,[],
20200929_trump_biden,WALLACE,"Outside. Yes, sir. Agreed. Vice President Biden, you are holding much smaller events with-",False,[],
20200929_trump_biden,TRUMP,Because nobody will show up.,False,[],
20200929_trump_biden,WALLACE,... people with masks.,False,[],
20200929_trump_biden,TRUMP,"Well, it's true. Nobody shows up to his rallies.",False,[],
20200929_trump_biden,WALLACE,"All right. In any case, why you holding the big rallies? Why you not? You go first, sir.",False,[],
20200929_trump_biden,TRUMP,Because people want to hear what I have to say. I mean-,False,[],
20200929_trump_biden,WALLACE,But are not worried about us spreading disease?,False,[],
20200929_trump_biden,TRUMP,"... I'm doing my job as a president, and I'll have 25, 35,000 people show up at airports. We use airports and hangers and we have a lot of people-",True,"[{""start"": 55, ""end"": 76, ""text"": ""35,000 people show up"", ""reason_text"": """", ""reason_choices"": [""numerical absolute""]}]",
20200929_trump_biden,WALLACE,"Are you not worried about the disease issues, sir?",False,[],
20200929_trump_biden,TRUMP,"Well, so far we have had no problem whatsoever. It's outside. That's a big difference according to the experts. We do them outside, we have tremendous crowds, as you see, and literally on 24 hours notice. And Joe does the circles and has three people someplace.",True,"[{""start"": 13, ""end"": 46, ""text"": ""we have had no problem whatsoever"", ""reason_text"": """", ""reason_choices"": [""other""]}, {""start"": 62, ""end"": 85, ""text"": ""That's a big difference"", ""reason_text"": """", ""reason_choices"": [""vague quantitative""]}]",
20200929_trump_biden,BIDEN,"By the way, did you see one of the last big rallies he had? A reporter came up to him to ask him a question, he said, ""No, no, no. Stand back, put on your mask, put on a mask. Have you been tested? I'm way far away from those other people."" That's what he said, ""I'm going to be okay."" He's not worried about you. He's not worried about the people out there [crosstalk].",False,[],
20200929_trump_biden,TRUMP,We've had no negative effect.,True,"[{""start"": 0, ""end"": 28, ""text"": ""We've had no negative effect"", ""reason_text"": """", ""reason_choices"": [""other""]}]",
20200929_trump_biden,BIDEN,No negative effect. Come on.,False,[],
20200929_trump_biden,TRUMP,"We've had no negative effect, and we've had 35, 40,000 people at these rallies.",True,"[{""start"": 0, ""end"": 28, ""text"": ""We've had no negative effect"", ""reason_text"": """", ""reason_choices"": [""other""]}, {""start"": 34, ""end"": 78, ""text"": ""we've had 35, 40,000 people at these rallies"", ""reason_text"": """", ""reason_choices"": [""numerical absolute""]}]",
20200929_trump_biden,WALLACE,All right. Do you want to just quickly finish up? Because I want to move on to our next-,False,[],
20200929_trump_biden,BIDEN,"Yes, I would. He's been totally irresponsible the way in which he has handled the social distancing and people wearing masks, basically encouraged them not to. He's a fool on this.",True,"[{""start"": 136, ""end"": 158, ""text"": ""encouraged them not to"", ""reason_text"": """", ""reason_choices"": [""stance/support""]}]",
20200929_trump_biden,TRUMP,"If you could get the crowds, you would have done the same thing. But you can't. Nobody cares.",False,[],
20200929_trump_biden,WALLACE,"Gentlemen, can we move on to the-",False,[],
20200929_trump_biden,TRUMP,No cares.,False,[],
20200929_trump_biden,WALLACE,"Gentlemen, can we move on to the economy?",False,[],
20200929_trump_biden,TRUMP,Yes.,False,[],
20200929_trump_biden,WALLACE,"The economy is, I think it's fair to say, recovering faster than expected from the shutdown-",False,[],
20200929_trump_biden,TRUMP,Much faster.,False,[],
20200929_trump_biden,WALLACE,"... in the second quarter. The unemployment rate fell to 8.4% last month. The Federal Reserve says the hit to growth, which is going to be there, is not going to be nearly as big as they had expected. President Trump, you say we are in a V-shaped recovery. Vice President Biden, you say it's more of a K-shape. What difference does that mean to the American people in terms of the economy? President Trump, in this segment you go first.",True,"[{""start"": 27, ""end"": 72, ""text"": ""The unemployment rate fell to 8.4% last month"", ""reason_text"": """", ""reason_choices"": [""statistical""]}]",
20200929_trump_biden,TRUMP,"So we built the greatest economy in history. We closed it down because of the China plague. When the plague came in, we closed it down, which was very hard psychologically to do. He didn't think we should close it down and he was wrong. Again, two million people would be dead now instead of... Still, 204,000 people is too much. One person is too much. Should have never happened from China. But what happened is we closed it down and now we're reopening and we're doing record business. We had 10.4 million people in a four month period that we've put back into the workforce. That's a record the likes of which nobody's ever seen before. And he wants to close down the... He will shut it down again. He will destroy this country.",True,"[{""start"": 3, ""end"": 43, ""text"": ""we built the greatest economy in history"", ""reason_text"": """", ""reason_choices"": [""ranking""]}, {""start"": 460, ""end"": 487, ""text"": ""we're doing record business"", ""reason_text"": """", ""reason_choices"": [""ranking""]}, {""start"": 496, ""end"": 577, ""text"": ""10.4 million people in a four month period that we've put back into the workforce"", ""reason_text"": """", ""reason_choices"": [""numerical absolute""]}, {""start"": 586, ""end"": 639, ""text"": ""a record the likes of which nobody's ever seen before"", ""reason_text"": """", ""reason_choices"": [""ranking""]}]",
20200929_trump_biden,TRUMP,"A lot of people, between drugs and alcohol and depression, when you start shutting it down, you take a look at what's happening at some of your Democrat-run states where they have these tough shutdowns. And I'm telling you it's because they don't want to open it. One of them came out last week, you saw that, ""Oh, we're going to open up on November 9th."" Why November 9th? Because it's after the election. They think they're hurting us by keeping them closed. They're hurting people. People know what to do. They can social distance. They can wash their hands, they can wear masks. They can do whatever they want, but they got to open these states up.",True,"[{""start"": 374, ""end"": 405, ""text"": ""Because it's after the election"", ""reason_text"": """", ""reason_choices"": [""conspiratorial"", ""political""]}]",
20200929_trump_biden,TRUMP,"When you look at North Carolina, when you look, and these governors are under siege, Pennsylvania, Michigan, and a couple of others, you got to open these states up. It's not fair. You're talking about almost it's like being in prison. And you look at what's going on with divorce, look at what's going on with alcoholism and drugs. It's a very, very sad thing. And he'll close down the whole country. This guy will close down the whole country and destroy our country. Our country is coming back incredibly well, setting records as it does it. We don't need somebody to come in and say, ""Let's shut it down.""",False,[],
20200929_trump_biden,WALLACE,"All right. Your two minutes, sir. We're now moved to you. As I said, posing the question, the president says it's a V-shape recovery, you say it's a K-shaped recovery. What's the difference?",False,[],
20200929_trump_biden,BIDEN,"The difference is millionaires and billionaires like him in the middle of the COVID crisis have done very well. Billionaires have made another $300 billion because of his profligate tax proposal, and he only focused on the market. But you folks at home, you folks living in Scranton and Claymont and all the small towns and working class towns in America, how well are you doing? This guy paid a total of $750 in taxes.",True,"[{""start"": 112, ""end"": 194, ""text"": ""Billionaires have made another $300 billion because of his profligate tax proposal"", ""reason_text"": """", ""reason_choices"": [""numerical absolute"", ""economic"", ""political""]}, {""start"": 380, ""end"": 418, ""text"": ""This guy paid a total of $750 in taxes"", ""reason_text"": """", ""reason_choices"": [""attribution"", ""economic""]}]",
20200929_trump_biden,TRUMP,That's wrong.,False,[],
20200929_trump_biden,WALLACE,"Sir, wait. No. Sir-",False,[],
20200929_trump_biden,TRUMP,[crosstalk].,False,[],
20200929_trump_biden,WALLACE,"Yeah, I understand. You've agreed to the two minutes, so please let him have it.",False,[],
20200929_trump_biden,BIDEN,"Do I get my time back? The fact is that he has in fact, worked on this in a way that he's going to be the first president of the United States to leave office, having fewer jobs in his administration than when he became president. Fewer jobs than when he became president. First one in American history.",True,"[{""start"": 85, ""end"": 229, ""text"": ""he's going to be the first president of the United States to leave office, having fewer jobs in his administration than when he became president"", ""reason_text"": """", ""reason_choices"": [""ranking"", ""economic""]}]",
20200929_trump_biden,BIDEN,"Secondly, the people who have lost their jobs are those people who have been on the front lines. Those people who have been saving our lives, those people who have been out there dying. People who've been putting themselves in the way to make sure that we could all try to make it. And the idea that he is insisting that we go forward and open when you have almost half the states in America with a significant increase in COVID deaths and COVID cases in the United States of America, and he wants to open it up more. Why is he want to open it up? Why does he take care of the... You can't fix the economy until you fix the COVID crisis. And he has no intention of doing anything about making it better for you all at home in terms of your health and your safety.",True,"[{""start"": 358, ""end"": 451, ""text"": ""almost half the states in America with a significant increase in COVID deaths and COVID cases"", ""reason_text"": """", ""reason_choices"": [""vague quantitative"", ""comparative/temporal"", ""medical""]}]",
20200929_trump_biden,BIDEN,"Schools. Why aren't schools open? Because it costs a lot of money to open them safely. They were going to give, his Administration going to give the teachers and school students masks, and then they decided no, couldn't do that because it's not a national emergency. Not a national emergency. They've done nothing to help small businesses. Nothing. They're closing. One in six is now gone. He ought to get on the job and take care of the needs of the American people so we can open safely.",True,"[{""start"": 42, ""end"": 85, ""text"": ""it costs a lot of money to open them safely"", ""reason_text"": """", ""reason_choices"": [""causation"", ""economic""]}, {""start"": 194, ""end"": 265, ""text"": ""they decided no, couldn't do that because it's not a national emergency"", ""reason_text"": """", ""reason_choices"": [""attribution"", ""stance/support"", ""political""]}, {""start"": 293, ""end"": 338, ""text"": ""They've done nothing to help small businesses"", ""reason_text"": """", ""reason_choices"": [""attribution"", ""economic""]}, {""start"": 366, ""end"": 388, ""text"": ""One in six is now gone"", ""reason_text"": """", ""reason_choices"": [""statistical""]}]",
20200929_trump_biden,WALLACE,"All right. Your time is up, sir. We are going to get to-",False,[],
20200929_trump_biden,TRUMP,I have to respond to that.,False,[],
20200929_trump_biden,WALLACE,"Well, you both had two minutes, sir.",False,[],
20200929_trump_biden,TRUMP,"Excuse me, he made a statement.",False,[],
20200929_trump_biden,WALLACE,And so did you.,False,[],
20200929_trump_biden,TRUMP,"No, people want their schools open. They don't want to be shut down. They don't want their state shut down. They want their restaurants. I look at New York. It's so sad what's happening in New York. It's almost like a ghost town, and I'm not sure it can ever recover what they've done to New York. People want their places open. They want to get back to their lives.",False,[],
20200929_trump_biden,BIDEN,People want to be safe.,False,[],
20200929_trump_biden,TRUMP,"They'll be careful, but they want their schools open.",False,[],
20200929_trump_biden,BIDEN,People want to be safe.,False,[],
20200929_trump_biden,TRUMP,"I'm the one that brought back football. By the way, I brought back Big Ten football. It was me and I'm very happy to do it-",False,[],
20200929_trump_biden,WALLACE,All right. Let's-,False,[],
20200929_trump_biden,TRUMP,... and people of Ohio are very proud of me. And you know how I found out? When [crosstalk].,False,[],
20200929_trump_biden,WALLACE,"Gentlemen, we're going to get to your economic plans going forward in a moment, but first, Mr. President, as you well know, there's a new report that in 2016, the year you were elected president, and 2017, your first year as president, that you paid $750 a year in federal income tax each of those years. I know that you pay a lot of other taxes, but I'm asking you this specific question. Is it true that you paid $750 in federal income taxes each of those two years?",True,"[{""start"": 150, ""end"": 303, ""text"": ""in 2016, the year you were elected president, and 2017, your first year as president, that you paid $750 a year in federal income tax each of those years"", ""reason_text"": """", ""reason_choices"": [""numerical absolute""]}]",
20200929_trump_biden,TRUMP,"I paid millions of dollars in taxes, millions of dollars of income tax. And let me just tell you, there was a story in one of the papers that paid-",True,"[{""start"": 0, ""end"": 35, ""text"": ""I paid millions of dollars in taxes"", ""reason_text"": """", ""reason_choices"": [""vague quantitative"", ""economic""]}]",
20200929_trump_biden,BIDEN,Show us your tax returns.,False,[],
20200929_trump_biden,TRUMP,"I paid $38 million one year, I paid $27 million one year.",True,"[{""start"": 0, ""end"": 27, ""text"": ""I paid $38 million one year"", ""reason_text"": """", ""reason_choices"": [""numerical absolute""]}, {""start"": 29, ""end"": 56, ""text"": ""I paid $27 million one year"", ""reason_text"": """", ""reason_choices"": [""numerical absolute""]}]",
20200929_trump_biden,BIDEN,Show us your tax returns.,False,[],
20200929_trump_biden,TRUMP,"You'll see it as soon as it's finished, you'll see it. You know, if you wanted to, go to the Board of Elections. There's 118 page or so report that says everything I have, every bank I have, I'm totally under leveraged because the assets are extremely good, and I built a great company.",True,"[{""start"": 113, ""end"": 170, ""text"": ""There's 118 page or so report that says everything I have"", ""reason_text"": """", ""reason_choices"": [""epistemic""]}]",
20200929_trump_biden,WALLACE,"Sir, I'm asking you a specific question, which is-",False,[],
20200929_trump_biden,TRUMP,But let me tell you-,False,[],
20200929_trump_biden,WALLACE,I understand all of that.,False,[],
20200929_trump_biden,BIDEN,Release your tax return.,False,[],
20200929_trump_biden,WALLACE,I understand all of that-,False,[],
20200929_trump_biden,TRUMP,Let me-,False,[],
20200929_trump_biden,WALLACE,"No, Mr. President, I'm asking you a question. Will you tell us how much you paid in federal income taxes in 2016 and 2017?",False,[],
20200929_trump_biden,TRUMP,Millions of dollars.,False,[],
20200929_trump_biden,WALLACE,You paid millions of dollars in-,False,[],
20200929_trump_biden,TRUMP,"Millions of dollars, yes.",False,[],
20200929_trump_biden,WALLACE,So not 750?,True,"[{""start"": 3, ""end"": 10, ""text"": ""not 750"", ""reason_text"": """", ""reason_choices"": [""numerical absolute""]}]",
20200929_trump_biden,TRUMP,Millions of dollars. And you'll get to see it. And you'll get to see it.,False,[],
20200929_trump_biden,BIDEN,When?,False,[],
20200929_trump_biden,TRUMP,But let me just tell you-,False,[],
20200929_trump_biden,BIDEN,In [crosstalk]?,False,[],
20200929_trump_biden,TRUMP,"Chris, let me just say something, that it was the tax laws. I don't want to pay tax. Before I came here, I was a private developer, I was a private business people. Like every other private person, unless they're stupid, they go through the laws, and that's what it is. He passed a tax bill that gave us all these privileges for depreciation and for tax credits. We build the building and we get tax credits, like the hotel on Pennsylvania Avenue. Which by the way, was given to me by the Obama Administration, if you can believe that. Now the man got fired right after that happened, but that's-",True,"[{""start"": 270, ""end"": 361, ""text"": ""He passed a tax bill that gave us all these privileges for depreciation and for tax credits"", ""reason_text"": """", ""reason_choices"": [""attribution"", ""economic"", ""political""]}, {""start"": 466, ""end"": 509, ""text"": ""was given to me by the Obama Administration"", ""reason_text"": """", ""reason_choices"": [""attribution"", ""other""]}]",
20200929_trump_biden,WALLACE,"Vice President Biden, you want to respond?",False,[],
20200929_trump_biden,BIDEN,"Yeah, I do want to respond. Look, the tax code that put him in a position that he pays less tax than on the money a school teacher makes is because of him... He says he's smart because he can take advantage of the tax code. And he does take advantage of the tax code. That's why I'm going to eliminate the Trump tax cuts. And I'm going to eliminate those tax cuts.",True,"[{""start"": 79, ""end"": 136, ""text"": ""he pays less tax than on the money a school teacher makes"", ""reason_text"": """", ""reason_choices"": [""comparative/temporal"", ""economic""]}, {""start"": 140, ""end"": 154, ""text"": ""because of him"", ""reason_text"": """", ""reason_choices"": [""attribution"", ""causation""]}, {""start"": 228, ""end"": 266, ""text"": ""he does take advantage of the tax code"", ""reason_text"": """", ""reason_choices"": [""attribution"", ""other""]}]",
20200929_trump_biden,TRUMP,That's okay.,False,[],
20200929_trump_biden,BIDEN,And make sure that we invest in the people who in fact need the help. People out there need help.,False,[],
20200929_trump_biden,TRUMP,But why didn't you do it over the last 25 years?,False,[],
20200929_trump_biden,BIDEN,Because you weren't president-,False,[],
20200929_trump_biden,TRUMP,Why didn't you do it over the last 25 years?,False,[],
20200929_trump_biden,BIDEN,Because you weren't president and screwing things up.,False,[],
20200929_trump_biden,TRUMP,You were a Senator and [crosstalk]-,False,[],
20200929_trump_biden,BIDEN,You're the worst president America has ever had. Come on.,False,[],
20200929_trump_biden,TRUMP,"Hey, Joe, let me just tell you, Joe. In 47 months, I've done more than you've done in 47 years, Joe. We've done things that you never even thought of doing.",False,[],
20200929_trump_biden,WALLACE,Okay. Gentlemen?,False,[],
20200929_trump_biden,TRUMP,"Including fixing the broken military that you gave me, including taking care of your debts.",True,"[{""start"": 65, ""end"": 90, ""text"": ""taking care of your debts"", ""reason_text"": """", ""reason_choices"": [""attribution"", ""economic""]}]",
20200929_trump_biden,WALLACE,"Mr. President, we're talking about the economy. I'd like to ask you about your plans going forward because Mr. Vice President, your economic plan-",False,[],
20200929_trump_biden,TRUMP,He has none.,False,[],
20200929_trump_biden,WALLACE,"... if you were to be elected president focuses a lot on big government, big taxes, big spending. I want to focus first on the taxes. You propose more than $4 trillion over a decade in new taxes on individuals making more than $400,000 a year.",False,[],
20200929_trump_biden,WALLACE,"... on individuals making more than $400,000 a year and on corporations. President Trump says that that kind of an increase in taxes is going to hurt the economy as it's just coming out of a recession.",False,[],
20200929_trump_biden,BIDEN,"Well, just take a look at what is the analysis done by Wall Street firms, points out that my economic plan would create 7 million more jobs than his in four years, number one. And number two, it would create an additional $1 trillion in economic growth, because it would be about buying American. The federal government spends $600 billion a year on everything from ships, to steel, to buildings and the like. And under my proposal, we're going to make sure that every penny of that has to be made by a company-",True,"[{""start"": 297, ""end"": 395, ""text"": ""The federal government spends $600 billion a year on everything from ships, to steel, to buildings"", ""reason_text"": """", ""reason_choices"": [""numerical absolute"", ""economic""]}]",
20200929_trump_biden,WALLACE,"But respectfully, sir, I'm talking about taxes, not spending.",False,[],
20200929_trump_biden,BIDEN,"By the way, I'm going to eliminate a significant number of the taxes. I'm going to make the corporate tax 28%. It shouldn't be 21%. You have 91 companies federal, I mean, the fortune 500, who don't pay a single penny in tax making billions of dollars.",True,"[{""start"": 141, ""end"": 223, ""text"": ""91 companies federal, I mean, the fortune 500, who don't pay a single penny in tax"", ""reason_text"": """", ""reason_choices"": [""economic""]}]",
20200929_trump_biden,TRUMP,"Why didn't you do it before, when you were Vice-President with Obama?",False,[],
20200929_trump_biden,BIDEN,"Because you in fact passed that, that was your tax proposal.",False,[],
20200929_trump_biden,TRUMP,I got it done. And you know what happened?,False,[],
20200929_trump_biden,BIDEN,"Yeah, you got it done-",False,[],
20200929_trump_biden,TRUMP,Our economy boomed like it's never boomed before.,True,"[{""start"": 0, ""end"": 48, ""text"": ""Our economy boomed like it's never boomed before"", ""reason_text"": """", ""reason_choices"": [""ranking"", ""economic""]}]",
20200929_trump_biden,BIDEN,The economy-,False,[],
20200929_trump_biden,WALLACE,Mr. President-,False,[],
20200929_trump_biden,BIDEN,Let me finish.,False,[],
20200929_trump_biden,WALLACE,"Mr. President, let me pick up on that. You would continue your free market approach, lower taxes, more deregulation, correct?",False,[],
20200929_trump_biden,BIDEN,Not lower tax for the American people.,False,[],
20200929_trump_biden,WALLACE,But let me-,False,[],
20200929_trump_biden,TRUMP,Excuse me.,False,[],
20200929_trump_biden,WALLACE,"You talk about the economy booming. It turns out that in Obama's final three years as president more jobs were created, a million and a half more jobs, than in the first three years of your presidency.",True,"[{""start"": 54, ""end"": 200, ""text"": ""in Obama's final three years as president more jobs were created, a million and a half more jobs, than in the first three years of your presidency"", ""reason_text"": """", ""reason_choices"": [""comparative/temporal"", ""economic""]}]",
20200929_trump_biden,TRUMP,"They had the slowest economic recovery since 1929. It was the slowest recovery. Also, they took over something that was down here. All you had to do is turn on the lights and you pick up a lot. But they had the slowest economic recovery since 1929, and let me tell you about the stock market. When the stock market goes up, that means jobs. It also means 401ks. If you got in, if you ever became president with your ideas, you want to terminate my taxes. I'll tell you what, you'll lose. Half of the companies that have poured in here will leave. And plenty of companies that are already here, they'll leave for other places. [crosstalk] They will leave and you will have a depression, the likes of which you've never seen.",True,"[{""start"": 0, ""end"": 49, ""text"": ""They had the slowest economic recovery since 1929"", ""reason_text"": """", ""reason_choices"": [""ranking"", ""economic""]}, {""start"": 198, ""end"": 247, ""text"": ""they had the slowest economic recovery since 1929"", ""reason_text"": """", ""reason_choices"": [""ranking"", ""economic""]}, {""start"": 293, ""end"": 360, ""text"": ""When the stock market goes up, that means jobs. It also means 401ks"", ""reason_text"": """", ""reason_choices"": [""causation"", ""economic""]}]",
20200929_trump_biden,BIDEN,Look-,False,[],
20200929_trump_biden,WALLACE,Mr. Vice President.,False,[],
20200929_trump_biden,BIDEN,"... we inherited the worst recession, short of a depression in American history. I was asked to bring it back. We were able to have an economic recovery that created the jobs you're talking about. We handed him a booming economy, he blew it.",True,"[{""start"": 4, ""end"": 79, ""text"": ""we inherited the worst recession, short of a depression in American history"", ""reason_text"": """", ""reason_choices"": [""ranking"", ""economic""]}, {""start"": 197, ""end"": 228, ""text"": ""We handed him a booming economy"", ""reason_text"": """", ""reason_choices"": [""vague quantitative"", ""economic""]}]",
20200929_trump_biden,TRUMP,It wasn't blooming.,False,[],
20200929_trump_biden,BIDEN,He blew it.,False,[],
20200929_trump_biden,TRUMP,He was in booming. It was the weakest recovery since 1929.,True,"[{""start"": 26, ""end"": 57, ""text"": ""the weakest recovery since 1929"", ""reason_text"": """", ""reason_choices"": [""ranking""]}]",
20200929_trump_biden,WALLACE,"Wait, wait, is it fair to say he blew it when, in fact-",False,[],
20200929_trump_biden,TRUMP,When COVID came along.,False,[],
20200929_trump_biden,WALLACE,... when there was record low unemployment before COVID.,True,"[{""start"": 9, ""end"": 55, ""text"": ""there was record low unemployment before COVID"", ""reason_text"": """", ""reason_choices"": [""ranking"", ""economic""]}]",
20200929_trump_biden,BIDEN,"Yeah, because what he did, even before COVID, manufacturing went in the hole. Manufacturing went in a hole-",True,"[{""start"": 32, ""end"": 76, ""text"": ""before COVID, manufacturing went in the hole"", ""reason_text"": """", ""reason_choices"": [""other""]}]",
20200929_trump_biden,TRUMP,"Excuse me, Chris, wait.",False,[],
20200929_trump_biden,BIDEN,... number one. Number two-,False,[],
20200929_trump_biden,TRUMP,Chris.,False,[],
20200929_trump_biden,BIDEN,Number three.,False,[],
20200929_trump_biden,TRUMP,"They said it would take... No, you're on number two.",False,[],
20200929_trump_biden,BIDEN,No.,False,[],
20200929_trump_biden,TRUMP,"Chris, Chris. They said it would take-",False,[],
20200929_trump_biden,BIDEN,This guy-,False,[],
20200929_trump_biden,TRUMP,"... a miracle to bring back manufacturing. I brought back 700,000 jobs. They brought back nothing. They gave up on manufacturing.",True,"[{""start"": 43, ""end"": 70, ""text"": ""I brought back 700,000 jobs"", ""reason_text"": """", ""reason_choices"": [""numerical absolute"", ""attribution""]}, {""start"": 72, ""end"": 97, ""text"": ""They brought back nothing"", ""reason_text"": """", ""reason_choices"": [""vague quantitative"", ""attribution""]}]",
20200929_trump_biden,BIDEN,We did not. [crosstalk],False,[],
20200929_trump_biden,TRUMP,... standard fare.,False,[],
20200929_trump_biden,BIDEN,I'm the guy that brought back the automobile industry.,False,[],
20200929_trump_biden,TRUMP,He totally gave up on manufacturing.,False,[],
20200929_trump_biden,WALLACE,"All right, let him-",False,[],
20200929_trump_biden,BIDEN,"I was asked to bring back Chrysler and General Motors. He brought them back right here in the state of Ohio and Michigan. He blew it. They're gone. He blew it. And in fact, they're gone-",False,[],
20200929_trump_biden,TRUMP,Ohio had the best year it's ever had last year. Michigan had the best year they've ever had.,True,"[{""start"": 0, ""end"": 46, ""text"": ""Ohio had the best year it's ever had last year"", ""reason_text"": """", ""reason_choices"": [""ranking""]}, {""start"": 48, ""end"": 91, ""text"": ""Michigan had the best year they've ever had"", ""reason_text"": """", ""reason_choices"": [""ranking""]}]",
20200929_trump_biden,BIDEN,That is not true.,False,[],
20200929_trump_biden,TRUMP,"Many car companies came in from Germany, from Japan, went to Michigan, went to Ohio and they didn't come in with you. [crosstalk].",False,[],
20200929_trump_biden,WALLACE,"Mr. Vice President, go ahead.",False,[],
20200929_trump_biden,BIDEN,And so you take a look at what he's actually done. He's done very little. His trade deals are the same way. He talks about these great trade deals. He talks about the art of the deal. China's perfected the art of the steel. We have a higher deficit with China now than we did before. We have the highest trade deficit-,True,"[{""start"": 224, ""end"": 282, ""text"": ""We have a higher deficit with China now than we did before"", ""reason_text"": """", ""reason_choices"": [""comparative/temporal"", ""economic""]}]",
20200929_trump_biden,TRUMP,China ate your lunch- [crosstalk].,False,[],
20200929_trump_biden,BIDEN,... with Mexico.,False,[],
20200929_trump_biden,TRUMP,"China ate your lunch, Joe. And no wonder your son goes in and, wha--, he takes out billions of dollars. He takes out billions of dollars to manage. He makes millions of dollars. And also, while we're at it, why is it just out of curiosity, the mayor of Moscow's wife gave your son three and a half million dollars?",True,"[{""start"": 70, ""end"": 102, ""text"": ""he takes out billions of dollars"", ""reason_text"": """", ""reason_choices"": [""vague quantitative"", ""conspiratorial"", ""personal life""]}, {""start"": 240, ""end"": 313, ""text"": ""the mayor of Moscow's wife gave your son three and a half million dollars"", ""reason_text"": """", ""reason_choices"": [""attribution"", ""conspiratorial"", ""personal life""]}]",
20200929_trump_biden,BIDEN,That is not true.,False,[],
20200929_trump_biden,TRUMP,What did he do to deserve it? What did he do with Burisma-,False,[],
20200929_trump_biden,BIDEN,None of that is true.,False,[],
20200929_trump_biden,TRUMP,"... to deserve $183,000?",False,[],
20200929_trump_biden,WALLACE,"Sir, you've asked him a question, let him answer it.",False,[],
20200929_trump_biden,BIDEN,None of that is true.,False,[],
20200929_trump_biden,TRUMP,"Oh really, he didn't get three and a half million?",True,"[{""start"": 11, ""end"": 49, ""text"": ""he didn't get three and a half million"", ""reason_text"": """", ""reason_choices"": [""numerical absolute"", ""conspiratorial"", ""personal life""]}]",
20200929_trump_biden,WALLACE,Mr. President-,False,[],
20200929_trump_biden,BIDEN,Is totally-,False,[],
20200929_trump_biden,WALLACE,"Mr. President, please. You've asked a question- [crosstalk]",False,[],
20200929_trump_biden,BIDEN,Totally discredited. Totally discredited. And by the way-,False,[],
20200929_trump_biden,TRUMP,"Well wait, he didn't get three and a half million dollars, Joe?",True,"[{""start"": 11, ""end"": 57, ""text"": ""he didn't get three and a half million dollars"", ""reason_text"": """", ""reason_choices"": [""numerical absolute"", ""conspiratorial"", ""personal life""]}]",
20200929_trump_biden,BIDEN,Mr. Vice-,False,[],
20200929_trump_biden,TRUMP,He got three and a half million dollars-,True,"[{""start"": 0, ""end"": 39, ""text"": ""He got three and a half million dollars"", ""reason_text"": """", ""reason_choices"": [""numerical absolute"", ""conspiratorial"", ""personal life""]}]",
20200929_trump_biden,WALLACE,Mr. President.,False,[],
20200929_trump_biden,TRUMP,... dollars.,False,[],
20200929_trump_biden,BIDEN,That is not true.,False,[],
20200929_trump_biden,TRUMP,"Oh, really?",False,[],
20200929_trump_biden,WALLACE,"Mr. President, it's an open discussion. Please- [crosstalk]",False,[],
20200929_trump_biden,TRUMP,It's a fact.,False,[],
20200929_trump_biden,BIDEN,It is not a fact.,False,[],
20200929_trump_biden,WALLACE,"Well, you have raised an issue, let the Vice President answer.",False,[],
20200929_trump_biden,BIDEN,It's been totally discredited.,True,"[{""start"": 0, ""end"": 29, ""text"": ""It's been totally discredited"", ""reason_text"": ""epistemic claim"", ""reason_choices"": [""epistemic""]}]",
20200929_trump_biden,TRUMP,"Did Burisma pay him 183 thousand a month, with no experience in energy?",True,"[{""start"": 4, ""end"": 40, ""text"": ""Burisma pay him 183 thousand a month"", ""reason_text"": """", ""reason_choices"": [""personal life""]}, {""start"": 47, ""end"": 70, ""text"": ""no experience in energy"", ""reason_text"": """", ""reason_choices"": [""personal life""]}]",
20200929_trump_biden,WALLACE,Mr. President-,False,[],
20200929_trump_biden,BIDEN,My son did nothing wrong at Burisma-,False,[],
20200929_trump_biden,TRUMP,I think he did.,False,[],
20200929_trump_biden,BIDEN,The only guy that. . .,False,[],
20200929_trump_biden,WALLACE,"Mr. President, let him answer. [crosstalk].",False,[],
20200929_trump_biden,BIDEN,"He doesn't want to let me answer, because he knows I have the truth. His position has been totally thoroughly discredited. . .",True,"[{""start"": 69, ""end"": 121, ""text"": ""His position has been totally thoroughly discredited"", ""reason_text"": ""epistemic"", ""reason_choices"": [""epistemic""]}]",
20200929_trump_biden,TRUMP,By who?,False,[],
20200929_trump_biden,BIDEN,And you can-,False,[],
20200929_trump_biden,TRUMP,The media.,False,[],
20200929_trump_biden,BIDEN,"by everybody. Well, by the media, by our allies.",False,[],
20200929_trump_biden,TRUMP,"By the media, because they refuse to talk about it-",False,[],
20200929_trump_biden,BIDEN,By the World Bank-,True,"[{""start"": 0, ""end"": 17, ""text"": ""By the World Bank"", ""reason_text"": """", ""reason_choices"": [""attribution""]}]",
20200929_trump_biden,TRUMP,... because they're embarrassed.,False,[],
20200929_trump_biden,BIDEN,"By everyone, as discredited. And matter of fact [crosstalk] Matter of fact-",False,[],
20200929_trump_biden,WALLACE,"Mr. President, please stop.",False,[],
20200929_trump_biden,BIDEN,Even the people who testified under oath-,False,[],
20200929_trump_biden,TRUMP,"So let me ask you this, Joe- [crosstalk].",False,[],
20200929_trump_biden,WALLACE,"No, no. Go ahead, Mr.-- I'm listening to you.",False,[],
20200929_trump_biden,BIDEN,Even the people under-,False,[],
20200929_trump_biden,TRUMP,He got three and a half million dollars from Moscow.,True,"[{""start"": 0, ""end"": 51, ""text"": ""He got three and a half million dollars from Moscow"", ""reason_text"": """", ""reason_choices"": [""numerical absolute"", ""conspiratorial"", ""personal life""]}]",
20200929_trump_biden,BIDEN,"... testified, he testified under oath in his Administration said I did my job and I did it very well.",False,[],
20200929_trump_biden,TRUMP,"Oh, really?",False,[],
20200929_trump_biden,BIDEN,I did it honorably.,False,[],
20200929_trump_biden,TRUMP,I'd like to know who they are.,False,[],
20200929_trump_biden,BIDEN,"Well, I'll give you the list of the people who-",False,[],
20200929_trump_biden,TRUMP,I'll fire them.,False,[],
20200929_trump_biden,WALLACE,"No, no. Go ahead, sir.",False,[],
20200929_trump_biden,BIDEN,"I'm sure that you've already fired most of them, because they did a good job.",False,[],
20200929_trump_biden,TRUMP,Some people don't do a good job.,False,[],
20200929_trump_biden,BIDEN,"Well, here's the- [crosstalk]",False,[],
20200929_trump_biden,WALLACE,"Go ahead. You get the- [crosstalk] Wait a minute. You get the final word, Mr.-",False,[],
20200929_trump_biden,BIDEN,"Well, it's hard to get any word in with this clown. Excuse me, this person.",False,[],
20200929_trump_biden,TRUMP,"Hey, hey, let me just say, that",False,[],
20200929_trump_biden,BIDEN,"No, no. Mr. President- [crosstalk]",False,[],
20200929_trump_biden,TRUMP,"Three and a half million, Joe.",False,[],
20200929_trump_biden,BIDEN,That is simply not true.,False,[],
20200929_trump_biden,TRUMP,Why did he deserve three and a half million from Moscow?,True,"[{""start"": 19, ""end"": 55, ""text"": ""three and a half million from Moscow"", ""reason_text"": """", ""reason_choices"": [""numerical absolute"", ""conspiratorial"", ""personal life""]}]",
20200929_trump_biden,BIDEN,"Look, here's the deal. We want to talk about families and ethics. I don't want to do that. I mean, his family, we could talk about all night. His family's already-",False,[],
20200929_trump_biden,TRUMP,My family-,False,[],
20200929_trump_biden,WALLACE,"No, no- [crosstalk].",False,[],
20200929_trump_biden,TRUMP,My family lost a fortune by coming down and helping us with government.,False,[],
20200929_trump_biden,BIDEN,And that's such a- [crosstalk],False,[],
20200929_trump_biden,WALLACE,Mr. President-,False,[],
20200929_trump_biden,TRUMP,Every single one of them lost a fortune by coming down and helping us with government.,False,[],
20200929_trump_biden,BIDEN,"This is not about my family or his family. It's about your family, the American people. [crosstalk]",False,[],
20200929_trump_biden,TRUMP,And he got three and a half million dollars for nothing.,True,"[{""start"": 4, ""end"": 43, ""text"": ""he got three and a half million dollars"", ""reason_text"": """", ""reason_choices"": [""numerical absolute"", ""conspiratorial"", ""personal life""]}]",
20200929_trump_biden,BIDEN,"That's not true. It doesn't want to talk about what you need. You, the American people. It's about you. That's what we're talking about here. [crosstalk]",False,[],
20200929_trump_biden,WALLACE,That's the end of the segment. We're moving on.,False,[],
20200929_trump_biden,BIDEN,He didn't take that.,False,[],
20200929_trump_biden,WALLACE,Vice President-,False,[],
20200929_trump_biden,TRUMP,"Chris, can I be honest? It's a very important question-",False,[],
20200929_trump_biden,BIDEN,Try to be honest.,False,[],
20200929_trump_biden,WALLACE,No.,False,[],
20200929_trump_biden,TRUMP,He stood up-,False,[],
20200929_trump_biden,WALLACE,The answer to the question is no.,False,[],
20200929_trump_biden,TRUMP,... and the threatened Ukraine-,False,[],
20200929_trump_biden,WALLACE,Sir-,False,[],
20200929_trump_biden,TRUMP,... with a billion dollars-,False,[],
20200929_trump_biden,BIDEN,That is absolutely not true.,False,[],
20200929_trump_biden,WALLACE,"Stop. [crosstalk] Gentlemen, I hate to raise my voice, but I- [crosstalk] Why should I be different than the two of you? So here's the deal.",False,[],
20200929_trump_biden,BIDEN,That's a good point.,False,[],
20200929_trump_biden,WALLACE,"We have six segments. We have ended that segment. We're going to go to the next segment. In that segment, you each are going to have two uninterrupted moments. In those two interrupted minutes, Mr. President, you can say anything you want. I'm going to ask a question about race, but if you want to answer about something else, go ahead. But we, I, I think that the country would be better served, sir, if we allowed both people to speak with fewer interruptions. I'm appealing to you, sir, to do that.",False,[],
20200929_trump_biden,TRUMP,"Well, and him too.",False,[],
20200929_trump_biden,WALLACE,"Well, frankly, you've been doing more interrupting than he has.",False,[],
20200929_trump_biden,TRUMP,"Well, that's all right, but he does plenty.",False,[],
20200929_trump_biden,WALLACE,"Well, sir, less than-",False,[],
20200929_trump_biden,TRUMP,He does plenty.,False,[],
20200929_trump_biden,WALLACE,"No, less than you have. Let's please continue on. The issue of race. Vice-President Biden, you say that President Trump's response to the violence in Charlottesville three years ago, when he talked about very fine people on both sides, was what directly led you to launch this run for president.",False,[],
20200929_trump_biden,TRUMP,"Oh yeah, sure.",False,[],
20200929_trump_biden,WALLACE,"President Trump, you have often said that you believe you will have done more for Black Americans than any president with the possible exception of Abraham Lincoln.",False,[],
20200929_trump_biden,TRUMP,That's true.,False,[],
20200929_trump_biden,WALLACE,"My question for the two of you, is why should voters trust you rather than your opponent to deal with the race issues facing this country over the next four years? Vice President Biden, you go first.",False,[],
20200929_trump_biden,BIDEN,"It's about equity and equality. It's about decency. It's about the Constitution. And we have never walked away from trying to require, acquire equity for everyone, equality for the whole of America. But we've never accomplished it, but we've never walked away from it like he has done. It is true, the reason I got in the race is when those people. . . Close your eyes, remember what those people look like coming out of the fields, carrying torches, their veins bulging, spewting--just spewing anti-Semitic bile and accompanied by the Ku Klux Klan. A young woman got killed, and they asked the president what he thought. He said, ""There were very fine people on both sides."" No president's ever said anything like that. [crosstalk].",False,[],
20200929_trump_biden,WALLACE,It is his-,False,[],
20200929_trump_biden,BIDEN,Now-,False,[],
20200929_trump_biden,WALLACE,... minute sir.,False,[],
20200929_trump_biden,BIDEN,"... second point I'd make to you, is that when Floyd was killed, when Mr. Floyd was killed, there was a peaceful protest in front of the White House. What did he do? He came out of his bunker, had the military use tear gas on them so he could walk across to a church and hold up a Bible. And then what happened after that? The Bishop of that very church said that it was a disgrace. The general who was with him said ""All he ever wants to do is divide people, not unite people at all."" This is a president who has used everything as a dog whistle, to try to generate racists hatred, racist division. This is a man who, in fact, you talk about helping African-Americans, one in 1000 African Americans has been killed because of the coronavirus. And if he doesn't do something quickly, by the end of the year, one in 500 will have been killed. One in 500 African Americans. This man, this man is a savior of African-Americans? This man cares at all? This man's done virtually nothing. Look, the fact is that you have to look at what he's talks about. You have to look at what he did. And what he did has been disastrous for the African-American community.",True,"[{""start"": 193, ""end"": 230, ""text"": ""had the military use tear gas on them"", ""reason_text"": """", ""reason_choices"": [""attribution"", ""political""]}, {""start"": 670, ""end"": 742, ""text"": ""one in 1000 African Americans has been killed because of the coronavirus"", ""reason_text"": """", ""reason_choices"": [""statistical"", ""ethnicity/race"", ""medical""]}]",
20200929_trump_biden,TRUMP,So-,False,[],
20200929_trump_biden,WALLACE,"President Trump, you have two minutes. Why should Americans trust you over your opponent to deal with race issues?",False,[],
20200929_trump_biden,TRUMP,"You did a crime bill, 1994, where you called them super-predators. African-Americans are super-predators and they've never forgotten it. They've never forgotten it.",True,"[{""start"": 0, ""end"": 65, ""text"": ""You did a crime bill, 1994, where you called them super-predators"", ""reason_text"": """", ""reason_choices"": [""attribution"", ""political"", ""ethnicity/race"", ""crime/law""]}]",
20200929_trump_biden,BIDEN,I've never said-,False,[],
20200929_trump_biden,WALLACE,"No, no, sir. It's his two minutes.",False,[],
20200929_trump_biden,TRUMP,"So you did that, and they call you super-predator and I'm letting people out of jail now, that you have treated the African-American population community, you have treated the black community about as bad as anybody in this country. You did the 1990--and that's why, if you look at the polls, I'm doing better than any Republican has done in a long time, because they saw what you did. You call them super-predators, and you've called them worse than that. Because you look back at your testimony over the years, you've called them a lot worse than that. As far as the church is concerned, and as far as the generals are concerned, we just got the support of 200--250 military leaders and generals, total support. Law enforcement, almost every law enforcement group in the United States. I have Florida. I have Texas. I have Ohio. I have every... Excuse me, Portland, the sheriff just came out today and he said, ""I support President Trump."" I don't think you have any law enforcement. You can't even say the word law enforcement. Because if you say those words, you're going to lose all of your radical left supporters. And why aren't you saying those words, Joe? Why don't you say the words law enforcement? Because you know what? If called us in Portland, we would put out that fire in a half an hour. But they won't do it, because they're run by radical left Democrats. If you look at Chicago, if you look at any place you want to look, Seattle, they heard we were coming in the following day and they put up their hands and we got back Seattle. Minneapolis, we got it back, Joe, because we believe in law and order, but you don't. The top 10 cities and just about the top 40 cities are run by Democrats, and in many cases radical left. And they've got you wrapped around their finger, Joe, to a point where you don't want to say anything about law and order. And I'll tell you what, the people of this country want and demand law and order and you're afraid to even say it.",True,"[{""start"": 293, ""end"": 353, ""text"": ""I'm doing better than any Republican has done in a long time"", ""reason_text"": """", ""reason_choices"": [""vague quantitative"", ""comparative/temporal"", ""political""]}, {""start"": 858, ""end"": 941, ""text"": ""Portland, the sheriff just came out today and he said, \""I support President Trump.\"""", ""reason_text"": ""was fact-checked by NPR, SNOPES, BBC, despite he-said, it's a support claim"", ""reason_choices"": [""attribution"", ""stance/support"", ""political""]}, {""start"": 1335, ""end"": 1372, ""text"": ""they're run by radical left Democrats"", ""reason_text"": ""?"", ""reason_choices"": [""political""]}, {""start"": 1636, ""end"": 1707, ""text"": ""The top 10 cities and just about the top 40 cities are run by Democrats"", ""reason_text"": """", ""reason_choices"": [""ranking"", ""political""]}]",
20200929_trump_biden,WALLACE,"All right. I want to return to the question of race. Vice President Biden, after the grand jury in the Breonna Taylor case decided not to charge any of the police with homicide, you said it raises the question, ""Whether justice could be equally applied in America."" Do you believe that there is a separate but unequal system of justice for Blacks in this country?",False,[],
20200929_trump_biden,BIDEN,"Yes, there is. There's systemic injustice in this country, in education and work and in law enforcement and the way in which it's enforced. But look, the vast majority of police officers are good, decent, honorable men and women. They risk their lives every day to take care of us. But there are some bad apples. And when they occur, when they find them, they have to be sorted out. They have to be held accountable. They have to be held accountable. And what I'm going to do as President of the United States is call a, a, together an entire group of people at the White House, everything from the civil rights groups, to the police officers, to the police chiefs, and we're going to work this out. We're going to work this out. So we changed the way in which we have more transparency, in when these things happen. These cops aren't happy to see what happened to George Floyd. These cops aren't happy to see what happened to Breonna Taylor. Most don't like it, but we have to have a system where people are held accountable when--and by the way, violence in response is never appropriate, never appropriate. Peaceful protest is, violence is never appropriate.",False,[],
20200929_trump_biden,WALLACE,"All right, Mr.-",False,[],
20200929_trump_biden,TRUMP,What is peaceful protest? When they run through the middle of the town-,False,[],
20200929_trump_biden,WALLACE,President Trump-,False,[],
20200929_trump_biden,TRUMP,... and burn down your stores and kill people all over the place- [crosstalk].,True,"[{""start"": 8, ""end"": 64, ""text"": ""burn down your stores and kill people all over the place"", ""reason_text"": """", ""reason_choices"": [""crime/law"", ""other""]}]",
20200929_trump_biden,BIDEN,That is not peaceful protest.,False,[],
20200929_trump_biden,TRUMP,"No it's not, but you say it is.",False,[],
20200929_trump_biden,BIDEN,I did not say it is.,False,[],
20200929_trump_biden,WALLACE,"President Trump, I'd like to continue with the issue of race. I promise we're going to get to the issue of law and order in a moment.",False,[],
20200929_trump_biden,TRUMP,Fine.,False,[],
20200929_trump_biden,WALLACE,"This month, your Administration, uh, directed federal agencies to end racial sensitivity training that addresses white privilege or critical race theory. Why did you decide to do that, to end racial sensitivity training? And do you believe that there is systemic racism in this country, sir?",False,[],
20200929_trump_biden,TRUMP,"I ended it because it's racist. I ended it because a lot of people were complaining that they were asked to do things that were absolutely insane. That it was a radical revolution that was taking place in our military, in our schools, all over the place. And you know it, and so does everybody else. And he would know it, oh it's totally racial. [crosstalk]",False,[],
20200929_trump_biden,WALLACE,What is radical about racial sensitivity training?,False,[],
20200929_trump_biden,TRUMP,"If you were a certain person, you had no status in life. It was sort of a reversal. And if you look at the people, we would pay people hundreds of thousands of dollars to teach very bad ideas and frankly, very sick ideas. And, and really, they were teaching people to hate our country. And I'm not going to do that. I'm not going to allow that to happen. We have to go back to the core values of this country. They were teaching people that our country is a horrible place. It's a racist place. And they were teaching people to hate our country. And I'm not going to allow that to happen.",False,[],
20200929_trump_biden,BIDEN,Nobody's doing that.,False,[],
20200929_trump_biden,WALLACE,Vice President Biden.,False,[],
20200929_trump_biden,BIDEN,Nobody's doing that. He's the racist.,False,[],
20200929_trump_biden,TRUMP,You just don't know.,False,[],
20200929_trump_biden,BIDEN,Here's the deal. I know a lot more about this- [crosstalk].,False,[],
20200929_trump_biden,TRUMP,You don't know.,False,[],
20200929_trump_biden,WALLACE,Let him finish.,False,[],
20200929_trump_biden,BIDEN,"The fact is that there is racial insensitivity. People have to be made aware of what other people feel like, uh, what insults them, what is demeaning to them. It's important that people know. Many people don't want to hurt other people's feelings. But it's amazing, it makes a big difference. It makes a gigantic difference in the way a child is able to grow up and have a self-sense, a sense of self-esteem. It's a little bit like how this guy and, and his friends look down on so many people. They look down their nose on people like Irish Catholics, like me, and grew up in Scranton. They look down on people who don't have money. They look down on people who are of a different faith. They looked down on people who are a different color. In fact, we're all Americans. The only way we're gonna bring this country together is bring everybody together. There's nothing we cannot do, if we do it together. We can take this on, and we can defeat racism in America.",False,[],
20200929_trump_biden,WALLACE,"Vice President... I mean, President Trump, sir.",False,[],
20200929_trump_biden,TRUMP,"During the Obama-Biden Administration, there was tremendous division. There was hatred. You look at, uh, Ferguson, you look at, or you go to very...many places. Look at Oakland. Look what happened in Oakland. Look what happened in Baltimore. Look what happened a . . . Frankly, it was more violent than what I'm even seeing now.",True,"[{""start"": 278, ""end"": 297, ""text"": ""it was more violent"", ""reason_text"": """", ""reason_choices"": [""comparative/temporal"", ""crime/law"", ""other""]}]",
20200929_trump_biden,BIDEN,Oh my Lord.,False,[],
20200929_trump_biden,TRUMP,But the reason-,False,[],
20200929_trump_biden,BIDEN,This is ridiculous.,False,[],
20200929_trump_biden,TRUMP,... is that the Democrats that run these cities-,False,[],
20200929_trump_biden,BIDEN,Absolutely ridiculous.,False,[],
20200929_trump_biden,TRUMP,"... don't want to talk, like you, about law and order.",False,[],
20200929_trump_biden,BIDEN,Violent crime. . .,False,[],
20200929_trump_biden,TRUMP,And you still haven't mentioned.,False,[],
20200929_trump_biden,BIDEN,Violent crime. . .,False,[],
20200929_trump_biden,TRUMP,Are you in favor of law and order?,False,[],
20200929_trump_biden,BIDEN,I'm in favor of law. You follow a little bit of order- [crosstalk].,False,[],
20200929_trump_biden,TRUMP,Are you in favor of law and order? [crosstalk],False,[],
20200929_trump_biden,BIDEN,Yes I'm in favor of. . .,False,[],
20200929_trump_biden,WALLACE,"You asked a question, let him finish. [crosstalk] Let him answer.",False,[],
20200929_trump_biden,BIDEN,"Law and order with justice, where people get treated fairly.",False,[],
20200929_trump_biden,TRUMP,Okay.,False,[],
20200929_trump_biden,BIDEN,"And the fact of the matter is, violent crime went down 17 percent, 15 percent in our Administration. It's gone up on his watch.",True,"[{""start"": 31, ""end"": 99, ""text"": ""violent crime went down 17 percent, 15 percent in our Administration"", ""reason_text"": """", ""reason_choices"": [""statistical"", ""comparative/temporal""]}, {""start"": 101, ""end"": 126, ""text"": ""It's gone up on his watch"", ""reason_text"": """", ""reason_choices"": [""vague quantitative"", ""comparative/temporal""]}]",
20200929_trump_biden,WALLACE,Okay.,False,[],
20200929_trump_biden,TRUMP,It went down much more in ours.,True,"[{""start"": 0, ""end"": 30, ""text"": ""It went down much more in ours"", ""reason_text"": """", ""reason_choices"": [""vague quantitative"", ""comparative/temporal""]}]",
20200929_trump_biden,WALLACE,"All right, we're done- [crosstalk] Mr. President, you're going to be very happy because we're now going to talk about law and order.",False,[],
20200929_trump_biden,TRUMP,The places we had trouble were Democratic-run cities. . .,False,[],
20200929_trump_biden,WALLACE,"That's exactly my question. There has been a dramatic increase in homicides in America this summer particularly, and you often blame that on Democratic mayors and Democratic governors. But in fact, there have been equivalent spikes in Republican-led cities, like Tulsa and Fort Worth. So the question is, is this really a party issue?",True,"[{""start"": 28, ""end"": 98, ""text"": ""There has been a dramatic increase in homicides in America this summer"", ""reason_text"": """", ""reason_choices"": [""vague quantitative"", ""comparative/temporal"", ""crime/law""]}, {""start"": 198, ""end"": 283, ""text"": ""there have been equivalent spikes in Republican-led cities, like Tulsa and Fort Worth"", ""reason_text"": """", ""reason_choices"": [""vague quantitative"", ""comparative/temporal"", ""epistemic""]}]",
20200929_trump_biden,TRUMP,"I think it's a party issue. You can bring in a couple of examples but if you look at Chicago, what's going on in Chicago where, uh, 53 people were shot and eight died. Shot. If you look at New York where it's going up, like nobody's ever seen anything. The numbers are going up a 100, 150, 200 percent, uh, crime, it is crazy what's going on . . .",True,"[{""start"": 113, ""end"": 166, ""text"": ""Chicago where, uh, 53 people were shot and eight died"", ""reason_text"": """", ""reason_choices"": [""numerical absolute"", ""crime/law"", ""other""]}, {""start"": 189, ""end"": 217, ""text"": ""New York where it's going up"", ""reason_text"": """", ""reason_choices"": [""vague quantitative""]}, {""start"": 253, ""end"": 301, ""text"": ""The numbers are going up a 100, 150, 200 percent"", ""reason_text"": """", ""reason_choices"": [""numerical absolute"", ""other""]}]",
20200929_trump_biden,BIDEN,"Republican cities, republican cities.",False,[],
20200929_trump_biden,TRUMP,". . . and he doesn't want to say law and order because he can't because he'll lose his radical left supporters and once he does that, it's over with. But if he ever got to run this country, and they ran it the way he would want to run it, we would have. . .",False,[],
20200929_trump_biden,BIDEN,By the way. . .,False,[],
20200929_trump_biden,TRUMP,". . . our suburbs would be gone. By the way, our suburbs would be gone. And you would see problems like you've never seen before.",False,[],
20200929_trump_biden,BIDEN,"He wouldn't know a suburb unless you took a wrong turn. He was, he was. . .",False,[],
20200929_trump_biden,TRUMP,"Oh, I know suburbs so much than you.",False,[],
20200929_trump_biden,WALLACE,Gentlemen wait a minute.,False,[],
20200929_trump_biden,BIDEN,"I was raised in the suburbs. This is not 1950. All these dog whistles and racism don't work anymore. Suburbs are by and large integrated. There's many people today driving their kids to soccer practice and/or black and white and Hispanic in the same car as there have been any time in the past. What's, what really is a threat to the suburbs and their safety is his failure to deal with COVID. They're dying in the suburbs. His failure to deal with the environment, they're being flooded, they're being burned out because his refusal to do anything. That's why the suburbs are in trouble.",False,[],
20200929_trump_biden,WALLACE,"I do want to talk about this issue of law and order though. And in the joint recommendation that came from the Biden-Bernie Sanders task force, you talked about quote re-imagining policing. First of all, what does re-imagining policing mean and do you support?",False,[],
20200929_trump_biden,BIDEN,It means. . .,False,[],
20200929_trump_biden,WALLACE,". . . If I might finish the question, what does re-imagining policing mean and do you support the Black Lives Matter call uh, for uh, community control of policing?",False,[],
20200929_trump_biden,BIDEN,"Look, what I support are the police having the opportunity to deal with the problems they face and I'm totally opposed to defunding the police offices. As a matter of fact police, local police, the only one defunding, in his budget calls for a $400 million cut in local law enforcement assistance. They need more assistance. They need when they show up for a 9-11 call to have someone with them as a psychologist or psychiatrist to keep them from having to use force and be able to talk people down. We have to have community policing like we had before, where the officers get to know the people in the communities. That's when crime went down, it didn't go up. It went down. And so we have to be engaged with . . .",True,"[{""start"": 221, ""end"": 296, ""text"": ""his budget calls for a $400 million cut in local law enforcement assistance"", ""reason_text"": """", ""reason_choices"": [""stance/support"", ""political"", ""crime/law""]}, {""start"": 617, ""end"": 644, ""text"": ""That's when crime went down"", ""reason_text"": """", ""reason_choices"": [""vague quantitative"", ""crime/law""]}]",
20200929_trump_biden,TRUMP,"That's not what they are talking about, Chris. That's not what it . . . He's talking about defunding the police.",False,[],
20200929_trump_biden,BIDEN,That's exactly. . . that is not true.,False,[],
20200929_trump_biden,TRUMP,He doesn't have any law support. He has no law enforcement support.,False,[],
20200929_trump_biden,TRUMP,Almost nothing.,False,[],
20200929_trump_biden,BIDEN,"That's not true. That's not. . . Oh, look. . .",False,[],
20200929_trump_biden,TRUMP,"Oh, really, who do you have? Name one group that supports you. Name one group that came out and supported you. Go ahead. Think. We have time.",False,[],
20200929_trump_biden,BIDEN,We don't have time to do anything except . . .,False,[],
20200929_trump_biden,TRUMP,"No, no. Think about it. Name one law enforcement group that came out in support of you.",False,[],
20200929_trump_biden,BIDEN,"Folks, folks. . .",False,[],
20200929_trump_biden,WALLACE,"Now, gentleman. I think I'm going to take back the moderator's role. . .",False,[],
20200929_trump_biden,TRUMP,There aren't any. I don't think there are any.,False,[],
20200929_trump_biden,WALLACE,". . . and I want to get to another subject, which is the issue of protests in many cities that have turned violent. In Portland, Oregon, especially we had a, more than a hundred straight days of protests, which I think you would agree, you talk about peaceful protests. Many of those turned into riots. Mr. Vice-President you say that people who commit crimes should be held accountable. The question I have, though, is as the Democratic nominee, and earlier tonight, you said that you are the Democratic Party right now, have you ever called the Democratic Mayor of Portland or the Democratic Governor of Oregon and said, ""Hey, you gotta stop this, bring in the National Guard, do whatever it takes, but you'd stop the days and months of violence in Portland.""",True,"[{""start"": 66, ""end"": 114, ""text"": ""protests in many cities that have turned violent"", ""reason_text"": """", ""reason_choices"": [""crime/law""]}]",
20200929_trump_biden,BIDEN,"I don't hold public office, now. I am a former Vice-President. I've made it clear. I've made it clear in my public statements that the violence should be prosecuted. It should be prosecuted, and anyone who commits it should be prosecuted.",False,[],
20200929_trump_biden,WALLACE,But you've never called for the people...,False,[],
20200929_trump_biden,TRUMP,He's never done that.,False,[],
20200929_trump_biden,WALLACE,"Excuse me, sir. You had never called for the leaders in Portland and in Oregon to call and bring in the National Guard and knock off a 100 days of riots.",False,[],
20200929_trump_biden,BIDEN,They can in fact take care of it if he'd just stay out of the way.,False,[],
20200929_trump_biden,TRUMP,Oh really? Oh really?,False,[],
20200929_trump_biden,WALLACE,"Let, let's just. . .",False,[],
20200929_trump_biden,TRUMP,I sent in the US Marshals. . .,False,[],
20200929_trump_biden,BIDEN,"Here, here's the thing. . .",False,[],
20200929_trump_biden,WALLACE,I asked a question. . .,False,[],
20200929_trump_biden,TRUMP,. . .to get the killer of a young man in the middle of the street and they shot him. For three days Portland didn't do anything.,False,[],
20200929_trump_biden,WALLACE,President Trump. President Trump. President Trump. . . I interrupted. President Trump.,False,[],
20200929_trump_biden,TRUMP,I sent in the US Marshals they took care of business.,False,[],
20200929_trump_biden,WALLACE,Go ahead sir.,False,[],
20200929_trump_biden,BIDEN,"And by the way his own former spokesperson said, you know, ""Riots and chaos and violence help his cause."" That's what this is all about.",False,[],
20200929_trump_biden,TRUMP,I don't know who said that.,False,[],
20200929_trump_biden,BIDEN,I do.,False,[],
20200929_trump_biden,TRUMP,Who?,False,[],
20200929_trump_biden,BIDEN,I think it--Kellyanne Conway.,False,[],
20200929_trump_biden,TRUMP,I don't think she said that.,False,[],
20200929_trump_biden,BIDEN,She said that.,False,[],
20200929_trump_biden,TRUMP,I don't think so.,False,[],
20200929_trump_biden,BIDEN,"And so here, here's the point. The point is that, that's what he is keep trying to rile everything up. He doesn't want to calm things down. Instead of going in and talking to people and saying, ""Let's get everybody together. Figure out how to deal with this."" What's he do? He just pours gasoline in the fire. Constantly. At every single solitary time.",False,[],
20200929_trump_biden,WALLACE,"Okay. And, and, and to end this, button up this segment, I'm going to give you a minute to answer, sir. You have repeatedly...",False,[],
20200929_trump_biden,TRUMP,You mean I have to answer his stuff?,False,[],
20200929_trump_biden,WALLACE,You have repeatedly...,False,[],
20200929_trump_biden,TRUMP,His statement?,False,[],
20200929_trump_biden,WALLACE,You have repatedly. . . No. . .,False,[],
20200929_trump_biden,TRUMP,"Wait a second, you made a statement.",False,[],
20200929_trump_biden,WALLACE,"No, you've been talking back and forth. I'm asking you.",False,[],
20200929_trump_biden,TRUMP,I would love to end it. I would love to end it.,False,[],
20200929_trump_biden,WALLACE,I would love to know sir. . . You know sir if you want to switch seats,False,[],
20200929_trump_biden,TRUMP,. . . we could very quickly,False,[],
20200929_trump_biden,WALLACE,. . . we can do that.,False,[],
20200929_trump_biden,TRUMP,"I'll send in the National Guard, it would be over. That'd be no problem. But I don't want to accept the National Guard.",False,[],
20200929_trump_biden,WALLACE,"You have repeatedly criticized the Vice-President for not specifically calling out Antifa and other left-wing extremist groups. But are you willing, tonight, to condemn white supremacists and militia group and to say that they need to stand down and not add to the violence in a number of these cities as we saw in Kenosha and as we've seen in Portland.",False,[],
20200929_trump_biden,TRUMP,"Sure, I'm willing to do that.",False,[],
20200929_trump_biden,WALLACE,"Are you prepared specifically to do it. Well go ahead, sir.",False,[],
20200929_trump_biden,TRUMP,I would say almost everything I see is from the left-wing not from the right wing.,False,[],
20200929_trump_biden,WALLACE,"Well what are you, what are you saying?",False,[],
20200929_trump_biden,TRUMP,I'm willing to do anything. I wanna see peace.,False,[],
20200929_trump_biden,WALLACE,"Well, do it, sir.",False,[],
20200929_trump_biden,BIDEN,Say it. Do it. Say it.,False,[],
20200929_trump_biden,TRUMP,"You want to call them? What do you want to call them? Give me a name, give me a name, go ahead who would you like me to condemn.",False,[],
20200929_trump_biden,WALLACE,White supremacists and racists.,False,[],
20200929_trump_biden,BIDEN,Proud Boys.,False,[],
20200929_trump_biden,WALLACE,White supremacists and white militas.,False,[],
20200929_trump_biden,BIDEN,Proud Boys.,False,[],
20200929_trump_biden,TRUMP,"Proud Boys, stand back and stand by. But I'll tell you what, I'll tell you what: somebody's got to do something about Antifa and the left because this is not a right wing problem this is a left-wing. This is a left-wing problem. . .",False,[],
20200929_trump_biden,BIDEN,He's own FBI Director said unlike white supremacists. . .,False,[],
20200929_trump_biden,TRUMP,This is a left-wing problem.,False,[],
20200929_trump_biden,BIDEN,Antifa is an idea not an organization. . .,False,[],
20200929_trump_biden,TRUMP,Oh you gotta be kidding.,False,[],
20200929_trump_biden,BIDEN,... not a militia. That's what his FBI Director said.,False,[],
20200929_trump_biden,TRUMP,"Well, then you know what, he's wrong.",False,[],
20200929_trump_biden,WALLACE,"Gentlement, gentlemen. No, no, no, we're done, sir. Moving onto the next... [crosstalk]",False,[],
20200929_trump_biden,TRUMP,. . . hit you over the head. Antifa is bad.,False,[],
20200929_trump_biden,BIDEN,Everybody in your Administration. . .,False,[],
20200929_trump_biden,TRUMP,Antifa is bad.,False,[],
20200929_trump_biden,BIDEN,"Every body in your Administration tells you the true, it's a bad idea. You have no idea . . . .",False,[],
20200929_trump_biden,TRUMP,"You know what, Antifa is a dangerous radical group.",False,[],
20200929_trump_biden,WALLACE,"All right, gentlemen we're now moving onto the Trump-Biden record.",False,[],
20200929_trump_biden,TRUMP,"And you ought to be careful of them, they'll overthrow you.",False,[],
20200929_trump_biden,WALLACE,"I'm going to ask a question. When the president seeks a second term, it is generally a referendum on his record but Vice-President Biden, you'd like to quote one of your dad's sayings, which is don't compare me to the almighty, compare me to the alternative. And in this case sir you are the alternative. Looking at both of your records, I'm going to ask each of you. Why should voters elect you president over your opponent? In this segment, President Trump you'll go first, two minutes.",False,[],
20200929_trump_biden,TRUMP,"Because there is never been an administration or president who has done more than I've done in a period of three and a half years. And that's despite the impeachment hoax and you saw what happened today with Hillary Clinton, where it was a whole big con job. But despite going through all of these things where I hadda fight, both flanks and behind me and above, there has never been an administration that's done what I've done. The greatest, before COVID came in, the greatest economy in history, lowest employ--unemployment numbers, everything was good. Everything was going. And by the way, there was unity going to happen. People were calling me for the first time in years, they were calling, and they were saying it's time maybe and then what happened? We got hit. But now we're building it back up again. A rebuilding of the military, including Space Force and all of the other things. A fixing of the VA which was a mess under him. Three hundred and eight thousand people died because they didn't have proper health care. It was a mess. And we now got a 91% approval rating at the VA, our vets. We take care of our vets. But we've rebuilt our military. The job that we've done. . . and, and I'll tell you something, some people say maybe the most important. By the end of the first term, I'll have approximately 300 Federal judges and Court of Appeals judges, 300, and hopefully three great Supreme Court judges, justices. That is a record the likes of which very few people. . . and you know, one of the reasons I'll have so many judges? Because President Obama and him left me 128 judges to fill. When you leave office, you don't leave any judges. That's like, you just don't do that. They left 128 openings, and if I were a member of his party, because they have a little different philosophy, I'd say, if you left us 128 openings you can't be a good president. You can't be a good Vice-President but I want to thank you because it gives us almost, it'll probably be above that number. By the end of this term, 300 judges. It's a record.",True,"[{""start"": 154, ""end"": 170, ""text"": ""impeachment hoax"", ""reason_text"": """", ""reason_choices"": [""conspiratorial""]}, {""start"": 444, ""end"": 497, ""text"": ""before COVID came in, the greatest economy in history"", ""reason_text"": """", ""reason_choices"": [""ranking"", ""economic""]}, {""start"": 499, ""end"": 534, ""text"": ""lowest employ--unemployment numbers"", ""reason_text"": """", ""reason_choices"": [""ranking"", ""economic""]}, {""start"": 941, ""end"": 1029, ""text"": ""Three hundred and eight thousand people died because they didn't have proper health care"", ""reason_text"": """", ""reason_choices"": [""numerical absolute"", ""medical""]}, {""start"": 1050, ""end"": 1092, ""text"": ""we now got a 91% approval rating at the VA"", ""reason_text"": """", ""reason_choices"": [""statistical"", ""political""]}, {""start"": 2035, ""end"": 2048, ""text"": ""It's a record"", ""reason_text"": ""?"", ""reason_choices"": [""ranking""]}]",
20200929_trump_biden,WALLACE,"Looking at both of your records. Why should voters elect you President as opposed to President Trump, you have two minutes uninterrupted.",False,[],
20200929_trump_biden,BIDEN,"Under this President, we become weaker, sicker, poorer, more divided and more violent. When I was Vice-President, we inherited a recession. I was asked to fix it. I did. We left him a booming economy, and he caused the recession. With regard to being weaker, the fact is that I've gone head to head with Putin and made it clear to him we're not going to take any of his stuff. He's Putin's puppy. He still refuses to even say anything to Putin about the bounty on the heads of American soldiers.",True,"[{""start"": 170, ""end"": 199, ""text"": ""We left him a booming economy"", ""reason_text"": """", ""reason_choices"": [""vague quantitative"", ""attribution"", ""economic""]}, {""start"": 205, ""end"": 228, ""text"": ""he caused the recession"", ""reason_text"": """", ""reason_choices"": [""attribution"", ""causation"", ""economic""]}, {""start"": 450, ""end"": 494, ""text"": ""the bounty on the heads of American soldiers"", ""reason_text"": """", ""reason_choices"": [""geopolitical""]}]",
20200929_trump_biden,TRUMP,You son got three and a half million dollars.,True,"[{""start"": 0, ""end"": 44, ""text"": ""You son got three and a half million dollars"", ""reason_text"": """", ""reason_choices"": [""numerical absolute"", ""personal life""]}]",
20200929_trump_biden,WALLACE,"No, no, no!",False,[],
20200929_trump_biden,BIDEN,"By the way, my son...",False,[],
20200929_trump_biden,WALLACE,"Wait a minute. Mr. President, your campaign agreed to both sides would get two minute answers, uninterrupted. Well, your, your side agreed to it, and why don't you observe what your campaign agreed to as a ground rule. Okay, sir?",False,[],
20200929_trump_biden,BIDEN,He never keeps his word.,False,[],
20200929_trump_biden,TRUMP,Can I answer. . .,False,[],
20200929_trump_biden,WALLACE,No! That was a rhetorical question.,False,[],
20200929_trump_biden,BIDEN,Can you add back 30 seconds?,False,[],
20200929_trump_biden,WALLACE,"Yes. You may have,",False,[],
20200929_trump_biden,BIDEN,All right.,False,[],
20200929_trump_biden,WALLACE,go ahead.,False,[],
20200929_trump_biden,BIDEN,"So thirdly, we're poor. The billionaires have gotten much more wealthy by a tune of over three to four hundred billion dollars more just since COVID. You in the home, you got less. You're in more trouble than you were before. In terms of being more violent. When we were in office there were 15% less violence in America than there is today. He's President United States. It's on his watch. And with regard to more divided, the nation, it can't stay divided. We can't be this way. And speaking of my son, the way you talk about the military, the way you talk about them being losers and being, and, and, and just being suckers. My son was in Iraq. He spent a year there. He got, he got the Bronze Star. He got the Conspicuous Service Medal. He was not a loser. He was a patriot and the people left behind, there, were heroes.",True,"[{""start"": 28, ""end"": 148, ""text"": ""billionaires have gotten much more wealthy by a tune of over three to four hundred billion dollars more just since COVID"", ""reason_text"": """", ""reason_choices"": [""numerical absolute"", ""comparative/temporal"", ""economic""]}, {""start"": 167, ""end"": 179, ""text"": ""you got less"", ""reason_text"": """", ""reason_choices"": [""vague quantitative"", ""comparative/temporal""]}, {""start"": 258, ""end"": 340, ""text"": ""When we were in office there were 15% less violence in America than there is today"", ""reason_text"": """", ""reason_choices"": [""statistical"", ""comparative/temporal"", ""crime/law""]}, {""start"": 679, ""end"": 739, ""text"": ""he got the Bronze Star. He got the Conspicuous Service Medal"", ""reason_text"": """", ""reason_choices"": [""personal life""]}]",
20200929_trump_biden,TRUMP,Really?,False,[],
20200929_trump_biden,BIDEN,And I resent-,False,[],
20200929_trump_biden,TRUMP,"Are you talking Hunter, are you talking about Hunter.",False,[],
20200929_trump_biden,BIDEN,"I'm talking about my son, Beau Biden, you're talking about Hunter?",False,[],
20200929_trump_biden,TRUMP,I don't know Beau. I know Hunter. Hunter got thrown out of the military. He was thrown out dishonorably discharged. . .,True,"[{""start"": 34, ""end"": 71, ""text"": ""Hunter got thrown out of the military"", ""reason_text"": """", ""reason_choices"": [""personal life""]}]",
20200929_trump_biden,BIDEN,That's not true he wasn't dishonorably discharged.,True,"[{""start"": 16, ""end"": 49, ""text"": ""he wasn't dishonorably discharged"", ""reason_text"": """", ""reason_choices"": [""personal life""]}]",
20200929_trump_biden,TRUMP,. . .for cocaine use. And he didn't have a job until you became Vice-President. Once you became Vice-President,True,"[{""start"": 5, ""end"": 20, ""text"": ""for cocaine use"", ""reason_text"": """", ""reason_choices"": [""personal life"", ""other""]}]",
20200929_trump_biden,BIDEN,None of that is true.,False,[],
20200929_trump_biden,TRUMP,". . . he made a fortune in Ukraine, in China, in Moscow and various other places.",False,[],
20200929_trump_biden,BIDEN,That is simply not true.,False,[],
20200929_trump_biden,TRUMP,He made a fortune. . .,False,[],
20200929_trump_biden,BIDEN,My son. . . my son. . .,False,[],
20200929_trump_biden,TRUMP,. . . and he didn't have a job.,False,[],
20200929_trump_biden,BIDEN,"My son. . . like a lot of people. Like a lot of people we know at home had a drug problem. He's overtaken it. He's, he's fixed it. He's worked on it. And I'm proud of him. I'm proud of my son.",False,[],
20200929_trump_biden,TRUMP,But why was he given tens of millions of dollars?,True,"[{""start"": 15, ""end"": 48, ""text"": ""given tens of millions of dollars"", ""reason_text"": """", ""reason_choices"": [""numerical absolute""]}]",
20200929_trump_biden,WALLACE,Alright. . .,False,[],
20200929_trump_biden,BIDEN,He wasn't given tens of millions of dollars. [crosstalk],True,"[{""start"": 0, ""end"": 43, ""text"": ""He wasn't given tens of millions of dollars"", ""reason_text"": """", ""reason_choices"": [""numerical absolute""]}]",
20200929_trump_biden,TRUMP,He was given tens of millions of dollars?,True,"[{""start"": 0, ""end"": 40, ""text"": ""He was given tens of millions of dollars"", ""reason_text"": """", ""reason_choices"": [""numerical absolute""]}]",
20200929_trump_biden,BIDEN,That was totally discredited.,True,"[{""start"": 0, ""end"": 28, ""text"": ""That was totally discredited"", ""reason_text"": """", ""reason_choices"": [""epistemic""]}]",
20200929_trump_biden,WALLACE,President Trump. President Trump. We've already been through this.,False,[],
20200929_trump_biden,BIDEN,Totally discredited.,False,[],
20200929_trump_biden,WALLACE,"We've bo. . .already been through this. I think the American people would rather hear about more substantial subjects, , , .",False,[],
20200929_trump_biden,BIDEN,So do I.,False,[],
20200929_trump_biden,TRUMP,[unintelligible],False,[],
20200929_trump_biden,WALLACE,"Well, as the moderator, sir, I'm going to make a judgment call here.",False,[],
20200929_trump_biden,TRUMP,I know but when somebody gets three and a half million dollars from the Mayor of Moscow.,True,"[{""start"": 30, ""end"": 87, ""text"": ""three and a half million dollars from the Mayor of Moscow"", ""reason_text"": """", ""reason_choices"": [""numerical absolute"", ""conspiratorial"", ""personal life""]}]",
20200929_trump_biden,BIDEN,That is not true. That report is totally discredited.,True,"[{""start"": 18, ""end"": 52, ""text"": ""That report is totally discredited"", ""reason_text"": """", ""reason_choices"": [""epistemic""]}]",
20200929_trump_biden,TRUMP,Why did he get it?,False,[],
20200929_trump_biden,BIDEN,Mitt Romney on that committee said it wasn't worth taxpayer's money. That report was written for political reason.,False,[],
20200929_trump_biden,WALLACE,I'd like to talk about climate change.,False,[],
20200929_trump_biden,BIDEN,So would I.,False,[],
20200929_trump_biden,WALLACE,"Okay. The forest fires in the West are raging now. They have burned millions of acres. They have displaced hundreds of thousands of people. When state officials there blamed the fires on climate change, Mr. President, you said, ""I don't think the science knows."" Over your four years, you have pulled the US out of the Paris Climate Accord. You have rolled back a number of Obama Environmental records, what do you believe about the science of climate change, and what will you do in the next four years to confront it?",False,[],
20200929_trump_biden,TRUMP,"I want crystal clean water and air. I want beautiful clean air. We have now the lowest carbon. If you look at our numbers right now, we are doing phenomenally. But I haven't destroyed our businesses. Our businesses aren't put out of commission. If you look at the Paris Accord, it was a disaster from our standpoint. And people are actually very happy about what's going on, because our businesses are doing well. As far as the fires are concerned, you need forest management. In addition to everything else, the forest floors are loaded up with trees, dead trees that are years old and they're like tinder and leaves and everything else. You drop a cigarette in there the whole forest burns down. You've got to have forest management.",True,"[{""start"": 64, ""end"": 93, ""text"": ""We have now the lowest carbon"", ""reason_text"": """", ""reason_choices"": [""ranking"", ""environment""]}]",
20200929_trump_biden,WALLACE,"What do you believe about the science of climate change, sir?",False,[],
20200929_trump_biden,TRUMP,"I believe that we have to do everything we can to have immaculate air, immaculate water, and do whatever else we can that's good. You know, we're planting a billion trees--the Billion Tree Project--and it's very exciting for a lot of people.",False,[],
20200929_trump_biden,WALLACE,"You believe that human pollution, gas, greenhouse gas emissions contributes to the global warming of this planet?",True,"[{""start"": 17, ""end"": 97, ""text"": ""human pollution, gas, greenhouse gas emissions contributes to the global warming"", ""reason_text"": """", ""reason_choices"": [""environment""]}]",
20200929_trump_biden,TRUMP,"I think a lot of things do, but I think to an extent, yes. I think to an extent, yes. But I also think we have to do better management of our forests. Every year I get the call. California's burning, California's burning. If that was cleaned, if that were, if you had forest management, good forest management, you wouldn't be getting those calls. You know, in Europe, they live their forest cities. They call forest cities. They maintain their forest. They manage their forest. I was with the head of a major country, it's a forest city. He said, ""Sir, we have trees that are far more, they ignite much easier than California. There shouldn't be that problem."" I spoke with the Governor about it. I'm getting along very well with the governor. But I said, ""At some point you can't every year have hundreds of thousands of acres of land just burned to the ground.""",False,[],
20200929_trump_biden,WALLACE,But sir. . .,False,[],
20200929_trump_biden,TRUMP,That's burning down because of a lack of management.,False,[],
20200929_trump_biden,WALLACE,"But sir, if you believe in the science of climate change, why have you rolled back the Obama Clean Power Plan which limited carbon emissions in power plants? Why have you relaxed...?",False,[],
20200929_trump_biden,TRUMP,Because it was driving energy prices through the sky.,True,"[{""start"": 8, ""end"": 52, ""text"": ""it was driving energy prices through the sky"", ""reason_text"": """", ""reason_choices"": [""vague quantitative"", ""economic""]}]",
20200929_trump_biden,WALLACE,Why have you relaxed fuel economy standards that are going to create more pollution from cars and trucks?,False,[],
20200929_trump_biden,TRUMP,"Well, not really because what's happening is the car is much less expensive, and it's a much safer car, and you're talk it about a tiny difference. And then what would happen because of the cost of the car you would have at least double and triple the number of cars purchased. We have the old slugs out there that are 10, 12 years old. If you did that, the car would be safer. It would be much cheaper by $3,500.",True,"[{""start"": 45, ""end"": 75, ""text"": ""the car is much less expensive"", ""reason_text"": """", ""reason_choices"": [""vague quantitative"", ""comparative/temporal"", ""economic""]}, {""start"": 81, ""end"": 102, ""text"": ""it's a much safer car"", ""reason_text"": """", ""reason_choices"": [""vague quantitative"", ""comparative/temporal""]}, {""start"": 378, ""end"": 412, ""text"": ""It would be much cheaper by $3,500"", ""reason_text"": ""speculative but provides a quantifiable difference"", ""reason_choices"": [""numerical absolute"", ""comparative/temporal"", ""forecast/projection"", ""economic""]}]",
20200929_trump_biden,WALLACE,But in the case of California they have simply ignored your rollback.,False,[],
20200929_trump_biden,TRUMP,"No, but you would take a lot of cars off the market because people would be able to afford a car. Now, so, and by the way, we're going to see how that turns out. But a lot of people agree with me, many people. The car has gotten so expensive because they have computers all over the place for an extra little bit of gasoline.",True,"[{""start"": 250, ""end"": 324, ""text"": ""they have computers all over the place for an extra little bit of gasoline"", ""reason_text"": """", ""reason_choices"": [""other""]}]",
20200929_trump_biden,WALLACE,OK. . .,False,[],
20200929_trump_biden,TRUMP,And I'm okay with electric cars too. I think I'm all for electric cars. I've given big incentives for electric cars but what they've done in California is just crazy.,True,"[{""start"": 72, ""end"": 115, ""text"": ""I've given big incentives for electric cars"", ""reason_text"": """", ""reason_choices"": [""stance/support"", ""economic"", ""environment""]}]",
20200929_trump_biden,WALLACE,"All right, Vice president Biden. I'd like you to respond to the president's climate change record, but I also want to ask you about a concern. You propose $2 trillion in green jobs. You talk about new limits, not abolishing, but new limits on fracking. Ending the use of fossil fuels to generate electricity by 2035, and zero net emission of greenhouse gases by 2050. The president says a lot of these things would tank the economy and cost millions of jobs.",False,[],
20200929_trump_biden,BIDEN,"He's absolutely wrong, number one. Number two, if in fact, when, during our Administration in the Recovery Act, I was able, was in charge, able to bring down the cost of renewable energy to cheaper than or as cheap as coal and gas and oil. Nobody's gonna build another, uh, coal fired plant in America. No one's going to build another oil fire plant in America. They're going to move to renewable energy, number one, Number two, we're going to make sure that we are able to take the federal fleet and turn it into a fleet that's run on, that're electric vehicles. Making sure that we can do that, we're going to put 500,000 charging stations and all of the highways that we're going to be building in the future. We're going to build a economy that in fact is going to provide for the ability us to take 4 million buildings and make sure that they in fact are weatherized in a way that in fact will --they'll emit significantly less gas and oil because the heat will not be going out. There's so many things that we can do do now to create thousands and thousands of jobs. We can get to net zero, in terms of energy production, by 2035. Not only not costing people jobs, creating jobs. Creating millions of good-paying jobs. Not 15 bucks an hour, but prevailing wage, by having a new infrastructure that in fact, is green. And the first thing I will do, I will rejoin the Paris Accord. I will join the Paris Accord because with us out of it, look what's happening. It's all falling apart. And talk about someone who has no, no relationship to, with foreign policy. Brazil, the rainforests of Brazil are being torn down, are being ripped down. More, more carbon is absorbed in that rainforest than every bit of carbon that's emitted in the United States. Instead of doing something about that, I would be gathering up and making sure we had the comp--countries of the world coming up with 20 billion dollars, and say, ""Here's $20 billion. Stop, stop tearing, tearing down the forest. And if you don't, then you're going to have significant economic consequences.""",True,"[{""start"": 65, ""end"": 238, ""text"": ""during our Administration in the Recovery Act, I was able, was in charge, able to bring down the cost of renewable energy to cheaper than or as cheap as coal and gas and oil"", ""reason_text"": """", ""reason_choices"": [""economic"", ""environment""]}, {""start"": 1073, ""end"": 1135, ""text"": ""We can get to net zero, in terms of energy production, by 2035"", ""reason_text"": ""prediction"", ""reason_choices"": [""forecast/projection"", ""environment""]}, {""start"": 1573, ""end"": 1618, ""text"": ""the rainforests of Brazil are being torn down"", ""reason_text"": """", ""reason_choices"": [""environment""]}, {""start"": 1649, ""end"": 1752, ""text"": ""more carbon is absorbed in that rainforest than every bit of carbon that's emitted in the United States"", ""reason_text"": """", ""reason_choices"": [""comparative/temporal"", ""environment""]}]",
20200929_trump_biden,WALLACE,"What about, what about the argument that President Trump basically says, that you have to balance environmental interests and economic interests? And he's drawn his line.",False,[],
20200929_trump_biden,BIDEN,"Well, he hadn't drawn a line. He still, for example, makes sure that we, he wants to make sure that methane's not a problem. We can, you, you can now emit more methane without it being a problem. Methane. This is a guy who says that you don't have to have mileage standards for automobiles that exist now. This is the guy who says that, well the fact is. . .",False,[],
20200929_trump_biden,TRUMP,Not true. Not true.,False,[],
20200929_trump_biden,BIDEN,It's all true. And here's the deal. . .,False,[],
20200929_trump_biden,TRUMP,"He's talking about the Green New Deal. And it's not 2 billion or 20 billion, as you said. It's 100 trillion dollars.",True,"[{""start"": 43, ""end"": 75, ""text"": ""it's not 2 billion or 20 billion"", ""reason_text"": """", ""reason_choices"": [""numerical absolute"", ""economic""]}, {""start"": 90, ""end"": 115, ""text"": ""It's 100 trillion dollars"", ""reason_text"": """", ""reason_choices"": [""numerical absolute"", ""economic""]}]",
20200929_trump_biden,BIDEN,I'm. . . I'm. . . .I'm talking about the Biden plan. . .,False,[],
20200929_trump_biden,TRUMP,Where they want to rip down buildings. . .,False,[],
20200929_trump_biden,WALLACE,"[to Biden] Let him go for a minute, and then you can go.",False,[],
20200929_trump_biden,TRUMP,And rebuild the building.,False,[],
20200929_trump_biden,BIDEN,No.,False,[],
20200929_trump_biden,TRUMP,It's the dumbest-,False,[],
20200929_trump_biden,BIDEN,"That is not, that is not. . .",False,[],
20200929_trump_biden,TRUMP,... most ridiculous. . . Where airplanes are out of business. Where two car systems are out. . .,False,[],
20200929_trump_biden,BIDEN,Not true. . .,False,[],
20200929_trump_biden,TRUMP,. . . where they want to take out the cows too.,False,[],
20200929_trump_biden,BIDEN,Not true.,False,[],
20200929_trump_biden,TRUMP,"You know, that's not true either, right?",False,[],
20200929_trump_biden,BIDEN,Not true.,False,[],
20200929_trump_biden,TRUMP,"This is, this is a 100 trillion. . .",False,[],
20200929_trump_biden,BIDEN,Simply. . . Look-,False,[],
20200929_trump_biden,TRUMP,That's more money than our country could make in a hundred years if it were. . .,False,[],
20200929_trump_biden,BIDEN,That is simply not the case. . .,False,[],
20200929_trump_biden,TRUMP,It would destroy our country.,False,[],
20200929_trump_biden,WALLACE,"All right. Let me. Wait a minute, sir. I actually have studied your plan, and it includes upgrading 4 million buildings, weatherizing 2 million homes over four years, building one and a half million energy efficient homes. So the question becomes, some, the president is saying, I think, some people who support the president would say, that sounds like it's going to cost a lot of money and hurt the economy.",False,[],
20200929_trump_biden,BIDEN,"What it's going to do, it's going to create thousands and millions of jobs. Good paying jobs.",True,"[{""start"": 23, ""end"": 74, ""text"": ""it's going to create thousands and millions of jobs"", ""reason_text"": """", ""reason_choices"": [""numerical absolute"", ""forecast/projection"", ""economic""]}]",
20200929_trump_biden,TRUMP,Hundred trillion dollars.,False,[],
20200929_trump_biden,WALLACE,"Let him finish, sir.",False,[],
20200929_trump_biden,BIDEN,He doesn't know how to do that.,False,[],
20200929_trump_biden,TRUMP,100 trillion dollars.,False,[],
20200929_trump_biden,BIDEN,"The fact is, it's going to create millions of good-paying jobs. And these tax incentives to people, for people to weatherize, which he wants to get, get rid of. It's going to make the economy much safer. Look how much we're paying now to deal with the hurricanes, with, deal with. . . By the way, he has an answer for hurricanes. He said, maybe we should drop a nuclear weapon on them, and they may go away.",True,"[{""start"": 13, ""end"": 62, ""text"": ""it's going to create millions of good-paying jobs"", ""reason_text"": """", ""reason_choices"": [""numerical absolute"", ""forecast/projection"", ""economic""]}, {""start"": 330, ""end"": 406, ""text"": ""He said, maybe we should drop a nuclear weapon on them, and they may go away"", ""reason_text"": """", ""reason_choices"": [""attribution"", ""environment""]}]",
20200929_trump_biden,TRUMP,I never said that at all.,False,[],
20200929_trump_biden,BIDEN,"Yeah, you did say that.",False,[],
20200929_trump_biden,TRUMP,They made it up.,False,[],
20200929_trump_biden,BIDEN,And here's the deal. . .,False,[],
20200929_trump_biden,TRUMP,You make up a lot.,False,[],
20200929_trump_biden,BIDEN,". . . we're going to be in a position where we can create hard, hard, good jobs by making sure the environment is clean, and we all are in better shape. We spend billions of dollars now, billions of dollars, on floods, hurricanes, rising seas. We're in real trouble. Look what's happened just in the Midwest with these storms that come through and wipe out entire sections and counties in Iowa. They didn't happen before. They're because of global warming. We make up 15% of the world's problem. We in fact, but the rest of the world, we've got to get them to come along. That's why we have to get back into, back into the Paris Accord.",True,"[{""start"": 153, ""end"": 242, ""text"": ""We spend billions of dollars now, billions of dollars, on floods, hurricanes, rising seas"", ""reason_text"": """", ""reason_choices"": [""numerical absolute"", ""economic"", ""environment""]}, {""start"": 395, ""end"": 420, ""text"": ""They didn't happen before"", ""reason_text"": """", ""reason_choices"": [""comparative/temporal"", ""environment""]}, {""start"": 422, ""end"": 455, ""text"": ""They're because of global warming"", ""reason_text"": """", ""reason_choices"": [""causation"", ""environment""]}, {""start"": 457, ""end"": 494, ""text"": ""We make up 15% of the world's problem"", ""reason_text"": """", ""reason_choices"": [""statistical""]}]",
20200929_trump_biden,WALLACE,"All right, gentlemen. . .",False,[],
20200929_trump_biden,TRUMP,"Wait a minute, Chris. So why didn't he do it for 47 years? You were Vice-President?",False,[],
20200929_trump_biden,BIDEN,For 47?,False,[],
20200929_trump_biden,TRUMP,"So why didn't you get the world—China sends up real dirt into the air. Russia does. India does. They all do. We're supposed to be good. And by the way, he made a couple of statements. The Green New Deal is a hundred trillion dollars. . .",True,"[{""start"": 32, ""end"": 94, ""text"": ""China sends up real dirt into the air. Russia does. India does"", ""reason_text"": """", ""reason_choices"": [""attribution"", ""environment""]}, {""start"": 184, ""end"": 232, ""text"": ""The Green New Deal is a hundred trillion dollars"", ""reason_text"": """", ""reason_choices"": [""numerical absolute"", ""economic"", ""environment""]}]",
20200929_trump_biden,BIDEN,That is not my plan.,False,[],
20200929_trump_biden,TRUMP,. . .not 20 billion. . . .,False,[],
20200929_trump_biden,BIDEN,The Green New Deal is not my plan. . .,False,[],
20200929_trump_biden,TRUMP,. . . You want to rebuild every building.,False,[],
20200929_trump_biden,BIDEN,. . . If you knew anything about. . .,False,[],
20200929_trump_biden,TRUMP,"Well, you want to rebuild everything",False,[],
20200929_trump_biden,BIDEN,If he knew anything about. . .,False,[],
20200929_trump_biden,WALLACE,Gentlemen. . . Gentlemen. . .,False,[],
20200929_trump_biden,TRUMP,"He made a statement about the military. He said I said something about the military. He and his friends made it up, and then they went with it. I never said it.",False,[],
20200929_trump_biden,WALLACE,Okay.,False,[],
20200929_trump_biden,BIDEN,That is not true.,False,[],
20200929_trump_biden,TRUMP,What he did is he said. . .,False,[],
20200929_trump_biden,WALLACE,"Okay, we're going to get into a new segment. Mr. Vice President, Mr. Vice President. . .",False,[],
20200929_trump_biden,TRUMP,. . .is he called the military stupid bastards.,True,"[{""start"": 8, ""end"": 46, ""text"": ""he called the military stupid bastards"", ""reason_text"": """", ""reason_choices"": [""attribution"", ""other""]}]",
20200929_trump_biden,BIDEN,I did not say that.,False,[],
20200929_trump_biden,TRUMP,He said it on tape. . . [crosstalk],False,[],
20200929_trump_biden,BIDEN,Not true.,False,[],
20200929_trump_biden,TRUMP,". . .He said ""stupid bastards.""",False,[],
20200929_trump_biden,WALLACE,Sir. [crosstalk] Stop.,False,[],
20200929_trump_biden,BIDEN,Play it.,False,[],
20200929_trump_biden,TRUMP,I would never say that.,False,[],
20200929_trump_biden,BIDEN,Play it.,False,[],
20200929_trump_biden,WALLACE,Go ahead.,False,[],
20200929_trump_biden,TRUMP,You're on tape.,False,[],
20200929_trump_biden,WALLACE,Mr. Vice President answered his final question.,False,[],
20200929_trump_biden,BIDEN,"The final question is, I can't remember which of all his rantings was the final question.",False,[],
20200929_trump_biden,WALLACE,"[laughing] I'm having a little trouble myself, but...",False,[],
20200929_trump_biden,BIDEN,Yeah.,False,[],
20200929_trump_biden,WALLACE,And about the economy and about this question of what it's going to cost.,False,[],
20200929_trump_biden,BIDEN,The economy. . .,False,[],
20200929_trump_biden,WALLACE,The Green New Deal and the idea of what your environmental changes will do.,False,[],
20200929_trump_biden,BIDEN,"The Green New Deal will pay for itself as we move forward. We're not going to build plants that, in fact, are great polluting plants, we're gonna build. . .",False,[],
20200929_trump_biden,WALLACE,"So, do you support the Green New Deal?",False,[],
20200929_trump_biden,BIDEN,Pardon me?,False,[],
20200929_trump_biden,WALLACE,Do you support the . . .,False,[],
20200929_trump_biden,BIDEN,"No, I don't support the Green New Deal.",False,[],
20200929_trump_biden,TRUMP,"Oh, you don't? Oh, well, that's a big statement.",False,[],
20200929_trump_biden,BIDEN,I support . . .,False,[],
20200929_trump_biden,TRUMP,You just lost the radical left. It's done. Oh you don't?,False,[],
20200929_trump_biden,BIDEN,I support the Biden plan that I put forward.,False,[],
20200929_trump_biden,WALLACE,Okay.,False,[],
20200929_trump_biden,BIDEN,"The Biden plan, which is different than what he calls ""The Radical Green New Deal.""",False,[],
20200929_trump_biden,WALLACE,"All right, gentlemen, final segment: Election integrity. As we meet tonight, millions of Americans are receiving mail-in ballots or going to vote early. How confident should we be that this will be a fair election, and what are you prepared to do over the next five plus weeks? Because it will not only be to election day, but also counting some ballots--mail-in ballots--after election day. What are you prepared to do to reassure the American people that the next president will be the legitimate winner of this election. In this final segment, Mr. Vice President, you go first.",False,[],
20200929_trump_biden,BIDEN,"Prepare to let people vote. They should go to iwillvote.com. Decide how they're going to vote, when they're going to vote, and what means by which they're going to vote. His own Homeland Security director, and as well as the FBI director, says that there is no evidence at all that mail-in ballots are a source of being manipulated and cheating. They said that. The fact is that there are going to be millions of people because of COVID that are going to be voting by mail-in ballots like he does, by the way. He sits behind the Resolute Desk and sends his ballot to Florida. Number one. Number two, we're going to make sure that those people who want to vote in person are able to vote because there are enough poll watchers are there to make sure they can socially distance. The polls are open on time, and the polls stay open until the votes are counted. And this is all about trying to dissuade people from voting because he's trying to conf--to scare people into thinking that it's not going to be legitimate. Show up and vote. You will determine the outcome of this election. Vote, vote, vote. If you're able to vote early in your state, vote early. If you're able to vote in person, vote in person. Vote whatever way is the best way for you. Because you will—he cannot stop you from being able to determine the outcome of this election. And in terms of whether or not, when the votes are counted and they're all counted, that will be accepted. If I win, that will be accepted. If I lose, that'll be accepted. But by the way, if in fact he says, he's not sure what he's going to accept. Well, let me tell you something, it doesn't matter, because if we get the votes, it's going to be all over. He's gonna go. He can't stay in power. It won't happen. It won't happen. So vote. Just make sure you understand, you have it in your control to determine what this country is gonna look like the next four years. Is it going to change, or are you going to get four more years of these lies?",True,"[{""start"": 170, ""end"": 344, ""text"": ""His own Homeland Security director, and as well as the FBI director, says that there is no evidence at all that mail-in ballots are a source of being manipulated and cheating"", ""reason_text"": """", ""reason_choices"": [""attribution"", ""epistemic"", ""conspiratorial"", ""political""]}]",
20200929_trump_biden,WALLACE,"Mr. President, two minutes.",False,[],
20200929_trump_biden,TRUMP,"So when I listen to Joe talking about a transition, there has been no transition from when I won. I won that election. And if you look at crooked Hillary Clinton, if you look at all of the different people, there was no transition, because they came after me trying to do a coup. They came after me spying on my campaign. They started from the day I won, and even before I won. From the day I came down the escalator with our first lady, they were a disaster. They were a disgrace to our country, and we've caught 'em. We've caught 'em all. We've got it all on tape. We've caught 'em all. And by the way, you gave the idea for the Logan Act against General Flynn. You better take a look at that, because we caught you in a sense, and President Obama was sitting in the office. He knew about it too. So don't tell me about a free transition. As far as the ballots are concerned, it's a disaster. A solicited ballot, okay, solicited, is okay. You're soliciting. You're asking. They send it back. You send it back. I did that. If you have an unsolicited--they're sending millions of ballots all over the country. There's fraud. They found 'em in creeks. They found some, with the name Trump, just happened to have the name Trump, just the other day in a wastepaper basket. They're being sent all over the place. They sent two in a Democrat area. They sent out a thousand ballots. Everybody got two ballots. This is going to be a fraud like you've never seen. The other thing, it's nice. On November 3rd, you're watching, and you see who won the election. And I think we're going to do well because people are really happy with the job we've done. But you know what? We won't know. We might not know for months because these ballots are going to be all over. Take a look at what happened in Manhattan. Take a look at what happened in New Jersey. Take a look at what happened in Virginia and other places. They're not losing 2%, 1%, which by the way is too much. An election could be won or lost with that. They're losing 30 and 40%. It's a fraud, and it's a shame. And can you imagine where they say, uh, ""You have to have your ballot in by November 10th."" November 10th. That means, that's seven days after the election, in theory, should've been announced.",True,"[{""start"": 240, ""end"": 278, ""text"": ""they came after me trying to do a coup"", ""reason_text"": """", ""reason_choices"": [""conspiratorial"", ""political""]}, {""start"": 280, ""end"": 320, ""text"": ""They came after me spying on my campaign"", ""reason_text"": """", ""reason_choices"": [""conspiratorial"", ""political""]}, {""start"": 605, ""end"": 662, ""text"": ""you gave the idea for the Logan Act against General Flynn"", ""reason_text"": """", ""reason_choices"": [""attribution"", ""political""]}, {""start"": 1052, ""end"": 1108, ""text"": ""they're sending millions of ballots all over the country"", ""reason_text"": """", ""reason_choices"": [""numerical absolute"", ""political""]}, {""start"": 1110, ""end"": 1123, ""text"": ""There's fraud"", ""reason_text"": """", ""reason_choices"": [""conspiratorial"", ""political""]}, {""start"": 2002, ""end"": 2027, ""text"": ""They're losing 30 and 40%"", ""reason_text"": """", ""reason_choices"": [""statistical"", ""political""]}, {""start"": 2029, ""end"": 2041, ""text"": ""It's a fraud"", ""reason_text"": """", ""reason_choices"": [""conspiratorial"", ""political""]}, {""start"": 2180, ""end"": 2253, ""text"": ""that's seven days after the election, in theory, should've been announced"", ""reason_text"": """", ""reason_choices"": [""conspiratorial"", ""political""]}]",
20200929_trump_biden,WALLACE,Okay,False,[],
20200929_trump_biden,TRUMP,We have major states with that. . .,False,[],
20200929_trump_biden,WALLACE,Sir. Time. . .,False,[],
20200929_trump_biden,TRUMP,... all run by Democrats-,False,[],
20200929_trump_biden,WALLACE,"Sir, two minutes is two minutes.",False,[],
20200929_trump_biden,TRUMP,All run by Democrats.,False,[],
20200929_trump_biden,WALLACE,"President Trump. . . I, I,. . .",False,[],
20200929_trump_biden,TRUMP,It's a rigged election.,False,[],
20200929_trump_biden,WALLACE,"You're going to be able to continue. You have been charging for months that mail-in balloting is going to be a disaster. You say it's rigged, that it's going to lead to fraud. But in 2018, in the last midterm election, 31 million people voted mail-in voting. That was a quarter, more than a quarter of all the voters that year, cast their ballots by mail. Now that millions of mail-in ballots have gone out, what are you going to do about it? And are you counting on the Supreme Court, including a Justice Barrett, to settle any dispute?",True,"[{""start"": 180, ""end"": 257, ""text"": ""in 2018, in the last midterm election, 31 million people voted mail-in voting"", ""reason_text"": """", ""reason_choices"": [""numerical absolute"", ""political""]}, {""start"": 259, ""end"": 354, ""text"": ""That was a quarter, more than a quarter of all the voters that year, cast their ballots by mail"", ""reason_text"": """", ""reason_choices"": [""statistical"", ""political""]}]",
20200929_trump_biden,TRUMP,"Yeah. I think I'm counting on them to look at the ballots, definitely. I don't think—I hope we don't need them, in terms of the election itself. But for the ballots, I think so, because what's happening is incredible. I just heard, I read today where at least 1% of the ballots for 2016 were invalidated. They take 'em. We don't like 'em. We don't like 'em. They throw 'em out. . .",True,"[{""start"": 251, ""end"": 303, ""text"": ""at least 1% of the ballots for 2016 were invalidated"", ""reason_text"": """", ""reason_choices"": [""numerical absolute"", ""political""]}]",
20200929_trump_biden,WALLACE,But what are you going to do about it-,False,[],
20200929_trump_biden,TRUMP,... left and right.,False,[],
20200929_trump_biden,WALLACE,There are millions of ballots going out right now. What are you going to do. . .,False,[],
20200929_trump_biden,TRUMP,"What you do is you go and vote. You do a solicited ballot, and that's okay. . .",False,[],
20200929_trump_biden,WALLACE,No. No. I know your complaint. I'm asking you about the fact that millions of people have received. . .,False,[],
20200929_trump_biden,TRUMP,You go and vote. You go and vote. . .,False,[],
20200929_trump_biden,WALLACE,No. But what I'm saying is . . .,False,[],
20200929_trump_biden,TRUMP,. . . like they used to in the old. . .,False,[],
20200929_trump_biden,WALLACE,. . . what are you going to do about the fact that millions of people. . .,False,[],
20200929_trump_biden,TRUMP,"You either do, Chris, a solicited ballot, where you're sending it in, they're sending it back and you're sending. They have mailmen with lots of it. Did you see what's going on? Take a look at West Virginia, mailman selling the ballots. They're being sold. They're being dumped in rivers. This is a horrible thing for our country.",True,"[{""start"": 237, ""end"": 255, ""text"": ""They're being sold"", ""reason_text"": """", ""reason_choices"": [""conspiratorial"", ""political""]}]",
20200929_trump_biden,BIDEN,There is no--there is no evidence of that. . .,True,"[{""start"": 13, ""end"": 41, ""text"": ""there is no evidence of that"", ""reason_text"": """", ""reason_choices"": [""epistemic""]}]",
20200929_trump_biden,TRUMP,This is not going to end well.,False,[],
20200929_trump_biden,BIDEN,There is no evidence of that. . .,True,"[{""start"": 0, ""end"": 28, ""text"": ""There is no evidence of that"", ""reason_text"": """", ""reason_choices"": [""epistemic""]}]",
20200929_trump_biden,TRUMP,This is not going to end well.,False,[],
20200929_trump_biden,WALLACE,"Okay. Vice President Biden, in fact, go ahead, sir-",False,[],
20200929_trump_biden,BIDEN,"Five states have had mail-in ballots for the last decade or more. Five, including two Republican states. And you don't have to solicit the ballot. It's sent to you. It's sent to your home. What we're saying is, they're saying is that it has to be a postmark by the time, by election day. If it doesn't get in until the seventh, eighth, ninth, it still should be counted. He's just afraid of counting the votes because. . . .",True,"[{""start"": 0, ""end"": 56, ""text"": ""Five states have had mail-in ballots for the last decade"", ""reason_text"": """", ""reason_choices"": [""numerical absolute"", ""political""]}]",
20200929_trump_biden,TRUMP,You're wrong. You're wrong. I love counting the votes. . .,False,[],
20200929_trump_biden,BIDEN,. . . he knows what the outcome will be.,False,[],
20200929_trump_biden,WALLACE,"I want to continue with you on this, Vice President Biden. . .",False,[],
20200929_trump_biden,TRUMP,"Chris, he's so wrong when he makes a statement like that-",False,[],
20200929_trump_biden,WALLACE,"No. Excuse me. Vice President Biden, the biggest problem, in fact, over the years with mail-in voting has not been fraud, historically. It has been that sizable numbers, sometimes hundreds of thousands of ballots are thrown out because they have not been properly filled out, or there is some other irregularity,. . .",True,"[{""start"": 170, ""end"": 311, ""text"": ""sometimes hundreds of thousands of ballots are thrown out because they have not been properly filled out, or there is some other irregularity"", ""reason_text"": """", ""reason_choices"": [""numerical absolute"", ""political""]}]",
20200929_trump_biden,TRUMP,That could be fraud.,False,[],
20200929_trump_biden,WALLACE,". . .or they missed the deadline. So the question I have is, are you concerned that the Supreme Court with a Justice Barrett will settle any dispute?",False,[],
20200929_trump_biden,BIDEN,"I am concerned that any court would settle this, because here's the deal. When you file—when you get a ballot and you fill it out, you're supposed to have an affidavit. If you didn't know, you have someone say that, this is me. You should be able to, if in fact you can verify that's you when, before the ballot is thrown out, that's sufficient to be able to count the ballot because someone made a mistake and not dotting the correct i. Who they voted for, testify, say who they voted for, say it's you. That is totally legitimate.",False,[],
20200929_trump_biden,WALLACE,All right.,False,[],
20200929_trump_biden,TRUMP,"Excuse me, Chris, when you have eighty million ballots. . .",False,[],
20200929_trump_biden,WALLACE,No. No. No. I have a final [crosstalk].,False,[],
20200929_trump_biden,TRUMP,. . . sent in and swamping the system. . .,False,[],
20200929_trump_biden,WALLACE,"Gentlemen, I have a final question . . .",False,[],
20200929_trump_biden,TRUMP,"You know it can't be done. You know it can't, and already, there's been fraud deception and . . . .",False,[],
20200929_trump_biden,BIDEN,Mail service delivers 185 million pieces of mail a day. . .,False,[],
20200929_trump_biden,TRUMP,. . . Eighty million ballots.,False,[],
20200929_trump_biden,WALLACE,"We can keep talking. In eight states, election workers are prohibited, currently by law, eight states, from even beginning to process ballots, even take them out of the envelopes and flatten them until election day. That means that it's likely, because there's going to be a huge increase in mail-in balloting, that we are not going to know on election night who the winner is, that it could be days. It could be weeks. . .",True,"[{""start"": 38, ""end"": 214, ""text"": ""election workers are prohibited, currently by law, eight states, from even beginning to process ballots, even take them out of the envelopes and flatten them until election day"", ""reason_text"": """", ""reason_choices"": [""numerical absolute"", ""political""]}]",
20200929_trump_biden,TRUMP,Could be months.,False,[],
20200929_trump_biden,WALLACE,". . . until we find out who the new president is. So, I--first for you, sir. Finally, for the Vice-President, and I hope neither of you will interrupt the other. Will you urge your supporters to stay calm during this extended period, not to engage in any civil unrest? And will you pledge tonight that you will not declare victory until the election has been independently certified? President Trump, you go first.",False,[],
20200929_trump_biden,TRUMP,"I'm urging my supporters to go in to the polls and watch very carefully, because that's what has to happen. I am urging them to do it. As you know, today there was a big problem. In Philadelphia, they went in to watch. They're called poll watchers, a very safe, very nice thing. They were thrown out. They weren't allowed to watch. You know why? Because bad things happen in Philadelphia. Bad things. And I am urging, I am urging my people. I hope it's going to be a fair election. If it's a fair election. . .",True,"[{""start"": 301, ""end"": 330, ""text"": ""They weren't allowed to watch"", ""reason_text"": """", ""reason_choices"": [""conspiratorial"", ""political""]}]",
20200929_trump_biden,WALLACE,You're urging them what?,False,[],
20200929_trump_biden,TRUMP,". . . I am 100% on board. But if I see tens of thousands of ballots being manipulated, I can't go along with that. And I'll tell you what. . .",False,[],
20200929_trump_biden,WALLACE,"What does that mean, not go along. . .",False,[],
20200929_trump_biden,TRUMP,. .. from a common sense. . .,False,[],
20200929_trump_biden,WALLACE,. . .does that mean you're going to tell your people . . .,False,[],
20200929_trump_biden,TRUMP,I'll tell you what it means. . .,False,[],
20200929_trump_biden,WALLACE,... to take to the streets?,False,[],
20200929_trump_biden,TRUMP,It means you have a fraudulent election. You're sending out 80 million ballots. . .,True,"[{""start"": 20, ""end"": 39, ""text"": ""fraudulent election"", ""reason_text"": """", ""reason_choices"": [""conspiratorial"", ""political""]}, {""start"": 48, ""end"": 78, ""text"": ""sending out 80 million ballots"", ""reason_text"": """", ""reason_choices"": [""numerical absolute"", ""political""]}]",
20200929_trump_biden,WALLACE,And what would you do about that?,False,[],
20200929_trump_biden,TRUMP,"They're not equipped. These people aren't equipped to handle it, number one. Number two, they cheat. They cheat. Hey, they found ballots in a wastepaper basket three days ago, and they all had the name military ballots. There were military. They all had the name Trump on them.",True,"[{""start"": 118, ""end"": 174, ""text"": ""they found ballots in a wastepaper basket three days ago"", ""reason_text"": """", ""reason_choices"": [""conspiratorial"", ""political""]}]",
20200929_trump_biden,WALLACE,Vice President Biden-,False,[],
20200929_trump_biden,TRUMP,You think that's good?,False,[],
20200929_trump_biden,WALLACE,"Vice President Biden, final question for you. Will you urge your supporters to stay calm while the vote is counted? And will you pledge not to declare victory until the election is independently certified?",False,[],
20200929_trump_biden,BIDEN,"Yes. And here's the deal. We count the ballots, as you pointed out. Some of these ballots in some states can't even be opened until election day. And if there's thousands of ballots, it's going to take time to do it. And by the way, our military--they've been voting by ballots for since the end of the Civil War, in effect. And that's, and that's what's going to happen. Why was it not, why is it for them, somehow not fraudulent. It's the same process. It's honest. No one has established at all that there is fraud related to mail-in ballots, that the, somehow it's a fraudulent process.",True,"[{""start"": 468, ""end"": 544, ""text"": ""No one has established at all that there is fraud related to mail-in ballots"", ""reason_text"": """", ""reason_choices"": [""epistemic"", ""conspiratorial"", ""political""]}]",
20200929_trump_biden,TRUMP,It's already been established. Take a look at Carolyn Maloney's race. . .,True,"[{""start"": 0, ""end"": 29, ""text"": ""It's already been established"", ""reason_text"": """", ""reason_choices"": [""epistemic""]}, {""start"": 46, ""end"": 68, ""text"": ""Carolyn Maloney's race"", ""reason_text"": """", ""reason_choices"": [""conspiratorial"", ""political""]}]",
20200929_trump_biden,WALLACE,I asked you. You had an opportunity to respond [crosstalk].,False,[],
20200929_trump_biden,TRUMP,Look at Carolyn Maloney's race. They have no idea what happened. . .,True,"[{""start"": 8, ""end"": 30, ""text"": ""Carolyn Maloney's race"", ""reason_text"": """", ""reason_choices"": [""conspiratorial"", ""political""]}]",
20200929_trump_biden,WALLACE,"Go ahead. Vice President Biden, go ahead.",False,[],
20200929_trump_biden,BIDEN,"He has no idea what he's talking about. Here's the deal. The fact is, I will accept it, and he will too. You know why? Because once the winner is declared after all the ballots are counted, all the votes are counted, that'll be the end of it. That'll be the end of it. And if it's me, in fact, fine. If it's not me, I'll support the outcome. And I'll be a president, not just for the Democrats. I'll be a president for Democrats and Republicans. And this guy if in fact. . .",False,[],
20200929_trump_biden,TRUMP,I want to see an honest ballot count. . .,False,[],
20200929_trump_biden,WALLACE,"Gentlemen, just say that's the end of it [crosstalk]. This is the end of this debate-",False,[],
20200929_trump_biden,TRUMP,I want to see an honest ballot count.,False,[],
20200929_trump_biden,WALLACE,We're going to leave it there. . .,False,[],
20200929_trump_biden,TRUMP,And I think he does too. . .,False,[],
20200929_trump_biden,WALLACE,"... to be continued in more debates as we go on. President Trump, Vice President Biden, it's been an interesting hour and a half. I want to thank you both for participating in the first of three debates that you have agreed to engage in. We want to thank Case Western Reserve University and the Cleveland Clinic for hosting this event. The next debate, sponsored by the Commission on Presidential Debates, will be one week from tomorrow, October 7th, at the University of Utah in Salt Lake City. The two Vice-Presidential nominees, Vice President Mike Pence and Senator Kamala Harris will debate at 9:00 PM Eastern that night. We hope you watch. Until then, thank you, and good night.",False,[],
20240910_trump_harris,MUIR,"Good evening, I'm David Muir. And thank you for joining us for tonight's ABC News Presidential Debate. We want to welcome viewers watching on ABC and around the world tonight. Vice President Kamala Harris and President Donald Trump are just moments away from taking the stage in this unprecedented race for president.",False,[],
20240910_trump_harris,DAVIS,"And I'm Linsey Davis. Tonight's meeting could be the most consequential event of their campaigns, with Election Day now less than two months away. For Vice President Kamala Harris, this is her first debate since President Biden withdrew from the race on July 21st. Of course, that decision followed his debate against President Donald Trump in June. Since then, this race has taken on an entirely new dynamic.",False,[],
20240910_trump_harris,MUIR,"And that brings us to the rules of tonight's debate: 90 minutes with two commercial breaks. No topics or questions have been shared with the campaigns. The candidates will have two minutes to answer questions. And this is the clock. That's what they'll be seeing. Two minutes for rebuttals and one minute for follow-ups, clarifications or responses. Their microphones will only be turned on when it's their turn to speak. No prewritten notes allowed. There is no audience here tonight in this hall at the National Constitution Center. This is an intimate setting for two candidates who have never met.",False,[],
20240910_trump_harris,DAVIS,President Trump won the coin toss. He chose to deliver the final closing statement of the evening. Vice President Harris selected the podium to the right.,False,[],
20240910_trump_harris,MUIR,So let's now welcome the candidates to the stage. Vice President Kamala Harris and President Donald Trump.,False,[],
20240910_trump_harris,HARRIS,Kamala Harris. Let's have a good debate.,False,[],
20240910_trump_harris,TRUMP,Nice to see you. Have fun.,False,[],
20240910_trump_harris,HARRIS,Thank you.,False,[],
20240910_trump_harris,TRUMP,Thank you.,False,[],
20240910_trump_harris,MUIR,Welcome to you both. It's wonderful to have you. It's an honor to have you both here tonight.,False,[],
20240910_trump_harris,DAVIS,"Good evening, we are looking forward to a spirited and thoughtful debate.",False,[],
20240910_trump_harris,MUIR,"So let's get started. I want to begin tonight with the issue voters repeatedly say is their number one issue, and that is the economy and the cost of living in this country. Vice President Harris, you and President Trump [sic] were elected four years ago and your opponent on the stage here tonight often asks his supporters, are you better off than you were four years ago? When it comes to the economy, do you believe Americans are better off than they were four years ago?",False,[],
20240910_trump_harris,HARRIS,"So, I was raised as a middle-class kid. And I am actually the only person on this stage who has a plan that is about lifting up the middle class and working people of America. I believe in the ambition, the aspirations, the dreams of the American people. And that is why I imagine and have actually a plan to build what I call an opportunity economy. Because here's the thing. We know that we have a, a shortage of homes and housing, and the cost of housing is too expensive for far too many people. We know that young families need support to raise their children. And I intend on extending a tax cut for those families of $6,000, which is the largest child tax credit that we have given in a long time. So that those young families can afford to buy a crib, buy a car seat, buy clothes for their children. My passion, one of them, is small businesses. I was actually--my mother raised my sister and me but there was a woman who helped raise us. We call her our second mother. She was a small business owner. I love our small businesses. My plan is to give a $50,000 tax deduction to start up small businesses, knowing they are part of the backbone of America's economy. My opponent, on the other hand, his plan is to do what he has done before, which is to provide a tax cut for billionaires and big corporations, which will result in $5 trillion to America's deficit. My opponent has a plan that I call the Trump sales tax, which would be a 20% tax on everyday goods that you rely on to get through the month. Economists have said that that Trump's sales tax would actually result for middle-class families in about $4,000 more a year because of his policies and his ideas about what should be the backs of middle-class people paying for tax cuts for billionaires.",True,"[{""start"": 1316, ""end"": 1369, ""text"": ""which will result in $5 trillion to America's deficit"", ""reason_text"": """", ""reason_choices"": [""numerical absolute"", ""forecast/projection"", ""economic""]}, {""start"": 1427, ""end"": 1469, ""text"": ""which would be a 20% tax on everyday goods"", ""reason_text"": """", ""reason_choices"": [""numerical absolute"", ""forecast/projection"", ""economic""]}, {""start"": 1544, ""end"": 1637, ""text"": ""Trump's sales tax would actually result for middle-class families in about $4,000 more a year"", ""reason_text"": """", ""reason_choices"": [""numerical absolute"", ""comparative/temporal"", ""forecast/projection"", ""economic"", ""political""]}]",
20240910_trump_harris,MUIR,"President Trump, I'll give you two minutes.",False,[],
20240910_trump_harris,TRUMP,"First of all, I have no sales tax. That's an incorrect statement. She knows that. We're doing tariffs on other countries. Other countries are going to finally, after 75 years, pay us back for all that we've done for the world. And the tariff will be substantial in some cases. I took in billions and billions of dollars, as you know, from China. In fact, they never took the tariff off because it was so much money, they can't. It would totally destroy everything that they've set out to do. They're taking in billions of dollars from China and other places. They've left the tariffs on. When I had it, I had tariffs and yet I had no inflation. Uh, look, we've had a terrible economy because inflation has--which is really known as a country buster. It breaks up countries. We have inflation like very few people have ever seen before. Probably the worst in our nation's history. We were at 21%. But that's being generous because many things are 50, 60, 70, and 80% higher than they were just a few years ago. This has been a disaster for people, for the middle class, but for every class. On top of that, we have millions of people pouring into our country from prisons and jails, from mental institutions and insane asylums. And they're coming in and they're taking jobs that are occupied right now by African Americans and Hispanics and also unions. Unions are going to be affected very soon. And you see what's happening. You see what's happening with towns throughout the United States. You look at Springfield, Ohio. You look at Aurora in Colorado. They are taking over the towns. They're taking over buildings. They're going in violently. These are the people that she and Biden let into our country. And they're destroying our country. They're dangerous. They're at the highest level of criminality. And we have to get 'em out. We have to get 'em out fast. I created one of the greatest economies in the history of our country. I'll do it again and even better.",True,"[{""start"": 845, ""end"": 878, ""text"": ""the worst in our nation's history"", ""reason_text"": """", ""reason_choices"": [""ranking"", ""economic""]}, {""start"": 880, ""end"": 894, ""text"": ""We were at 21%"", ""reason_text"": """", ""reason_choices"": [""statistical""]}, {""start"": 930, ""end"": 1008, ""text"": ""many things are 50, 60, 70, and 80% higher than they were just a few years ago"", ""reason_text"": """", ""reason_choices"": [""statistical"", ""comparative/temporal""]}, {""start"": 1106, ""end"": 1225, ""text"": ""we have millions of people pouring into our country from prisons and jails, from mental institutions and insane asylums"", ""reason_text"": """", ""reason_choices"": [""conspiratorial"", ""immigration""]}, {""start"": 1253, ""end"": 1351, ""text"": ""they're taking jobs that are occupied right now by African Americans and Hispanics and also unions"", ""reason_text"": """", ""reason_choices"": [""economic"", ""ethnicity/race"", ""immigration""]}, {""start"": 1763, ""end"": 1806, ""text"": ""They're at the highest level of criminality"", ""reason_text"": """", ""reason_choices"": [""immigration"", ""crime/law""]}]",
20240910_trump_harris,MUIR,We are going to get to immigration and border security during this debate. But I would like to let Vice President Harris respond on the economy here.,False,[],
20240910_trump_harris,HARRIS,"Well, I would love to. Let's talk about what Donald Trump left us. Donald Trump left us the worst unemployment since the Great Depression. Donald Trump left us the worst public health epidemic in a century. Donald Trump left us the worst attack on our democracy since the Civil War. And what we have done is clean up Donald Trump's mess. What we have done and what I intend to do is build on what we know are the aspirations and the hopes of the American people. But I'm going to tell you all, in this debate tonight, you're gonna hear from the same old, tired playbook, a bunch of lies, grievances and name-calling. What you're gonna hear tonight is a detailed and dangerous plan called Project 2025 that the former president intends on implementing if he were elected again. I believe very strongly that the American people want a president who understands the importance of bringing us together knowing we have so much more in common than what separates us. And I pledge to you to be a president for all Americans.",True,"[{""start"": 67, ""end"": 137, ""text"": ""Donald Trump left us the worst unemployment since the Great Depression"", ""reason_text"": """", ""reason_choices"": [""ranking"", ""attribution"", ""economic""]}, {""start"": 139, ""end"": 205, ""text"": ""Donald Trump left us the worst public health epidemic in a century"", ""reason_text"": """", ""reason_choices"": [""ranking"", ""attribution"", ""medical""]}, {""start"": 207, ""end"": 281, ""text"": ""Donald Trump left us the worst attack on our democracy since the Civil War"", ""reason_text"": """", ""reason_choices"": [""ranking"", ""attribution"", ""political""]}, {""start"": 676, ""end"": 775, ""text"": ""plan called Project 2025 that the former president intends on implementing if he were elected again"", ""reason_text"": """", ""reason_choices"": [""stance/support"", ""political""]}]",
20240910_trump_harris,MUIR,"President Trump, I'll give you a minute here to respond.",False,[],
20240910_trump_harris,TRUMP,"Number one, I have nothing to do, as you know and as she knows better than anyone, I have nothing to do with Project 2025. That's out there. I haven't read it. I don't wanna read it, purposely. I'm not going to read it. This was a group of people that got together, they came up with some ideas. I guess some good, some bad. But it makes no difference. I have nothing to do--everybody knows I'm an open book. Everybody knows what I'm going to do. Cut taxes very substantially. And create a great economy like I did before. We had the greatest economy. We got hit with a pandemic. And the pandemic was--not since 1917 where 100 million people died has there been anything like it. We did a phenomenal job with the pandemic. We handed them over a country where the economy and where the stock market was higher than it was before the pandemic came in. Nobody's ever seen anything like it. We made ventilators for the entire world. We got gowns. We got masks. We did things that nobody thought possible. And people give me credit for rebuilding the military. They give me credit for a lot of things. But not enough credit for the great job we did with the pandemic. But the only jobs they got were bounce-back jobs. These were jobs, bounce-back. And it bounced back and it went to their benefit. But I was the one that created them. They know it and so does everybody else.",True,"[{""start"": 83, ""end"": 121, ""text"": ""I have nothing to do with Project 2025"", ""reason_text"": """", ""reason_choices"": [""stance/support""]}, {""start"": 523, ""end"": 550, ""text"": ""We had the greatest economy"", ""reason_text"": """", ""reason_choices"": [""ranking"", ""economic""]}, {""start"": 723, ""end"": 848, ""text"": ""We handed them over a country where the economy and where the stock market was higher than it was before the pandemic came in"", ""reason_text"": """", ""reason_choices"": [""comparative/temporal"", ""attribution"", ""economic""]}, {""start"": 887, ""end"": 927, ""text"": ""We made ventilators for the entire world"", ""reason_text"": """", ""reason_choices"": [""attribution"", ""medical""]}, {""start"": 1167, ""end"": 1211, ""text"": ""the only jobs they got were bounce-back jobs"", ""reason_text"": """", ""reason_choices"": [""attribution"", ""economic""]}]",
20240910_trump_harris,MUIR,"Vice President Harris, I'll let you respond.",False,[],
20240910_trump_harris,HARRIS,"So, Donald Trump has no plan for you. And when you look at his economic plan, it's all about tax breaks for the richest people. I am offering what I describe as an opportunity economy, and the best economists in our country, if not the world, have reviewed our relative plans for the future of America. What Goldman Sachs has said is that Donald Trump's plan would make the economy worse. Mine would strengthen the economy. What the Wharton School has said is Donald Trump's plan would actually explode the deficit. Sixteen Nobel laureates have described his economic plan as something that would increase inflation and, by the middle of next year, would invite a recession. You just have to look at where we are and where we stand on the issues. And I'd invite you to know that Donald Trump actually has no plan for you, because he is more interested in defending himself than he is in looking out for you.",True,"[{""start"": 303, ""end"": 387, ""text"": ""What Goldman Sachs has said is that Donald Trump's plan would make the economy worse"", ""reason_text"": """", ""reason_choices"": [""vague quantitative"", ""attribution"", ""forecast/projection""]}, {""start"": 424, ""end"": 514, ""text"": ""What the Wharton School has said is Donald Trump's plan would actually explode the deficit"", ""reason_text"": """", ""reason_choices"": [""vague quantitative"", ""attribution"", ""forecast/projection""]}, {""start"": 516, ""end"": 673, ""text"": ""Sixteen Nobel laureates have described his economic plan as something that would increase inflation and, by the middle of next year, would invite a recession"", ""reason_text"": """", ""reason_choices"": [""vague quantitative"", ""attribution"", ""forecast/projection""]}]",
20240910_trump_harris,TRUMP,"That's just a sound bite. They gave her that to say. Look, I went to the Wharton School of Finance and many of those professors, the top professors, think my plan is a brilliant plan, it's a great plan. It's a plan that's gonna bring up our worth, our value as a country. It's going to make people want to be able to go and work and, uh, create jobs and create a lot of good, solid money for our--for our country. And just to finish off, uh, she doesn't have a plan. She copied Biden's plan. And it's like four sentences, like run-Spot-run. Four sentences that are just oh, we'll try and lower taxes. She doesn't have a plan. Take a look at her plan. She doesn't have a plan.",False,[],
20240910_trump_harris,MUIR,"Mr. President, I do want to drill down on something you both brought up. The vice president brought up your tariffs you responded and let's drill down on this because your plan is, what she calls is a essentially a national sales tax. Your proposal calls for tariffs as you pointed out here, on foreign imports across the board. You recently said that you might double your plan, imposing tariffs up to 20% on good coming into this country. As you know many economists say that with tariffs at that level costs are then passed onto the consumer. Vice President Harris has argued it'll mean higher prices on gas, food, clothing medication arguing it costs the typical family nearly four thousand dollars a year. Do you believe Americans can afford higher prices because of tariffs.",True,"[{""start"": 478, ""end"": 544, ""text"": ""with tariffs at that level costs are then passed onto the consumer"", ""reason_text"": """", ""reason_choices"": [""forecast/projection"", ""economic""]}, {""start"": 646, ""end"": 709, ""text"": ""it costs the typical family nearly four thousand dollars a year"", ""reason_text"": """", ""reason_choices"": [""numerical absolute"", ""forecast/projection"", ""economic""]}]",
20240910_trump_harris,TRUMP,"They aren't gonna have higher prices what's gonna have, and who's going to have higher prices is China and all of the countries that have been ripping us off for years. I charge, I was the only president ever--China was paying us hundreds of billions of dollars and so were other countries and you know if she doesn't like 'em they shouldaa gone out and they should have immediately cut the tariffs but those tariffs are there three and a half years now under their administration. We are gonna take in billions of dollars, hundreds of billions of dollars. I had no inflation, virtually no inflation, they had the highest inflation, perhaps in the history of our country because I've never seen a worse period of time. People can't go out and buy cereal or bacon or eggs or anything else. These--the people of our country are absolutely dying with what they've done. They've destroyed the economy and all you have to do is look at a poll. The polls say 80 and 85 and even 90% that the Trump economy was great that their economy was terrible.",True,"[{""start"": 210, ""end"": 289, ""text"": ""China was paying us hundreds of billions of dollars and so were other countries"", ""reason_text"": """", ""reason_choices"": [""economic"", ""geopolitical""]}, {""start"": 557, ""end"": 575, ""text"": ""I had no inflation"", ""reason_text"": """", ""reason_choices"": [""vague quantitative"", ""attribution"", ""economic""]}, {""start"": 601, ""end"": 670, ""text"": ""they had the highest inflation, perhaps in the history of our country"", ""reason_text"": """", ""reason_choices"": [""ranking"", ""attribution"", ""economic""]}, {""start"": 953, ""end"": 1040, ""text"": ""80 and 85 and even 90% that the Trump economy was great that their economy was terrible"", ""reason_text"": """", ""reason_choices"": [""statistical"", ""economic"", ""political""]}]",
20240910_trump_harris,MUIR,Vice President Harris I do want to ask for your response and you heard what the president said there because the Biden administration did keep a number of the Trump tariffs in place so how do you respond?,False,[],
20240910_trump_harris,HARRIS,"Well, let's be clear that the Trump administration resulted in a trade deficit, one of the highest we've ever seen in the history of America. He invited trade wars, you wanna talk about his deal with China--what he ended up doing is under Donald Trump's presidency he ended up selling American chips to China to help them improve and modernize their military. Basically sold us out, when a policy about China should be in making sure the United States of America wins the competition for the 21st century. Which means focusing on the details of what that requires, focusing on relationships with our allies; focusing on investing in American based technology so that we win the race on A.I., on quantum computing; focusing on what we need to do to support America's workforce, so that we don't end up having the--on the short end of the stick in terms of workers' rights. But what Donald Trump did, let's talk about this, with COVID, is he actually thanked President Xi for what he did during COVID. Look at his tweet. ""Thank you, President Xi,"" exclamation point. When we know that Xi was responsible for lacking and not giving us transparency about the origins of COVID.",True,"[{""start"": 26, ""end"": 78, ""text"": ""the Trump administration resulted in a trade deficit"", ""reason_text"": """", ""reason_choices"": [""economic""]}, {""start"": 80, ""end"": 140, ""text"": ""one of the highest we've ever seen in the history of America"", ""reason_text"": """", ""reason_choices"": [""ranking"", ""economic""]}, {""start"": 265, ""end"": 358, ""text"": ""he ended up selling American chips to China to help them improve and modernize their military"", ""reason_text"": """", ""reason_choices"": [""geopolitical""]}, {""start"": 937, ""end"": 998, ""text"": ""he actually thanked President Xi for what he did during COVID"", ""reason_text"": """", ""reason_choices"": [""attribution"", ""stance/support""]}, {""start"": 1083, ""end"": 1171, ""text"": ""Xi was responsible for lacking and not giving us transparency about the origins of COVID"", ""reason_text"": """", ""reason_choices"": [""conspiratorial"", ""geopolitical"", ""medical""]}]",
20240910_trump_harris,MUIR,"President Trump, I'll let you respond.",False,[],
20240910_trump_harris,TRUMP,"First of all, they bought their chips from Taiwan. We hardly make chips anymore because of, uh, philosophies like they have and policies like they have. I don't say her because she has no policy. Everything that she believed three years ago and four years ago is out the window. She's going to my philosophy now. In fact, I was gonna send her a MAGA hat. She's gone to my philosophy. But, if she ever got elected, she'd change it. And it will be the end of our country. She's a Marxist. Everybody knows she's a Marxist. Her father's a Marxist professor in economics. And he taught her well. But when you look at what she's done to our country and when you look at these millions and millions of people that are pouring into our country monthly where it's, I believe 21 million people, not the 15 that people say, and I think it's a lot higher than the 21. That's bigger than New York state. Pouring in. And just look at what they're doing to our country. They're criminals. Many of these people coming in are criminals. And that's bad for our economy too. You know, you mentioned before, we'll talk about immigration later. Well, bad immigration is the worst thing that can happen to our economy. They have, and she has, destroyed our country with policy that's insane. Almost policy that you'd say they have to hate our country.",True,"[{""start"": 14, ""end"": 49, ""text"": ""they bought their chips from Taiwan"", ""reason_text"": """", ""reason_choices"": [""geopolitical""]}, {""start"": 470, ""end"": 485, ""text"": ""She's a Marxist"", ""reason_text"": """", ""reason_choices"": [""stance/support"", ""political""]}, {""start"": 520, ""end"": 565, ""text"": ""Her father's a Marxist professor in economics"", ""reason_text"": """", ""reason_choices"": [""stance/support"", ""political"", ""personal life""]}, {""start"": 670, ""end"": 743, ""text"": ""millions and millions of people that are pouring into our country monthly"", ""reason_text"": """", ""reason_choices"": [""numerical absolute"", ""immigration""]}, {""start"": 785, ""end"": 795, ""text"": ""not the 15"", ""reason_text"": """", ""reason_choices"": [""numerical absolute""]}, {""start"": 974, ""end"": 1018, ""text"": ""Many of these people coming in are criminals"", ""reason_text"": """", ""reason_choices"": [""vague quantitative"", ""immigration"", ""crime/law""]}]",
20240910_trump_harris,MUIR,"President Trump, thank you. Linsey?",False,[],
20240910_trump_harris,DAVIS,"I want to turn to the issue of abortion. President Trump, you've often touted that you were able to kill Roe v. Wade. Last year, you said that you were proud to be the most pro-life president in American history. Then last month you said that your administration would be great for women and their reproductive rights. In your home state of Florida, you surprised many, uh, with regard to your six-week abortion ban because you initially had said that it was too short and you said, ""I'm going to be voting that we need more than six weeks."" But then the very next day, you reversed course and said you would vote to support the six-week ban. Vice President Harris says that women shouldn't trust you on the issue of abortion because you've changed your position so many times. Therefore, why should they trust you?",True,"[{""start"": 551, ""end"": 641, ""text"": ""the very next day, you reversed course and said you would vote to support the six-week ban"", ""reason_text"": """", ""reason_choices"": [""stance/support""]}]",
20240910_trump_harris,TRUMP,"Well, the reason I'm doing that vote is because the plan is, as you know, the vote is, they have abortion in the ninth month. They even have, and you can look at the governor of West Virginia, the previous governor of West Virginia, not the current governor, who's doing an excellent job, but the governor before. He said the baby will be born and we will decide what to do with the baby. In other words, we'll execute the baby. And that's why I did that, because that predominates. Because they're radical. The Democrats are radical in that. And her vice presidential pick, which I think was a horrible pick, by the way for our country, because he is really out of it. But her vice presidential pick says abortion in the ninth month is absolutely fine. He also says execution after birth, it's execution, no longer abortion, because the baby is born, is okay. And that's not okay with me. Hence the vote. But what I did is something, for 52 years they've been trying to get Roe v. Wade into the states. And through the uh genius and, and heart and strength of six Supreme Court justices we were able to do that. Now, I believe in the exceptions for rape, incest, and life of the mother. I believe strongly in it. Ronald Reagan did also. Eighty-five percent of Republicans do--exceptions. It's very important. But we were able to get it. And now states are voting on it. And for the first time you're gonna see--look, this is an issue that's torn our country apart for 52 years. Every legal scholar, every Democrat, every Republican, liberal, conservative, they all wanted this issue to be brought back to the states where the people could vote. And that's what happened, happened. Now, Ohio, the vote was somewhat liberal. Kansas the vote was somewhat liberal. Much more liberal than people would have thought. But each individual state is voting. It's the vote of the people now. It's not tied up in the federal government. I did a great service in doing it. It took courage to do it. And the Supreme Court had great courage in doing it. And I give tremendous credit to those six justices.",True,"[{""start"": 74, ""end"": 124, ""text"": ""the vote is, they have abortion in the ninth month"", ""reason_text"": """", ""reason_choices"": [""stance/support"", ""political"", ""abortion""]}, {""start"": 674, ""end"": 752, ""text"": ""her vice presidential pick says abortion in the ninth month is absolutely fine"", ""reason_text"": ""support relation\nstill unsure about attribution inclusion"", ""reason_choices"": [""attribution"", ""abortion""]}, {""start"": 1238, ""end"": 1275, ""text"": ""Eighty-five percent of Republicans do"", ""reason_text"": """", ""reason_choices"": [""statistical""]}]",
20240910_trump_harris,DAVIS,"There is no state in this country where it is legal to kill a baby after it's born. Madam Vice-President, I want to get your response to President Trump.",True,"[{""start"": 0, ""end"": 82, ""text"": ""There is no state in this country where it is legal to kill a baby after it's born"", ""reason_text"": """", ""reason_choices"": [""crime/law"", ""abortion""]}]",
20240910_trump_harris,HARRIS,"Well, as I said, you're going to hear a bunch of lies. And that's not actually a surprising fact. Let's understand how we got here. Donald Trump hand-selected three members of the United States Supreme Court with the intention that they would undo the protections of Roe v. Wade. And they did exactly as he intended. And now in over 20 states there are Trump abortion bans which make it criminal for a doctor or nurse to provide health care. In one state it provides prison for life. Trump abortion bans that make no exception even for rape and incest. Which, understand what that means: A survivor of a crime of violation to their body, does not have the right to make a decision about what happens to their body next. That is immoral. And one does not have to abandon their faith or deeply held beliefs to agree the government, and Donald Trump certainly, should not be telling a woman what to do with her body. I have talked with women around our country. You wanna talk about this is what people wanted? Pregnant women who want to carry a pregnancy to term suffering from a miscarriage, being denied care in an emergency room because the health care providers are afraid they might go to jail and she's bleeding out in a car in the parking lot? She didn't want that. Her husband didn't want that. A 12 or 13-year-old survivor of incest being forced to carry a pregnancy to term? They don't want that. And I pledge to you when Congress passes a bill to put back in place the protections of Roe v. Wade as President of the United States, I will proudly sign it into law. But understand, if Donald Trump were to be re-elected, he will sign a national abortion ban. Understand, in his Project 2025 there would be a national abortion--a monitor that would be monitoring your pregnancies, your miscarriages. I think the American people believe that certain freedoms, in particular the freedom to make decisions about one's own body, should not be made by the government.",True,"[{""start"": 132, ""end"": 278, ""text"": ""Donald Trump hand-selected three members of the United States Supreme Court with the intention that they would undo the protections of Roe v. Wade"", ""reason_text"": """", ""reason_choices"": [""attribution"", ""political"", ""abortion""]}, {""start"": 325, ""end"": 440, ""text"": ""in over 20 states there are Trump abortion bans which make it criminal for a doctor or nurse to provide health care"", ""reason_text"": """", ""reason_choices"": [""numerical absolute"", ""abortion"", ""medical""]}, {""start"": 442, ""end"": 482, ""text"": ""In one state it provides prison for life"", ""reason_text"": """", ""reason_choices"": [""numerical absolute"", ""crime/law""]}, {""start"": 484, ""end"": 551, ""text"": ""Trump abortion bans that make no exception even for rape and incest"", ""reason_text"": """", ""reason_choices"": [""abortion""]}, {""start"": 1678, ""end"": 1804, ""text"": ""in his Project 2025 there would be a national abortion--a monitor that would be monitoring your pregnancies, your miscarriages"", ""reason_text"": """", ""reason_choices"": [""conspiratorial"", ""abortion""]}]",
20240910_trump_harris,DAVIS,"Thank you, Vice President Harris.",False,[],
20240910_trump_harris,TRUMP,"Well, there she goes again. It's a lie. I'm not signing a ban. And there's no reason to sign a ban. Because we've gotten what everybody wanted. Democrats, Republicans and everybody else and every legal scholar wanted it to be brought back into the states. And the states are voting. And it may take a little time, but for 52 years this issue has torn our country apart. And they've wanted it back in the states. And I did something that nobody thought was possible. The states are now voting. What she says is an absolute lie. And as far as the abortion ban, no, I'm not in favor of abortion ban. But it doesn't matter, because this issue has now been taken over by the states.",True,"[{""start"": 563, ""end"": 595, ""text"": ""I'm not in favor of abortion ban"", ""reason_text"": """", ""reason_choices"": [""stance/support"", ""abortion""]}]",
20240910_trump_harris,DAVIS,Would you veto a national abortion ban if it came to your desk--,False,[],
20240910_trump_harris,TRUMP,"--Well, I won't have to because again--two things. Number one, she said she'll go back to Congress. She'll never get the vote. It's impossible for her to get the vote. Especially now with a 50-50 in--essentially 50-50 in both Senate and the House. She's not gonna get the vote. She can't get the vote. She won't even come close to it. So it's just talk. You know what it reminds me of? When they said they're gonna get student loans terminated and it ended up being a total catastrophe. The student loans--and then her--I think probably her boss, if you call 'em a boss, he spends all his time on the beach--but look, her boss went out and said we'll do it again, we'll do it a different way. He went out, got rejected again by the Supreme Court. So all these students got uh, taunted with this whole thing about--this whole idea. And how unfair that would have been-- part of the reason they lost--to the millions and millions of people that hadda pay off their student loans. They didn't get it for free. But they were saying--it's the same way that they talked about that, that they talk about abortion.",False,[],
20240910_trump_harris,DAVIS,But if I could just get a Yes or No. Because your running mate jen--J.D. Vance has said that you would veto if it did come to your desk.,True,"[{""start"": 68, ""end"": 107, ""text"": ""J.D. Vance has said that you would veto"", ""reason_text"": """", ""reason_choices"": [""attribution"", ""stance/support""]}]",
20240910_trump_harris,TRUMP,"Well, I didn't discuss it with J.D., in all fairness. J.D.--and I don't mind if he has a certain view but I think he was speaking for me, but I really didn't. Look, we don't have to discuss it because she'd never be able to get it just like she couldn't get student loans. They couldn't get--they didn't even come close to getting student loans. They didn't even come close to getting student loans. They taunted young people--and a lot of other people that had loans. They can never get this approved. So it doesn't matter what she says about going to Congress. Wonderful. Let's go to Congress. Do it. But the fact is that for years they wanted to get it out of Congress and out of the federal government and we did something that everybody said couldn't be done. And now you have a vote of the people on abortion.",False,[],
20240910_trump_harris,DAVIS,"Vice President Harris, I want to give you your time to respond. But I do want to ask, would you support any restrictions on a woman's right to an abortion?",False,[],
20240910_trump_harris,HARRIS,"I absolutely support reinstating the protections of Roe v. Wade. And as you rightly mentioned, nowhere in America is a woman carrying a pregnancy to term and, and, and asking for an abortion. That is not happening. It's insulting to the women of America. And understand what has been happening under Donald Trump's abortion bans. Couples who pray and, and, and dream of having a family are being denied IVF treatments. What is happening in our country, working people, working women who are working one or two jobs, who can barely afford childcare as it is, have to travel to another state--to get on a plane sitting next to strangers--to go and get the health care she needs. Barely can afford to do it, and what you are putting her through is unconscionable. And the people of America have not--the, the majority of Americans believe in a woman's right to make decisions about her own body. And that is why in every state where this issue has been on the ballot, in red and blue states both, the people of America have voted for freedom.",True,"[{""start"": 95, ""end"": 190, ""text"": ""nowhere in America is a woman carrying a pregnancy to term and, and, and asking for an abortion"", ""reason_text"": """", ""reason_choices"": [""abortion""]}, {""start"": 390, ""end"": 417, ""text"": ""being denied IVF treatments"", ""reason_text"": """", ""reason_choices"": [""medical""]}, {""start"": 802, ""end"": 891, ""text"": ""the majority of Americans believe in a woman's right to make decisions about her own body"", ""reason_text"": """", ""reason_choices"": [""statistical"", ""abortion""]}, {""start"": 909, ""end"": 1038, ""text"": ""in every state where this issue has been on the ballot, in red and blue states both, the people of America have voted for freedom"", ""reason_text"": """", ""reason_choices"": [""political""]}]",
20240910_trump_harris,DAVIS,Vice President Harris--,False,[],
20240910_trump_harris,TRUMP,"Excuse me, I have to respond. Another lie. It's another lie. I have been a leader on IVF which is fertilization. The IVF--I have been a leader. In fact, when they got a very negative decision on IVF from the Alabama courts, I saw the people of Alabama and the legislature two days later voted it in. I've been a leader on it. They know that and everybody else knows it. I have been a leader on fertilization, IVF. And the other thing, they--you should ask, will she allow abortion in the eighth month, ninth month, seventh month?",True,"[{""start"": 61, ""end"": 88, ""text"": ""I have been a leader on IVF"", ""reason_text"": """", ""reason_choices"": [""stance/support"", ""medical""]}, {""start"": 370, ""end"": 412, ""text"": ""I have been a leader on fertilization, IVF"", ""reason_text"": """", ""reason_choices"": [""stance/support"", ""medical""]}]",
20240910_trump_harris,HARRIS,Come on.,False,[],
20240910_trump_harris,TRUMP,Would you do that? Why don't you ask her that question--,False,[],
20240910_trump_harris,HARRIS,"Why, why don't you answer the question would you veto-– [crosstalk]",False,[],
20240910_trump_harris,TRUMP,That's the problem. Because under Roe v. Wade.,False,[],
20240910_trump_harris,HARRIS,"Answer the question, would you veto--",False,[],
20240910_trump_harris,TRUMP,"You could do abortions in the seventh month, the eighth month, the ninth month--",True,"[{""start"": 0, ""end"": 78, ""text"": ""You could do abortions in the seventh month, the eighth month, the ninth month"", ""reason_text"": """", ""reason_choices"": [""abortion""]}]",
20240910_trump_harris,HARRIS,--That's not true.,False,[],
20240910_trump_harris,TRUMP,"And probably after birth. Just look at the governor, former governor of Virginia. The governor of Virginia said we put the baby aside and then we determine what we want to do with the baby.",True,"[{""start"": 82, ""end"": 188, ""text"": ""The governor of Virginia said we put the baby aside and then we determine what we want to do with the baby"", ""reason_text"": """", ""reason_choices"": [""attribution"", ""abortion""]}]",
20240910_trump_harris,DAVIS,"President Trump, thank you.",False,[],
20240910_trump_harris,MUIR,"We're going to turn now to immigration and border security. We know it's an issue that's important to Republicans, Democrats, voters across the board, uh, in this country. Vice President Harris, you were tasked by President Biden with getting to the root causes of migration from Central America. We know that illegal border crossings reached a record high in the Biden Administration. This past June, President Biden imposed tough new asylum restrictions. We know the numbers since then have dropped significantly. But my question to you tonight is why did the administration wait until six months before the election to act and would you have done anything differently from President Biden on this?",True,"[{""start"": 310, ""end"": 384, ""text"": ""illegal border crossings reached a record high in the Biden Administration"", ""reason_text"": """", ""reason_choices"": [""ranking"", ""immigration""]}, {""start"": 465, ""end"": 514, ""text"": ""the numbers since then have dropped significantly"", ""reason_text"": """", ""reason_choices"": [""vague quantitative"", ""comparative/temporal""]}]",
20240910_trump_harris,HARRIS,"So I'm the only person on this stage who has prosecuted transnational criminal organizations for the trafficking of guns, drugs, and human beings. And let me say that the United States Congress, including some of the most conservative members of the United States Senate, came up with a border security bill which I supported. And that bill would have put fifteen hundred more border agents on the border to help those folks who are workin' there right now overtime trying to do their job. It would have allowed us to stem the flow of fentanyl coming into the United States. I know there are so many families watching tonight who have been personally affected by the surge of fentanyl in our country. That bill would have put more resources to allow us to prosecute transnational criminal organizations for trafficking in guns, drugs and human beings. But you know what happened to that bill? Donald Trump got on the phone, called up some folks in Congress, and said kill the bill. And you know why? Because he'd prefer to run on a problem instead of fixing a problem. And understand, this comes at a time where the people of our country actually need a leader who engages in solutions, who actually addresses the problems at hand. But what we have in the former president is someone who would prefer to run on a problem instead of fixing a problem. And I'll tell you something, he's going to talk about immigration a lot tonight even when it's not the subject that is being raised. And I'm going to actually do something really unusual and I'm going to invite you to attend one of Donald Trump's rallies because it's a really interesting thing to watch. You will see, during the course of his rallies he talks about fictional characters like Hannibal Lecter. He will talk about windmills cause cancer. And what you will also notice is that people start leaving his rallies early out of exhaustion and boredom. And I will tell you, the one thing you will not hear him talk about, is you. You will not hear him talk about your needs, your dreams, and your ne--your desires. And I'll tell ya, I believe you ne--deserve a president who actually puts you first. And I pledge to you that I will.",True,"[{""start"": 3, ""end"": 145, ""text"": ""I'm the only person on this stage who has prosecuted transnational criminal organizations for the trafficking of guns, drugs, and human beings"", ""reason_text"": """", ""reason_choices"": [""attribution"", ""crime/law""]}]",
20240910_trump_harris,MUIR,"Vice President Harris, thank you. President Trump, on that point I want to get your response.",False,[],
20240910_trump_harris,TRUMP,"Well, I would like to respond.",False,[],
20240910_trump_harris,MUIR,"Let me just ask, though, why did you try to kill that bill and successfully so? That would have put thousands of additional agents and officers on the border.",False,[],
20240910_trump_harris,TRUMP,"First let me respond as to the rallies. She said people start leaving. People don't go to her rallies. There's no reason to go. And the people that do go, she's busing 'em in and paying them to be there. And then showing them in a different light. So, she can't talk about that. People don't leave my rallies. We have the biggest rallies, the most incredible rallies in the history of politics. That's because people want to take their country back. Our country is being lost. We're a failing nation. And it happened three and a half years ago. And what, what's going on here, you're gonna end up in World War 3, just to go on to another subject. What they have done to our country by allowing these millions and millions of people to come into our country. And look at what's happening to the towns all over the United States. And a lotta towns don't want to talk--not gonna be Aurora or Springfield. A lotta towns don't want to talk about it because they're so embarrassed by it. In Springfield, they're eating the dogs. The people that came in. They're eating the cats. They're eating--they're eating the pets of the people that live there. And this is what's happening in our country. And it's a shame. As far as rallies are concerned, as far as--the reason they go is they like what I say. They wanna bring our country back. They wanna make America great again. It's a very simple phrase. Make America great again. She's destroying this country. And if she becomes President, this country doesn't have a chance of success. Not only success. We'll end up being Venezuela on steroids.",True,"[{""start"": 982, ""end"": 1142, ""text"": ""In Springfield, they're eating the dogs. The people that came in. They're eating the cats. They're eating--they're eating the pets of the people that live there"", ""reason_text"": """", ""reason_choices"": [""conspiratorial"", ""immigration""]}]",
20240910_trump_harris,MUIR,"I just want to clarify here, you bring up Springfield, Ohio. And ABC News did reach out to the city manager there. He told us there have been no credible reports of specific claims of pets being harmed, injured or abused by individuals within the immigrant community--",True,"[{""start"": 115, ""end"": 266, ""text"": ""He told us there have been no credible reports of specific claims of pets being harmed, injured or abused by individuals within the immigrant community"", ""reason_text"": """", ""reason_choices"": [""epistemic"", ""conspiratorial"", ""immigration""]}]",
20240910_trump_harris,TRUMP,"Well, I've seen people on television--[crosstalk]",False,[],
20240910_trump_harris,MUIR,Let me just say here this--,False,[],
20240910_trump_harris,TRUMP,--the people on television say my dog was taken and used for food. So maybe he said that and maybe that's a good thing to say for a city manager.,True,"[{""start"": 31, ""end"": 65, ""text"": ""my dog was taken and used for food"", ""reason_text"": """", ""reason_choices"": [""conspiratorial""]}]",
20240910_trump_harris,MUIR,[crosstalk] I'm not taking this from television. I'm taking it from the city manager--,False,[],
20240910_trump_harris,TRUMP,--but the people on television say their dog was eaten by the people that went there.,True,"[{""start"": 35, ""end"": 84, ""text"": ""their dog was eaten by the people that went there"", ""reason_text"": """", ""reason_choices"": [""conspiratorial"", ""immigration""]}]",
20240910_trump_harris,MUIR,"Again, the Springfield city manager says there's no evidence of that.",False,[],
20240910_trump_harris,TRUMP,--We'll find out--,False,[],
20240910_trump_harris,MUIR,"--Vice President Harris, I'll let you respond to the rest of what you heard.",False,[],
20240910_trump_harris,HARRIS,"[laughing] Talk about extreme. [laughs] Um, you know, I uh, this is I think, one of the reasons why in this election I actually have the endorsement of 200 Republicans who have formally worked with President Bush, Mitt Romney, and John McCain including the endorsement of former Vice President Dick Cheney and Congressmember Liz Cheney. And if you wanna really know the inside track on who the former President is, if he didn't make it clear already, just ask people who have worked with him. His former Chief of Staff, a four-star general, has said he has contempt for the Constitution of the United States. His former National Security Adviser has said he is dangerous and unfit. His former Secretary of Defense has said the nation, the republic would never survive another Trump term. And when we listen to this kind of rhetoric, when the issues that affect the American people are not being addressed, I think the choice is clear in this election.",True,"[{""start"": 100, ""end"": 335, ""text"": ""in this election I actually have the endorsement of 200 Republicans who have formally worked with President Bush, Mitt Romney, and John McCain including the endorsement of former Vice President Dick Cheney and Congressmember Liz Cheney"", ""reason_text"": """", ""reason_choices"": [""numerical absolute"", ""attribution"", ""stance/support"", ""political""]}, {""start"": 493, ""end"": 607, ""text"": ""His former Chief of Staff, a four-star general, has said he has contempt for the Constitution of the United States"", ""reason_text"": """", ""reason_choices"": [""attribution"", ""stance/support""]}, {""start"": 609, ""end"": 680, ""text"": ""His former National Security Adviser has said he is dangerous and unfit"", ""reason_text"": """", ""reason_choices"": [""attribution""]}, {""start"": 682, ""end"": 786, ""text"": ""His former Secretary of Defense has said the nation, the republic would never survive another Trump term"", ""reason_text"": """", ""reason_choices"": [""attribution"", ""political""]}]",
20240910_trump_harris,MUIR,"President Trump, I'll give you a quick minute to respond.",False,[],
20240910_trump_harris,TRUMP,"Yeah. Uh, thank you. Because when I hear that--see, I'm a different kind of a person. I fired most of those people. Not so graciously. They did bad things or a bad job. I fired 'em. They never fired one person. They didn't fire anybody having to do with Afghanistan and the Taliban and the 13 people who's, who's--were just killed, viciously and violently killed, and I got to know the parents and the family. They should have fired all those Generals, all those top people because that was one of the most incompetently handled situations anybody has ever seen. So when somebody does a bad job, I fire 'em. And you take a guy like Esper. He was no good, I fired him. So he writes a book. Another one writes a book. Because with me they can write books. With nobody else can they. But they have done such a poor job. And they never fire anybody. Look at the economy. Look how--look at the inflation. They didn't fire any of their economists. They have the same people. That's a good way not to have books written about you. But, just to finish, I got more votes than any Republican in history by far. In fact, I got more votes than any President, sitting President in history by far.",True,"[{""start"": 182, ""end"": 209, ""text"": ""They never fired one person"", ""reason_text"": """", ""reason_choices"": [""numerical absolute"", ""political""]}, {""start"": 211, ""end"": 281, ""text"": ""They didn't fire anybody having to do with Afghanistan and the Taliban"", ""reason_text"": """", ""reason_choices"": [""political""]}, {""start"": 900, ""end"": 940, ""text"": ""They didn't fire any of their economists"", ""reason_text"": """", ""reason_choices"": [""economic"", ""political""]}, {""start"": 1045, ""end"": 1099, ""text"": ""I got more votes than any Republican in history by far"", ""reason_text"": """", ""reason_choices"": [""vague quantitative"", ""comparative/temporal"", ""ranking""]}, {""start"": 1110, ""end"": 1182, ""text"": ""I got more votes than any President, sitting President in history by far"", ""reason_text"": """", ""reason_choices"": [""vague quantitative"", ""comparative/temporal"", ""ranking""]}]",
20240910_trump_harris,MUIR,"Let me continue on immigration. It was what you wanted to talk about earlier. So let's get back to your deportation proposal that the Vice President has reacted to as well. President Trump, you called this the largest domestic deportation operation in the history of our country. You say you would use the National Guard. You say if things get out of control you'd have uh, no problem using the U.S. military.",False,[],
20240910_trump_harris,TRUMP,With local police.,False,[],
20240910_trump_harris,MUIR,"You also said you would use local police. How would you deport 11 million undocumented immigrants? I know you believe that number is much higher. Uh, take us through this. What does this look like? Will authorities be going door to door in this country?",False,[],
20240910_trump_harris,TRUMP,"Yeah. It is much higher, because of them. They allowed criminals. Many, many, millions of criminals. They allowed terrorists. They allowed common street criminals. They allowed people to come in, drug dealers, to come into our country, and they're now in the United States. And told by their countries like Venezuela don't ever come back or we're going to kill you. Do you know that crime in Venezuela and crime in countries all over the world is way down? You know why? Because they've taken their criminals off the street and they've given them to her to put into our country. And, this will be one of the greatest mistakes in history for them to allow--and I think they probably did it because they think they're going to get votes. But it's not worth it. Because they're--they're destroying the fabric of our country by what they've done. There's never been anything done like this at all. They've destroyed the fabric of our country. Millions of people let in. And all over the world crime is down. All over the world except here. Crime here is up and through the roof. Despite their fraudulent statements that they made. Crime in this country is through the roof. And we have a new form of crime. It's called migrant crime. And it's happening at levels that nobody thought possible.",True,"[{""start"": 6, ""end"": 23, ""text"": ""It is much higher"", ""reason_text"": """", ""reason_choices"": [""vague quantitative"", ""comparative/temporal""]}, {""start"": 42, ""end"": 234, ""text"": ""They allowed criminals. Many, many, millions of criminals. They allowed terrorists. They allowed common street criminals. They allowed people to come in, drug dealers, to come into our country"", ""reason_text"": """", ""reason_choices"": [""immigration"", ""crime/law""]}, {""start"": 383, ""end"": 455, ""text"": ""crime in Venezuela and crime in countries all over the world is way down"", ""reason_text"": """", ""reason_choices"": [""crime/law""]}, {""start"": 970, ""end"": 1002, ""text"": ""all over the world crime is down"", ""reason_text"": """", ""reason_choices"": [""crime/law""]}, {""start"": 1127, ""end"": 1168, ""text"": ""Crime in this country is through the roof"", ""reason_text"": """", ""reason_choices"": [""vague quantitative"", ""crime/law""]}, {""start"": 1174, ""end"": 1228, ""text"": ""we have a new form of crime. It's called migrant crime"", ""reason_text"": """", ""reason_choices"": [""immigration"", ""crime/law""]}]",
20240910_trump_harris,MUIR,"President Trump, as you know, the FBI says overall violent crime is actually coming down in this country, but Vice President Harris I'll give you--",True,"[{""start"": 43, ""end"": 104, ""text"": ""overall violent crime is actually coming down in this country"", ""reason_text"": """", ""reason_choices"": [""crime/law""]}]",
20240910_trump_harris,TRUMP,"--excuse me, the FBI defraud--they were defrauding statements. They, they didn't include the worst cities. They didn't include the cities with the worst crime. It was a, a fraud. Just like their number of 818,000 jobs that they said they created turned out to be a fraud.",True,"[{""start"": 13, ""end"": 158, ""text"": ""the FBI defraud--they were defrauding statements. They, they didn't include the worst cities. They didn't include the cities with the worst crime"", ""reason_text"": """", ""reason_choices"": [""conspiratorial"", ""crime/law""]}, {""start"": 189, ""end"": 270, ""text"": ""their number of 818,000 jobs that they said they created turned out to be a fraud"", ""reason_text"": """", ""reason_choices"": [""numerical absolute"", ""conspiratorial"", ""economic""]}]",
20240910_trump_harris,MUIR,"President Trump, thank you. I'll let you respond, Vice President Harris.",False,[],
20240910_trump_harris,HARRIS,"Well, I think this is so rich. Coming from someone who has been prosecuted for national security crimes, economic crimes, election interference, has been found liable for sexual assault, and his next big court appearance is in November at his own criminal sentencing. And let's be clear where each person stands on the issue of what is important about respect for the rule of law and respect for law enforcement. The former Vice President [sic] called for defunding, federal law enforcement, 45,000 agents, get this, on the day after he was arraigned on 34 felony counts. So let's talk about what is important in this race. It is important that we move forward, that we turn the page on this same old tired rhetoric. And address the needs of the American people, address what we need to do about the housing shortage, which I have a plan for. Address what we must do to support our small businesses. Address bringing down the price of groceries. But frankly, the American people are exhausted with the same old tired playbook.",True,"[{""start"": 43, ""end"": 266, ""text"": ""someone who has been prosecuted for national security crimes, economic crimes, election interference, has been found liable for sexual assault, and his next big court appearance is in November at his own criminal sentencing"", ""reason_text"": """", ""reason_choices"": [""crime/law"", ""personal life""]}, {""start"": 413, ""end"": 570, ""text"": ""The former Vice President [sic] called for defunding, federal law enforcement, 45,000 agents, get this, on the day after he was arraigned on 34 felony counts"", ""reason_text"": """", ""reason_choices"": [""attribution"", ""crime/law"", ""personal life""]}]",
20240910_trump_harris,MUIR,"Vice President Harris, thank you.",False,[],
20240910_trump_harris,TRUMP,"Excuse me. Every one of those cases was started by them against their political opponent. And I'm winning most of them and I will win the rest on appeal. And you saw that with the decision that came down just recently from the Supreme Court. I'm winning most of 'em. But those are cases, it's called weaponization. Never happened in this country. They weaponized the Justice Department. Every one of those cases was involved with the DOJ, from Atlanta and Fani Willis--to, to the uh Attorney General of New York and the D.A. In New York. Every one of those cases. And then they say, ""Oh, he was--he's a criminal."" They're the ones that made them go after me. By the way, Joe Biden was found essentially guilty on the documents case. And what happened in my documents case? They said ""Oh, that's the toughest of them all."" A complete and total victory. Two months ago it was thrown out. It's weaponization. And they used it. And it's never happened in this country. They used it to try and win an election. They're fake cases.",True,"[{""start"": 11, ""end"": 88, ""text"": ""Every one of those cases was started by them against their political opponent"", ""reason_text"": """", ""reason_choices"": [""political"", ""crime/law""]}, {""start"": 387, ""end"": 536, ""text"": ""Every one of those cases was involved with the DOJ, from Atlanta and Fani Willis--to, to the uh Attorney General of New York and the D.A. In New York"", ""reason_text"": """", ""reason_choices"": [""political"", ""crime/law""]}, {""start"": 671, ""end"": 731, ""text"": ""Joe Biden was found essentially guilty on the documents case"", ""reason_text"": """", ""reason_choices"": [""political"", ""crime/law""]}, {""start"": 1006, ""end"": 1024, ""text"": ""They're fake cases"", ""reason_text"": """", ""reason_choices"": [""conspiratorial"", ""political"", ""crime/law""]}]",
20240910_trump_harris,MUIR,"President Trump, thank you. A really quick response here, Vice President Harris, on this notion of weaponization of the Justice Department.",False,[],
20240910_trump_harris,HARRIS,"Well let's talk about extreme. And understand the context in which this election in 2024 is taking place. The United States Supreme Court recently ruled that the former President would essentially be immune from any misconduct if he were to enter the White House again. Understand, this is someone who has openly said he would terminate, I'm quoting, terminate the Constitution of the United States. That he would weaponize the Department of Justice against his political enemies. Someone who has openly expressed disdain for members of our military. Understand what it would mean if Donald Trump were back in the White House with no guardrails. Because certainly, we know now the Court won't stop him. We know J.D. Vance is not gonna stop him. It's up to the American people to stop him.",True,"[{""start"": 106, ""end"": 268, ""text"": ""The United States Supreme Court recently ruled that the former President would essentially be immune from any misconduct if he were to enter the White House again"", ""reason_text"": """", ""reason_choices"": [""attribution"", ""political""]}, {""start"": 302, ""end"": 398, ""text"": ""has openly said he would terminate, I'm quoting, terminate the Constitution of the United States"", ""reason_text"": """", ""reason_choices"": [""attribution"", ""political""]}, {""start"": 400, ""end"": 479, ""text"": ""That he would weaponize the Department of Justice against his political enemies"", ""reason_text"": """", ""reason_choices"": [""attribution"", ""political""]}, {""start"": 493, ""end"": 549, ""text"": ""has openly expressed disdain for members of our military"", ""reason_text"": """", ""reason_choices"": [""attribution""]}]",
20240910_trump_harris,MUIR,"Vice President Harris, thank you. Linsey?",False,[],
20240910_trump_harris,DAVIS,"Vice President Harris, in your last run for president [crosstalk]",False,[],
20240910_trump_harris,TRUMP,This is the one that weaponized. Not me. She weaponized. I probably took a bullet to the head because of the things that they say about me. They talk about democracy. I'm a threat to democracy. They're the threat to democracy-–,False,[],
20240910_trump_harris,MUIR,President Trump--,False,[],
20240910_trump_harris,TRUMP,--with the fake Russia Russia Russia investigation that went nowhere.,True,"[{""start"": 7, ""end"": 68, ""text"": ""the fake Russia Russia Russia investigation that went nowhere"", ""reason_text"": """", ""reason_choices"": [""conspiratorial"", ""political"", ""geopolitical"", ""crime/law""]}]",
20240910_trump_harris,MUIR,We have a lot to get to. Linsey?,False,[],
20240910_trump_harris,DAVIS,"Vice President Harris, in your last run for president you said you wanted to ban fracking. Now you don't. You wanted mandatory government buyback programs for assault weapons. Now your campaign says you don't. You supported decriminalizing border crossings. Now you're taking a harder line. I know you say that your values have not changed. So then why have so many of your policy positions changed?",True,"[{""start"": 23, ""end"": 104, ""text"": ""in your last run for president you said you wanted to ban fracking. Now you don't"", ""reason_text"": """", ""reason_choices"": [""stance/support""]}, {""start"": 106, ""end"": 208, ""text"": ""You wanted mandatory government buyback programs for assault weapons. Now your campaign says you don't"", ""reason_text"": """", ""reason_choices"": [""stance/support""]}, {""start"": 210, ""end"": 289, ""text"": ""You supported decriminalizing border crossings. Now you're taking a harder line"", ""reason_text"": """", ""reason_choices"": [""stance/support"", ""immigration""]}]",
20240910_trump_harris,HARRIS,"So, my values have not changed. And I'm going to discuss every one--at least every point that you've made. But in particular, let's talk about fracking because we're here in Pennsylvania. I made that very clear in 2020. I will not ban fracking. I have not banned fracking as Vice President of the United States. And, in fact, I was the tie-breaking vote on the Inflation Reduction Act, which opened new leases for fracking. My position is that we have got to invest in diverse sources of energy so we reduce our reliance on foreign oil. We have had the largest increase in domestic oil production in history because of an approach that recognizes that we cannot over-rely on foreign oil. As it relates to my values, let me tell you, I grew up a middle-class kid raised by a hard-working mother who worked and saved and was able to buy our first home when I was a teenager. The values I bring to the importance of home ownership, knowing not everybody got handed $400 million on a silver platter and then filed bankruptcy six times, is a value that I bring to my work, to say we are going to work with the private sector and home builders to increase 3 million homes, increase by 3 million homes by the end of my first term. My work that is related to having a friend when I was in high school who was sexually assaulted by her stepfather. And my focus then, on protecting women and children from violent crime, is based on a value that is deeply grounded in the importance of standing up for those who are most vulnerable. My work that is about protecting social security and Medicare is based on long-standing work that I have done--protecting seniors from scams. My values have not changed. And what is important is that there is a president who actually brings values and a perspective that is about lifting people up and not beating people down and name-calling. The true measure of the leader is the leader who actually understands that strength is not in beating people down, it's in lifting people up. I intend to be that president.",True,"[{""start"": 245, ""end"": 310, ""text"": ""I have not banned fracking as Vice President of the United States"", ""reason_text"": """", ""reason_choices"": [""stance/support"", ""other""]}, {""start"": 326, ""end"": 422, ""text"": ""I was the tie-breaking vote on the Inflation Reduction Act, which opened new leases for fracking"", ""reason_text"": """", ""reason_choices"": [""stance/support"", ""other""]}, {""start"": 537, ""end"": 686, ""text"": ""We have had the largest increase in domestic oil production in history because of an approach that recognizes that we cannot over-rely on foreign oil"", ""reason_text"": """", ""reason_choices"": [""ranking"", ""other""]}, {""start"": 951, ""end"": 1030, ""text"": ""got handed $400 million on a silver platter and then filed bankruptcy six times"", ""reason_text"": """", ""reason_choices"": [""personal life""]}]",
20240910_trump_harris,DAVIS,"President Trump, your response.",False,[],
20240910_trump_harris,TRUMP,"Well, first of all, I wasn't given $400 million. I wish I was. My father was a Brooklyn builder. Brooklyn, Queens. And a great father and I learned a lot from 'im. But I was given a fraction of that, a tiny fraction, and I built it into many, many billions of dollars. Many, many billions. And when people see it, they are even surprised. So, we don't have to talk about that. Fracking? She's been against it for 12 years. Uh, defund the police. She's been against [sic] that forever. She gave all that stuff up, very wrongly, very horribly. And everybody's laughing at it, okay? They're all laughing at it. She gave up at least 12 and probably 14 or 15 different policies. Like, she was big on defund the police.",True,"[{""start"": 20, ""end"": 47, ""text"": ""I wasn't given $400 million"", ""reason_text"": """", ""reason_choices"": [""numerical absolute"", ""personal life""]}, {""start"": 168, ""end"": 198, ""text"": ""I was given a fraction of that"", ""reason_text"": """", ""reason_choices"": [""vague quantitative"", ""personal life""]}, {""start"": 387, ""end"": 421, ""text"": ""She's been against it for 12 years"", ""reason_text"": """", ""reason_choices"": [""stance/support""]}, {""start"": 427, ""end"": 483, ""text"": ""defund the police. She's been against [sic] that forever"", ""reason_text"": """", ""reason_choices"": [""stance/support"", ""crime/law""]}, {""start"": 680, ""end"": 712, ""text"": ""she was big on defund the police"", ""reason_text"": """", ""reason_choices"": [""stance/support"", ""crime/law""]}]",
20240910_trump_harris,HARRIS,That's not true. [crosstalk],False,[],
20240910_trump_harris,TRUMP,"In Minnesota, she went out--wait a minute. I'm talking now. If you don't mind. Please. Does that sound familiar?",False,[],
20240910_trump_harris,HARRIS,Don't lie.,False,[],
20240910_trump_harris,TRUMP,"She went out--she went out in Minnesota and wanted to let criminals that killed people, that burned down Minneapolis, she went out and raised money to get 'em out of jail. She did things that nobody would ever think of. Now she wants to do transgender operations on illegal aliens that are in prison. This is a radical left liberal that would do this. She wants to confiscate your guns and she will never allow fracking in Pennsylvania. If she won the election, fracking in Pennsylvania will end on day one. Just to finish one thing, so important in my opinion: So, I got the oil business going like nobody has ever done before. They took, when they took over, they got rid of it, started getting rid of it, and the prices were going up the roof. They immediately let these guys go to where they were. I would have been five times, four times, five times higher because you're talking about 3 1/2 years ago. They got it up to where I was, because they had no choice. Because the prices of energy were quadrupling and doubling. You saw what happened to gasoline. So, they said let's go back to Trump. But if she won the election, the day after that election, they'll go back to destroying our country and oil will be dead, fossil fuel will be dead. We'll go back to windmills and we'll go back to solar, where they need a whole desert to get some energy to come out. You ever see a solar plant? By the way, I'm a big fan of solar. But they take 400, 500 acres of desert soil--",True,"[{""start"": 14, ""end"": 170, ""text"": ""she went out in Minnesota and wanted to let criminals that killed people, that burned down Minneapolis, she went out and raised money to get 'em out of jail"", ""reason_text"": """", ""reason_choices"": [""attribution"", ""stance/support"", ""crime/law""]}, {""start"": 224, ""end"": 299, ""text"": ""she wants to do transgender operations on illegal aliens that are in prison"", ""reason_text"": """", ""reason_choices"": [""conspiratorial"", ""stance/support"", ""immigration"", ""crime/law"", ""gender/sexuality""]}, {""start"": 352, ""end"": 385, ""text"": ""She wants to confiscate your guns"", ""reason_text"": """", ""reason_choices"": [""stance/support"", ""other""]}, {""start"": 566, ""end"": 627, ""text"": ""I got the oil business going like nobody has ever done before"", ""reason_text"": """", ""reason_choices"": [""vague quantitative"", ""ranking"", ""economic"", ""other""]}, {""start"": 712, ""end"": 745, ""text"": ""the prices were going up the roof"", ""reason_text"": """", ""reason_choices"": [""vague quantitative"", ""economic"", ""other""]}, {""start"": 975, ""end"": 1025, ""text"": ""the prices of energy were quadrupling and doubling"", ""reason_text"": """", ""reason_choices"": [""numerical absolute"", ""economic"", ""other""]}, {""start"": 1296, ""end"": 1364, ""text"": ""solar, where they need a whole desert to get some energy to come out"", ""reason_text"": """", ""reason_choices"": [""environment"", ""other""]}, {""start"": 1434, ""end"": 1473, ""text"": ""they take 400, 500 acres of desert soil"", ""reason_text"": """", ""reason_choices"": [""environment"", ""other""]}]",
20240910_trump_harris,DAVIS,President Trump--[crosstalk],False,[],
20240910_trump_harris,TRUMP,--these are not good things for the environment that she understands.,True,"[{""start"": 2, ""end"": 47, ""text"": ""these are not good things for the environment"", ""reason_text"": """", ""reason_choices"": [""environment""]}]",
20240910_trump_harris,DAVIS,"President Trump, we have a lot of issues that we have to get to. We're out of time. Thank you.",False,[],
20240910_trump_harris,MUIR,"Linsey, thank you. We have an election in just 56 days. An--I want to talk about the peaceful transfer of power, which of course we all know was a cornerstone of our democracy and the role of a president in a moment of crisis. Uh, Mr. President, on January 6th you told your supporters to march to the Capitol. You said you would be right there with them. The country and the world saw what played out at the Capitol that day. The officers coming under attack. Aides in the West Wing say you watched it unfold on television off the Oval Office. You did send out tweets, but it was more than two hours before you sent out that video message telling your supporters to go home. Is there anything you regret about what you did on that day?",True,"[{""start"": 246, ""end"": 354, ""text"": ""on January 6th you told your supporters to march to the Capitol. You said you would be right there with them"", ""reason_text"": """", ""reason_choices"": [""attribution"", ""stance/support""]}, {""start"": 573, ""end"": 674, ""text"": "" it was more than two hours before you sent out that video message telling your supporters to go home"", ""reason_text"": """", ""reason_choices"": [""attribution""]}]",
20240910_trump_harris,TRUMP,"You just said a thing that isn't covered. Peacefully and patriotically, I said during my speech. Not later on. Peacefully and patriotically. And nobody on the other side was killed. Ashli Babbitt was shot by an out-of-control police officer that should have never, ever shot her. It's a disgrace. But we didn't do--this group of people that have been treated so badly. I ask, what about all the people that are pouring into our country and killing people? That she allowed to pour in. She was the border czar. Remember that. She was the border czar. She doesn't want to be called the border czar because she's embarrassed by the border. In fact, she said at the beginning, I'm surprised you're not talking about the border yet. That's because she knows what a bad job they've done. What about those people? What's, when are they going to be prosecuted? When are these people from countries all over the world, not just South America, they're coming in from all over the world, David, all over the world. And crime rates are down all over the world because of it--",True,"[{""start"": 42, ""end"": 95, ""text"": ""Peacefully and patriotically, I said during my speech"", ""reason_text"": """", ""reason_choices"": [""attribution""]}, {""start"": 141, ""end"": 180, ""text"": ""And nobody on the other side was killed"", ""reason_text"": """", ""reason_choices"": [""crime/law""]}, {""start"": 182, ""end"": 240, ""text"": ""Ashli Babbitt was shot by an out-of-control police officer"", ""reason_text"": """", ""reason_choices"": [""crime/law""]}, {""start"": 391, ""end"": 454, ""text"": ""the people that are pouring into our country and killing people"", ""reason_text"": """", ""reason_choices"": [""immigration"", ""crime/law""]}, {""start"": 1008, ""end"": 1061, ""text"": ""crime rates are down all over the world because of it"", ""reason_text"": """", ""reason_choices"": [""crime/law""]}]",
20240910_trump_harris,MUIR,But let me just ask you--,False,[],
20240910_trump_harris,TRUMP,"David. But when are those, David, when are those people going to be prosecuted? When are the people that burned down Minneapolis going to be prosecuted? Or in Seattle? They went into Seattle, they took over a big percentage of the city of Seattle. When are those people going to be prosecuted?",True,"[{""start"": 192, ""end"": 246, ""text"": ""they took over a big percentage of the city of Seattle"", ""reason_text"": """", ""reason_choices"": [""vague quantitative"", ""statistical"", ""immigration""]}]",
20240910_trump_harris,MUIR,But let me just ask you--,False,[],
20240910_trump_harris,TRUMP,You might ask her that question.,False,[],
20240910_trump_harris,MUIR,You were the President. You were watching it unfold on television. It's a very simple question as we move forward toward another election. Is there anything you regret about what you did on that day? Yes or no.,False,[],
20240910_trump_harris,TRUMP,"I had nothing to do with that other than they asked me to make a speech. I showed up for a speech. I said, I think it's going to be big. I went to Nancy Pelosi and the mayor of Washington, D.C. And the mayor put it back in writing, as you know. I said, you know, this is gonna be a very big rally or whatever you want to call it. And again, it wasn't done by me. It was done by others. I said I'd like to give you 10,000 National Guard or soldiers. They rejected me. Nancy Pelosi rejected me. It was just two weeks ago, her daughter has a tape of her saying she is fully responsible for what happened. They want to get rid of that tape. It would have never happened if Nancy Pelosi and the mayor of Washington did their jobs. I wasn't responsible for security. Nancy Pelosi was responsible. She didn't do her job.",True,"[{""start"": 0, ""end"": 29, ""text"": ""I had nothing to do with that"", ""reason_text"": """", ""reason_choices"": [""attribution""]}, {""start"": 341, ""end"": 361, ""text"": ""it wasn't done by me"", ""reason_text"": """", ""reason_choices"": [""attribution""]}, {""start"": 520, ""end"": 600, ""text"": ""her daughter has a tape of her saying she is fully responsible for what happened"", ""reason_text"": """", ""reason_choices"": [""epistemic""]}, {""start"": 726, ""end"": 759, ""text"": ""I wasn't responsible for security"", ""reason_text"": """", ""reason_choices"": [""attribution""]}, {""start"": 761, ""end"": 789, ""text"": ""Nancy Pelosi was responsible"", ""reason_text"": """", ""reason_choices"": [""attribution""]}]",
20240910_trump_harris,MUIR,"The question was about you as President, not about Former Speaker Pelosi. But I do want Vice President Harris to respond here.",False,[],
20240910_trump_harris,HARRIS,"I was at the Capitol on January 6th. I was the Vice President-Elect. I was also an acting senator. I was there. And on that day, the President of the United States incited a violent mob to attack our nation's Capitol, to desecrate our nation's Capitol. On that day, 140 law enforcement officers were injured. And some died. And understand, the former President has been indicted and impeached for exactly that reason. But this is not an isolated situation. Let's remember Charlottesville, where there was a mob of people carrying tiki torches, spewing antisemitic hate, and what did the President then at the time say? There were fine people on each side. Let's remember that when it came to the Proud Boys, a militia, the President said, the former President said, ""Stand back and stand by."" So for everyone watching who remembers what January 6th was, I say we don't have to go back. Let's not go back. We're not going back. It's time to turn the page. And if that was a bridge too far for you, well, there is a place in our campaign for you. To stand for country. To stand for our democracy. To stand for rule of law. And to end the chaos. And to end the approach that is about attacking the foundations of our democracy 'cause you don't like the outcome. And be clear on that point. Donald Trump the candidate has said in this election there will be a bloodbath, if this--and the outcome of this election is not to his liking. Let's turn the page on this. Let's not go back. Let's chart a course for the future and not go backwards to the past.",True,"[{""start"": 0, ""end"": 35, ""text"": ""I was at the Capitol on January 6th"", ""reason_text"": """", ""reason_choices"": [""political"", ""other""]}, {""start"": 116, ""end"": 216, ""text"": ""on that day, the President of the United States incited a violent mob to attack our nation's Capitol"", ""reason_text"": """", ""reason_choices"": [""political""]}, {""start"": 253, ""end"": 323, ""text"": ""On that day, 140 law enforcement officers were injured. And some died."", ""reason_text"": """", ""reason_choices"": [""numerical absolute"", ""crime/law""]}, {""start"": 472, ""end"": 568, ""text"": ""Charlottesville, where there was a mob of people carrying tiki torches, spewing antisemitic hate"", ""reason_text"": """", ""reason_choices"": [""other""]}, {""start"": 574, ""end"": 654, ""text"": ""what did the President then at the time say? There were fine people on each side"", ""reason_text"": ""unsure since he-said"", ""reason_choices"": [""attribution""]}, {""start"": 676, ""end"": 792, ""text"": ""when it came to the Proud Boys, a militia, the President said, the former President said, \""Stand back and stand by.\"""", ""reason_text"": """", ""reason_choices"": [""attribution""]}, {""start"": 1287, ""end"": 1429, ""text"": ""Donald Trump the candidate has said in this election there will be a bloodbath, if this--and the outcome of this election is not to his liking"", ""reason_text"": """", ""reason_choices"": [""attribution""]}]",
20240910_trump_harris,MUIR,Let me just follow up here--,False,[],
20240910_trump_harris,TRUMP,"--I have said blood-bash--bath. It was a different term, and it was a term that related to energy, because they have destroyed our energy business. That was where bloodbath was. Also, on Charlottesville, that story has been as you would say, debunked. Laura Ingraham, Sean Hannity, Jesse--all of these people, they covered it. If they go an extra sentence, they will see it was perfect. It was debunked in almost every newspaper. But they still bring it up, just like they bring 2025 up. They bring all of this stuff up. I ask you this. You talk about the Capitol. Why are we allowing these millions of people to come through on the southern border? How come she's not doing the--and I'll tell you what I would do. And I would be very proud to do it. I would say we would both leave this debate right now, I'd like to see her go down to Washington, D.C. during this debate 'cause we're wasting a lot of time. Go down to--because she's been so bad, it's so ridiculous. Go down to Washington, D.C. And let her sign a bill [sic] to close up the border. Because they have the right to do it. They don't need bills. They have the right to do it. The President of the United States, you'll get him out of bed. You'll wake him up at 4:00 in the afternoon--",True,"[{""start"": 117, ""end"": 146, ""text"": ""destroyed our energy business"", ""reason_text"": """", ""reason_choices"": [""vague quantitative"", ""economic"", ""other""]}, {""start"": 187, ""end"": 250, ""text"": ""Charlottesville, that story has been as you would say, debunked"", ""reason_text"": """", ""reason_choices"": [""epistemic""]}, {""start"": 387, ""end"": 428, ""text"": ""It was debunked in almost every newspaper"", ""reason_text"": """", ""reason_choices"": [""epistemic""]}, {""start"": 576, ""end"": 648, ""text"": ""allowing these millions of people to come through on the southern border"", ""reason_text"": """", ""reason_choices"": [""numerical absolute"", ""immigration""]}, {""start"": 1093, ""end"": 1109, ""text"": ""don't need bills"", ""reason_text"": """", ""reason_choices"": [""political""]}]",
20240910_trump_harris,MUIR,Alright--,False,[],
20240910_trump_harris,TRUMP,"--you'll say come on; come on down to the office, let's sign a bill. If he--if he signs a bill that the border is closed, all he has to do is say it to the border patrol, who are phenomenal. If they do that, the border is closed.--",False,[],
20240910_trump_harris,MUIR,Mr. President--,False,[],
20240910_trump_harris,TRUMP,"--Those people are killing many people, unlike J-6.",True,"[{""start"": 2, ""end"": 38, ""text"": ""Those people are killing many people"", ""reason_text"": """", ""reason_choices"": [""vague quantitative"", ""crime/law""]}, {""start"": 40, ""end"": 50, ""text"": ""unlike J-6"", ""reason_text"": """", ""reason_choices"": [""vague quantitative"", ""political"", ""crime/law""]}]",
20240910_trump_harris,MUIR,"We talked immigration here tonight. I do want to focus on this next issue to both of you. Because it really brings us, uh, this into focus. Truth, uh, in these times that we're living in. Mr. President, for three and a half years after uh you lost the 2020 election you repeatedly, uh, falsely claimed that you won, many times saying you won in a landslide. In the past couple of weeks leading up to this debate, you have said, quote, you lost by a whisker, that you, quote, didn't quite make it, that you came up a little bit short.",False,[],
20240910_trump_harris,TRUMP,I said that?,False,[],
20240910_trump_harris,MUIR,Are you now acknowledging that you lost in 2020?,False,[],
20240910_trump_harris,TRUMP,"No, I don't acknowledge that at all.",False,[],
20240910_trump_harris,MUIR,But you did say that.,False,[],
20240910_trump_harris,TRUMP,"I said that sarcastically. You know that. It was said, oh we lost by a whisker. That was said sarcastically. Look, there's so much proof. All you have to do is look at it. And they shoulda sent it back to the legislatures for approval. I got almost 75 million votes. The most votes any sitting president has ever gotten. I was told if I got 63, which was what I got in 2016, you can't be beaten. The election, people should never be thinking about an election as fraudulent. We need two things. We need walls. We need--and we have to have it. We have to have borders. And we have to have good elections. Our elections are bad. And a lot of these illegal immigrants coming in, they're trying to get them to vote. They can't even speak English. They don't even know what country they're in practically. And these people are trying to get them to vote. And that's why they're allowing them to come into our country.",True,"[{""start"": 115, ""end"": 137, ""text"": ""there's so much proof."", ""reason_text"": """", ""reason_choices"": [""epistemic""]}, {""start"": 236, ""end"": 265, ""text"": ""I got almost 75 million votes"", ""reason_text"": """", ""reason_choices"": [""numerical absolute"", ""political""]}, {""start"": 267, ""end"": 319, ""text"": ""The most votes any sitting president has ever gotten"", ""reason_text"": """", ""reason_choices"": [""ranking"", ""political""]}, {""start"": 631, ""end"": 710, ""text"": ""a lot of these illegal immigrants coming in, they're trying to get them to vote"", ""reason_text"": """", ""reason_choices"": [""conspiratorial"", ""political"", ""immigration""]}, {""start"": 805, ""end"": 912, ""text"": ""these people are trying to get them to vote. And that's why they're allowing them to come into our country."", ""reason_text"": """", ""reason_choices"": [""political"", ""immigration""]}]",
20240910_trump_harris,MUIR,"I did watch all of these pieces of video. I didn't detect the sarcasm, ""lost by a whisker,"" ""we didn't quite make it,"" and we should just point out as clarification, and you know this, you and your allies, 60 cases in front of many judges. Many of them--",False,[],
20240910_trump_harris,TRUMP,No judge looked at it.,True,"[{""start"": 0, ""end"": 22, ""text"": ""No judge looked at it."", ""reason_text"": """", ""reason_choices"": [""crime/law""]}]",
20240910_trump_harris,MUIR,--and said there was no widespread fraud.,True,"[{""start"": 6, ""end"": 41, ""text"": ""said there was no widespread fraud."", ""reason_text"": """", ""reason_choices"": [""epistemic"", ""conspiratorial"", ""political""]}]",
20240910_trump_harris,TRUMP,"They said we didn't have standing. That's the other thing. They said we didn't have standing. A technicality. Can you imagine a system where a person in an election doesn't have standing, the President of the United States doesn't have standing? That's how we lost. If you look at the facts, and I'd love to have you--you'll do a special on it. I'll show you Georgia and I'll show you Wisconsin and I'll show you Pennsylvania and I'll show you--we have so many facts and statistics. But you know what? That doesn't matter. Because we have to solve the problem that we have right now. That's old news. And the problem that we have right now is we have a nation in decline, and they have put it into decline. We have a nation that is dying, David.",False,[],
20240910_trump_harris,MUIR,"Mr. President, thank you. Uh, Vice President Harris, you heard the President there tonight. He said he didn't say that he lost by a whisker. So he still believes, uh, he did not lose the election uh, that was won by President Biden uh, and and yourself. But I do want to ask you about something that's come up in the last couple of days. This was a post from President Trump about this upcoming election uh, just weeks away. He said, ""When I win, those people who cheated,"" and then he lists donors, voters, election officials, he says ""Will be prosecuted to the fullest extent of the law, which will include long-term prison sentences."" One of your campaign's top lawyers responded saying, ""We won't let Donald Trump intimidate us. We won't let him suppress the vote."" Is that what you believe he's trying to do here?",False,[],
20240910_trump_harris,HARRIS,"Donald Trump was fired by 81 million people. So, let's be clear about that. And clearly, he is having a very difficult time processing that. But we cannot afford to have a President of the United States who attempts as he did in the past to upend the will of the voters in a free and fair election. And I'm gonna tell you that, uh, I have traveled the world as Vice President of the United States. And world leaders are laughing at Donald Trump. I have talked with military leaders, some of whom worked with you. And they say you're a disgrace. And when you then talk in this way in a presidential debate and deny what over and over again are court cases you have lost, because you did in fact lose that election, it leads one to believe that perhaps we do not have in the candidate to my right the temperament or, or the ability to not be confused about fact. That's deeply troubling. And the American people deserve better.",True,"[{""start"": 643, ""end"": 668, ""text"": ""court cases you have lost"", ""reason_text"": """", ""reason_choices"": [""crime/law"", ""personal life""]}]",
20240910_trump_harris,MUIR,"I'll give you one minute to respond, Mr. President.",False,[],
20240910_trump_harris,TRUMP,"Okay, let me just tell you about world leaders. Viktor Orban, one of the most respected men--they call him a strong man. He's a, he's a tough person. Smart. Prime Minister of Hungary. They said, ""Why is the whole world blowing up? Three years ago it wasn't. Why is it blowing up?"" He said, ""Because you need Trump back as President. They were afraid of him. China was afraid."" And I don't like to use the word afraid but I'm just quoting him. ""China was afraid of him. North Korea was afraid of him."" Look at what's going on with North Korea, by the way. He said, ""Russia was afraid of him."" I ended the Nord Stream 2 pipeline and Biden put it back on day one but he ended the XL pipeline. The XL pipeline in our country. He ended that. But he let the Russians build a pipeline going all over Europe and heading into Germany. The biggest pipeline in the world. Look, Viktor Orban said it. He said the most respected, most feared person is Donald Trump. We had no problems when Trump was President. But when this weak, pathetic man that you saw at a debate just a few months ago that if he weren't in that debate he'd be running instead of her, she got no votes, he got 14 million votes, what you did, you talk about a threat to democracy. He got 14 million votes and they threw him out of office. And you know what? I'll give you a little secret. He hates her. He can't stand her.",True,"[{""start"": 592, ""end"": 626, ""text"": ""I ended the Nord Stream 2 pipeline"", ""reason_text"": """", ""reason_choices"": [""attribution"", ""political"", ""geopolitical""]}, {""start"": 631, ""end"": 659, ""text"": ""Biden put it back on day one"", ""reason_text"": """", ""reason_choices"": [""attribution"", ""political"", ""geopolitical""]}, {""start"": 664, ""end"": 688, ""text"": ""he ended the XL pipeline"", ""reason_text"": """", ""reason_choices"": [""attribution"", ""political"", ""geopolitical""]}, {""start"": 867, ""end"": 997, ""text"": ""Viktor Orban said it. He said the most respected, most feared person is Donald Trump. We had no problems when Trump was President."", ""reason_text"": """", ""reason_choices"": [""attribution""]}, {""start"": 1144, ""end"": 1160, ""text"": ""she got no votes"", ""reason_text"": """", ""reason_choices"": [""vague quantitative"", ""political""]}, {""start"": 1162, ""end"": 1185, ""text"": ""he got 14 million votes"", ""reason_text"": """", ""reason_choices"": [""numerical absolute"", ""political""]}]",
20240910_trump_harris,MUIR,Mr. President --,False,[],
20240910_trump_harris,TRUMP,"But he had 14 million votes. They threw 'im out. She got zero votes. And when she ran, she was the first one to leave because she failed. And now she's running. I don't understand it but I'm okay with it-–",True,"[{""start"": 4, ""end"": 28, ""text"": ""he had 14 million votes."", ""reason_text"": """", ""reason_choices"": [""numerical absolute"", ""political""]}, {""start"": 49, ""end"": 68, ""text"": ""She got zero votes."", ""reason_text"": ""zero votes where?"", ""reason_choices"": [""numerical absolute"", ""political""]}]",
20240910_trump_harris,MUIR,Mr. President--,False,[],
20240910_trump_harris,TRUMP,--because I think we're going to do pretty well.,False,[],
20240910_trump_harris,MUIR,"Mr. President, your time is up. We've got a lot more to get--to.",False,[],
20240910_trump_harris,DAVIS,"Turning now to the Israel-Hamas war and the hostages who are still being held, Americans among them. Vice President Harris, in December you said, ""Israel has a right to defend itself"" but you added, ""It matters how."" Saying, ""International humanitarian law must be respected, Israel must do more to protect innocent civilians."" You said that nine months ago. Now an estimated 40,000 Palestinians are dead. Nearly 100 hostages remain. Just last week Prime Minister Benjamin Netanyahu said there's not a deal in the making. President Biden has not been able to break through the stalemate. How would you do it?",True,"[{""start"": 363, ""end"": 404, ""text"": ""an estimated 40,000 Palestinians are dead"", ""reason_text"": """", ""reason_choices"": [""numerical absolute"", ""geopolitical""]}, {""start"": 406, ""end"": 432, ""text"": ""Nearly 100 hostages remain"", ""reason_text"": """", ""reason_choices"": [""numerical absolute"", ""geopolitical""]}]",
20240910_trump_harris,HARRIS,"Well, let's understand how we got here. On Oct. 7, Hamas, a terrorist organization, slaughtered twelve hundred Israelis. Many of them young people who were simply attending a concert. Women were horribly raped. And so absolutely, I said then, I say now, Israel has a right to defend itself. We would. And how it does so matters. Because it is also true, far too many innocent Palestinians have been killed. Children, mothers. What we know is that this war must end. It must when--end immediately, and the way it will end is we need a cease-fire deal and we need the hostages out. And so we will continue to work around the clock on that. Work around the clock also understanding that we must chart a course for a two-state solution. And in that solution, there must be security for the Israeli people and Israel and in equal measure for the Palestinians. But the one thing I will assure you always, I will always give Israel the ability to defend itself, in particular as it rates--relates to Iran and any threat that Iran and its proxies pose to Israel. But we must have a two-state solution where we can rebuild Gaza, where the Palestinians have security, self-determination and the dignity they so rightly deserve.",True,"[{""start"": 40, ""end"": 119, ""text"": ""On Oct. 7, Hamas, a terrorist organization, slaughtered twelve hundred Israelis"", ""reason_text"": """", ""reason_choices"": [""numerical absolute"", ""geopolitical""]}, {""start"": 184, ""end"": 209, ""text"": ""Women were horribly raped"", ""reason_text"": """", ""reason_choices"": [""other""]}, {""start"": 367, ""end"": 424, ""text"": ""innocent Palestinians have been killed. Children, mothers"", ""reason_text"": """", ""reason_choices"": [""geopolitical""]}]",
20240910_trump_harris,DAVIS,"President Trump, how would you negotiate with Netanyahu and also Hamas in order to get the hostages out and prevent the killing of more innocent civilians in Gaza?",False,[],
20240910_trump_harris,TRUMP,"If I were president, it would have never started. If I were president, Russia would have never, ever--I know Putin very well. He would have never--and there was no threat of it either, by the way, for four years--have gone into Ukraine and killed millions of people when you add it up. Far worse than people understand what's going on over there. But when she mentions about Israel all of a sudden--she hates Israel. She wouldn't even meet with Netanyahu when he went to Congress to make a very important speech. She refused to be there because she was at a sorority party of hers. She wanted to go to the sorority party. She hates Israel. If she's president, I believe that Israel will not exist within two years from now. And I've been pretty good at predictions. And I hope I'm wrong about that one. She hates Israel. At the same time in her own way she hates the Arab population because the whole place is gonna get blown up, Arabs, Jewish people, Israel. Israel will be gone. It would have never happened. Iran was broke under Donald Trump. Now Iran has $300 billion because they took off all the sanctions that I had. Iran had no money for Hamas or Hezbollah or any of the 28 different spheres of terror. And they are spheres of terror. Horrible terror. They had no money. It was a big story, and you know it. You covered it. Very well, actually. They had no money for terror. They were broke. Now they're a rich nation. And now what they're doing is spreading that money around. Look at what's happening with the Houthis and Yemen. Look at what's going on in the Middle East. This would have never happened. I will get that settled and fast. And I'll get the war with Ukraine and Russia ended. If I'm President-Elect, I'll get it done before even becoming President.",True,"[{""start"": 240, ""end"": 284, ""text"": ""killed millions of people when you add it up"", ""reason_text"": """", ""reason_choices"": [""numerical absolute"", ""geopolitical""]}, {""start"": 399, ""end"": 479, ""text"": ""she hates Israel. She wouldn't even meet with Netanyahu when he went to Congress"", ""reason_text"": """", ""reason_choices"": [""stance/support"", ""geopolitical""]}, {""start"": 513, ""end"": 580, ""text"": ""She refused to be there because she was at a sorority party of hers"", ""reason_text"": """", ""reason_choices"": [""personal life""]}, {""start"": 622, ""end"": 639, ""text"": ""She hates Israel."", ""reason_text"": """", ""reason_choices"": [""stance/support"", ""geopolitical""]}, {""start"": 803, ""end"": 820, ""text"": ""She hates Israel."", ""reason_text"": """", ""reason_choices"": [""stance/support"", ""geopolitical""]}, {""start"": 853, ""end"": 882, ""text"": ""she hates the Arab population"", ""reason_text"": """", ""reason_choices"": [""stance/support"", ""ethnicity/race""]}, {""start"": 1011, ""end"": 1044, ""text"": ""Iran was broke under Donald Trump"", ""reason_text"": """", ""reason_choices"": [""vague quantitative"", ""economic"", ""geopolitical""]}, {""start"": 1050, ""end"": 1071, ""text"": ""Iran has $300 billion"", ""reason_text"": """", ""reason_choices"": [""numerical absolute"", ""economic"", ""geopolitical""]}, {""start"": 1404, ""end"": 1425, ""text"": ""they're a rich nation"", ""reason_text"": """", ""reason_choices"": [""vague quantitative"", ""economic"", ""geopolitical""]}, {""start"": 1457, ""end"": 1484, ""text"": ""spreading that money around"", ""reason_text"": """", ""reason_choices"": [""economic"", ""geopolitical""]}]",
20240910_trump_harris,DAVIS,"Vice President Harris, he says you hate Israel.",False,[],
20240910_trump_harris,HARRIS,"Heh, well, that's absolutely not true. I have my entire career and life supported Israel and the Israeli people. He knows that. He's trying to again divide and and distract from the reality, which is it is very well known that Donald Trump is weak and wrong on national security and foreign policy. It is well known that he admires dictators, wants to be a dictator on day one according to himself. It is well known that he said of Putin that he can do whatever the hell he wants and go into Ukraine. It is well known that he said when Russia went into Ukraine it was brilliant. It is well known he exchanged love letters with Kim Jong Un. And it is absolutely well known that these dictators and autocrats are rooting for you to be president again because they're so clear, they can manipulate you with flattery and favors. And that is why so many military leaders who you have worked with have told me you are a disgrace. That is why we understand that we have to have a president who is not consistently weak and wrong on national security--",True,"[{""start"": 39, ""end"": 112, ""text"": ""I have my entire career and life supported Israel and the Israeli people."", ""reason_text"": """", ""reason_choices"": [""stance/support"", ""geopolitical""]}, {""start"": 321, ""end"": 397, ""text"": ""he admires dictators, wants to be a dictator on day one according to himself"", ""reason_text"": """", ""reason_choices"": [""attribution"", ""political""]}, {""start"": 421, ""end"": 499, ""text"": ""he said of Putin that he can do whatever the hell he wants and go into Ukraine"", ""reason_text"": """", ""reason_choices"": [""attribution"", ""geopolitical""]}, {""start"": 523, ""end"": 578, ""text"": ""he said when Russia went into Ukraine it was brilliant."", ""reason_text"": """", ""reason_choices"": [""attribution"", ""geopolitical""]}, {""start"": 677, ""end"": 748, ""text"": ""these dictators and autocrats are rooting for you to be president again"", ""reason_text"": """", ""reason_choices"": [""attribution"", ""political"", ""geopolitical""]}]",
20240910_trump_harris,DAVIS,Vice President Harris--,False,[],
20240910_trump_harris,HARRIS,--including the importance of upholding and respecting in highest regard our military.,False,[],
20240910_trump_harris,DAVIS,"Vice President Harris, thank you.",False,[],
20240910_trump_harris,TRUMP,"They're the ones--and she's the one that caused it--that's weak on national security by allowing every nation last month for the year, 168 different countries sending people into our country. Their crime rates are way down. Putin endorsed her last week. Said, ""I hope she wins."" And I think he meant it. Because what he's gotten away with is absolutely incredible. It wouldn't have happened with me. The leaders of other countries think that they're weak and incompetent. And they are. They're grossly incompetent. And I just ask one question. Why does Biden go in and kill the Keystone pipeline and approve the single biggest deal that Russia's ever made, Nordstream 2, the biggest pipeline anywhere in the world going to Germany and all over Europe? Because they're weak and they're ineffective. And Biden, by the way--",True,"[{""start"": 135, ""end"": 190, ""text"": ""168 different countries sending people into our country"", ""reason_text"": """", ""reason_choices"": [""immigration""]}, {""start"": 192, ""end"": 222, ""text"": ""Their crime rates are way down"", ""reason_text"": """", ""reason_choices"": [""vague quantitative"", ""crime/law""]}, {""start"": 224, ""end"": 278, ""text"": ""Putin endorsed her last week. Said, \""I hope she wins.\"""", ""reason_text"": """", ""reason_choices"": [""attribution"", ""stance/support"", ""political"", ""geopolitical""]}, {""start"": 553, ""end"": 595, ""text"": ""Biden go in and kill the Keystone pipeline"", ""reason_text"": """", ""reason_choices"": [""political"", ""geopolitical""]}, {""start"": 600, ""end"": 669, ""text"": ""approve the single biggest deal that Russia's ever made, Nordstream 2"", ""reason_text"": """", ""reason_choices"": [""ranking"", ""stance/support"", ""political"", ""geopolitical""]}]",
20240910_trump_harris,DAVIS,President Trump--,False,[],
20240910_trump_harris,TRUMP,--gets paid a lot of money --,False,[],
20240910_trump_harris,DAVIS,Thank you. We have a lot of issues to get to.,False,[],
20240910_trump_harris,MUIR,We'll be right back with much more of this historic ABC News presidential debate from the National Constitution Center right here in Philadelphia. Back in a moment. [commercial break],False,[],
20240910_trump_harris,MUIR,"Welcome back to this historic ABC news presidential debate tonight. We're going to continue here, and I want to turn to the war in Ukraine. We're now 2 1/2 years into this conflict. Mr. President, it has been the position of the Biden Administration that we must defend Ukraine from Russia, from Vladimir Putin, to defend their sovereignty, their democracy, that it's in America's best interest to do so, arguing that if Putin wins he may be emboldened to move even further into other countries. You have said you would solve this war in 24 hours. You said so just before the break tonight. How exactly would you do that? And, and I want to ask you a very simple question tonight. Do you want Ukraine to win this war?",False,[],
20240910_trump_harris,TRUMP,"I want the war to stop. I wanna save lives that are being uselessly--people being killed by the millions. It's the millions. It's so much worse than the numbers that you're getting, which are fake numbers. Look, we're in for 250 billion or more, because they don't ask Europe, which is a much bigger beneficiary to getting this thing done than we are. They're in for $150 billion less because Biden and you don't have the courage to ask Europe like I did with NATO. They paid billions and billions, hundreds of billions of dollars when I said either you pay up or we're not gonna protect you anymore. So that may be one of the reasons they don't like me as much as they like weak people. But you take a look at what's happening. We're in for 250 to 275 billion. They're into 100 to 150. They should be forced to equalize. With that being said, I wanna get the war settled. I know Zelenskyy very well, and I know Putin very well. I have a good relationship. And they respect your President. Okay? They respect me. They don't respect Biden. How would you respect him? Why? For what reason? He hasn't even made a phone call in two years to Putin. Hasn't spoken to anybody. They don't even try and get it. That is a war that's dying to be settled. I will get it settled before I even become President. If I win, when I'm President-Elect, and what I'll do is I'll speak to one, I'll speak to the other, I'll get 'em together. That war would have never happened. And in fact when I saw Putin after I left, unfortunately left because our--our country has gone to hell, but after I left when I saw him building up soldiers, he did it after I left, I said oh, he must be negotiating. It must be a good strong point of negotiation. Well, it wasn't because Biden had no idea how to talk to him. He had no idea how to stop it. And now you have millions of people dead and it's only getting worse and it could lead to World War 3. Don't kid yourself, David. We're playing with World War 3. And we have a President that we don't even know if he's -- where is our President? We don't even know if he's a President.",True,"[{""start"": 69, ""end"": 104, ""text"": ""people being killed by the millions"", ""reason_text"": """", ""reason_choices"": [""numerical absolute"", ""geopolitical""]}, {""start"": 192, ""end"": 204, ""text"": ""fake numbers"", ""reason_text"": """", ""reason_choices"": [""conspiratorial"", ""geopolitical""]}, {""start"": 466, ""end"": 530, ""text"": ""They paid billions and billions, hundreds of billions of dollars"", ""reason_text"": """", ""reason_choices"": [""numerical absolute"", ""economic"", ""geopolitical""]}]",
20240910_trump_harris,MUIR,And just to clarify here.,False,[],
20240910_trump_harris,TRUMP,"They threw him out of a campaign like a dog. We don't even know, is he our President? But we have a President--",False,[],
20240910_trump_harris,MUIR,"Mr. President,",False,[],
20240910_trump_harris,TRUMP,--that doesn't know he's alive.,False,[],
20240910_trump_harris,MUIR,"Your time is up. Uh, uh,just to clarify the question, do you believe it's in the U.S. best interests for Ukraine to win this war? Yes or no?",False,[],
20240910_trump_harris,TRUMP,I think it's in the U.S. best interest to get this war finished and f--just get it done.,False,[],
20240910_trump_harris,MUIR,All right.,False,[],
20240910_trump_harris,TRUMP,Negotiate a deal. Because we have to stop all of these human lives from being destroyed.,False,[],
20240910_trump_harris,MUIR,"I want to take this to Vice President Harris. I want to get your thoughts on support for Ukraine in this moment. But also as Commander-in-Chief, if elected, how would you deal with Vladimir Putin and would it be any different from what we're seeing from President Biden?",False,[],
20240910_trump_harris,HARRIS,"Well, first of all, it's important to remind the former President you're not runnin' against Joe Biden, you're runnin' against me. I believe the reason that Donald Trump says that this war would be over within 24 hours is because he would just give it up. And that's not who we are as Americans. Let's understand what happened here. Uh, I actually met with Zelenskyy a few days before Russia invaded, tried through force to change territorial boundaries, to defy one of the most important international rules and norms, which is the importance of sovereignty and territorial integrity. And I met with President Zelenskyy. I shared with him American intelligence about how he could defend himself. Days later I went to NATO's eastern flank, to Poland and Romania. And through the work that I and others did, we brought 50 countries together to support Ukraine in its righteous defense. And because of our support, because of the air defense, the ammunition, the artillery, the javelins, the Abrams tanks that we have provided, Ukraine stands as an independent and free country. If Donald Trump were President, Putin would be sitting in Kyiv right now. And understand what that would mean. Because Putin's agenda is not just about Ukraine. Understand why the European allies and our NATO allies are so thankful that you are no longer President and that we understand the importance of the greatest military alliance the world has ever known, which is NATO. And what we have done to preserve the ability of Zelenskyy and the Ukrainians to fight for their Independence. Otherwise, Putin would be sitting in Kyiv with his eyes on the rest of Europe. Starting with Poland. And why don't you tell the 800,000 Polish Americans right here in Pennsylvania how quickly you would give up, for the sake of favor and what you think is a friendship, with what is known to be a dictator who would eat you for lunch.",True,"[{""start"": 337, ""end"": 399, ""text"": ""I actually met with Zelenskyy a few days before Russia invaded"", ""reason_text"": """", ""reason_choices"": [""attribution"", ""geopolitical""]}, {""start"": 924, ""end"": 1024, ""text"": ""the air defense, the ammunition, the artillery, the javelins, the Abrams tanks that we have provided"", ""reason_text"": """", ""reason_choices"": [""attribution"", ""geopolitical""]}]",
20240910_trump_harris,MUIR,Vice President Harris Thank you. We heard from both of you on Ukraine tonight. Afghanistan came up in the last hour--,False,[],
20240910_trump_harris,TRUMP,I have to respond to her.,False,[],
20240910_trump_harris,MUIR,-- I wanted her to respond to something you said earlier.,False,[],
20240910_trump_harris,TRUMP,I have to respond.,False,[],
20240910_trump_harris,MUIR,Please I'll give you a minute here.,False,[],
20240910_trump_harris,TRUMP,"Putin would be sitting in Moscow and he wouldn't have lost 300,000 men and women. But he would have been sitting in Moscow",True,"[{""start"": 49, ""end"": 80, ""text"": ""have lost 300,000 men and women"", ""reason_text"": """", ""reason_choices"": [""numerical absolute"", ""geopolitical""]}]",
20240910_trump_harris,HARRIS,[speaking off-mic],False,[],
20240910_trump_harris,TRUMP,"Quiet, please. He would have been sitting in Moscow much happier than he is right now. But eventually, you know, he's got a thing that other people don't have. He's got nuclear weapons. They don't ever talk about that. He's got nuclear weapons. Nobody ever thinks about that. And eventually uh maybe he'll use them. Maybe he hasn't been that threatening. But he does have that. Something we don't even like to talk about. Nobody likes to talk about it. But just so you understand, they sent her to negotiate peace before this war started. Three days later he went in and he started the war because everything they said was weak and stupid. They said the wrong things. That war should have never started. She was the emissary. They sent her in to negotiate with Zelenskyy and Putin. And she did and the war started three days later--",True,"[{""start"": 726, ""end"": 830, ""text"": ""They sent her in to negotiate with Zelenskyy and Putin. And she did and the war started three days later"", ""reason_text"": """", ""reason_choices"": [""attribution"", ""geopolitical""]}]",
20240910_trump_harris,MUIR,Vice President--,False,[],
20240910_trump_harris,TRUMP,"--and that's the kind of talent we have with her. She's worse than Biden. In my opinion, I think he's the worst president in the history of our country. She goes down as the worst Vice President in the history of our country. But let me tell you something. She is a horrible negotiator. They sent her in to negotiate. As soon as they left Putin did the invasion.",True,"[{""start"": 287, ""end"": 362, ""text"": ""They sent her in to negotiate. As soon as they left Putin did the invasion."", ""reason_text"": """", ""reason_choices"": [""attribution"", ""geopolitical""]}]",
20240910_trump_harris,MUIR,"President Trump, thank you. You did bring up something, you said she went to negotiate with Vladimir Putin. Vice President Harris, have you ever met Vladimir Putin, can you clarify tonight?",False,[],
20240910_trump_harris,HARRIS,"Yet again, I said it at the beginning of this debate, you're going to hear a bunch of lies coming from this fella. And that is another one. When I went to meet with President Zelenskyy, I've now met with him over five times. The reality is, it has been about standing as America always should, as a leader upholding international nul--rules and norms. As a leader who shows strength, understanding that the alliances we have around the world are dependent on our ability to look out for our friends and not favor our enemies, because you adore strongmen instead of caring about democracy. And that is very much what is at stake here. The President of the United States is Commander-in-Chief. And the American people have a right to rely on a president who understands the significance of America's role and responsibility in terms of ensuring that there is stability and ensuring we stand up for our principles and not sell them for the--for the benefit of personal flattery.",False,[],
20240910_trump_harris,MUIR,We've talked about Ukraine and Vladimir Putin. I do want to talk about Afghanistan. It came up in the first hour of this debate.,False,[],
20240910_trump_harris,TRUMP,"David, one thing.",False,[],
20240910_trump_harris,MUIR,"I, I want to move on to Afghanistan--",False,[],
20240910_trump_harris,TRUMP,"Secretary General Stoltenberg said Trump did the most amazing thing I've ever seen, he got these countries, the 28 countries at the time, to pay up. He said I've never seen--he's the head of NATO. He said I've never seen--for years we were paying almost all of NATO. We were being ripped off by European nations both on trade and on NATO. I got them to pay up by saying one of the statements you made before, if you don't pay we're not gonna protect you.",True,"[{""start"": 222, ""end"": 265, ""text"": ""for years we were paying almost all of NATO"", ""reason_text"": """", ""reason_choices"": [""vague quantitative"", ""economic"", ""geopolitical""]}]",
20240910_trump_harris,MUIR,President Trump--,False,[],
20240910_trump_harris,TRUMP,Otherwise we would've never gotten it. He said it was one of the most incredible jobs that he's ever seen done.,False,[],
20240910_trump_harris,MUIR,"Thank you. I want to turn to Afghanistan. It came up in the first hour of the debate, and we witnessed a, a poignant moment today on Capitol Hill honoring the soldiers who died in the chaotic withdrawal from Afghanistan. I do want to ask the Vice President, do you believe you bear any responsibility in the way that withdrawal played out?",False,[],
20240910_trump_harris,HARRIS,"Well, I will tell you, I agreed with President Biden's decision to pull out of Afghanistan. Four presidents said they would, and Joe Biden did. And as a result, America's taxpayers are not paying the $300 million a day we were paying for that endless war. And as of today, there is not one member of the United States military who is in active duty in a combat zone in any war zone around the world--the first time this century. But let's understand how we got to where we are. Donald Trump when he was President negotiated one of the weakest deals you can imagine. He calls himself a dealmaker. Even his National Security Adviser said it was a weak, terrible deal. And here's how it went down. He bypassed the Afghan government. He negotiated directly with a terrorist organization called the Taliban. The negotiation involved the Taliban getting 5,000 terrorists, Taliban terrorists, released. And get this--no, get this. And the President at the time invited the Taliban to Camp David. A place of storied significance for us as Americans, a place where we honor the importance of American diplomacy, where we invite and receive respected world leaders. And this former President as President invited them to Camp David because he does not again appreciate the role and responsibility of the President of the United States to be Commander in Chief with a level of respect. And this gets back to the point of how he has consistently disparaged and demeaned members of our military, fallen soldiers, and the work that we must do to uphold the strength and the respect of the United States of America around the world.",True,"[{""start"": 23, ""end"": 90, ""text"": ""I agreed with President Biden's decision to pull out of Afghanistan"", ""reason_text"": """", ""reason_choices"": [""stance/support"", ""political"", ""geopolitical""]}, {""start"": 148, ""end"": 254, ""text"": ""as a result, America's taxpayers are not paying the $300 million a day we were paying for that endless war"", ""reason_text"": """", ""reason_choices"": [""numerical absolute"", ""causation"", ""economic"", ""political"", ""geopolitical""]}, {""start"": 273, ""end"": 398, ""text"": ""there is not one member of the United States military who is in active duty in a combat zone in any war zone around the world"", ""reason_text"": """", ""reason_choices"": [""numerical absolute"", ""political"", ""geopolitical""]}, {""start"": 400, ""end"": 427, ""text"": ""the first time this century"", ""reason_text"": """", ""reason_choices"": [""ranking""]}, {""start"": 695, ""end"": 895, ""text"": ""He bypassed the Afghan government. He negotiated directly with a terrorist organization called the Taliban. The negotiation involved the Taliban getting 5,000 terrorists, Taliban terrorists, released."", ""reason_text"": """", ""reason_choices"": [""attribution"", ""political"", ""geopolitical""]}, {""start"": 928, ""end"": 988, ""text"": ""the President at the time invited the Taliban to Camp David."", ""reason_text"": """", ""reason_choices"": [""attribution"", ""political"", ""geopolitical""]}, {""start"": 1160, ""end"": 1221, ""text"": ""this former President as President invited them to Camp David"", ""reason_text"": """", ""reason_choices"": [""attribution"", ""political"", ""geopolitical""]}]",
20240910_trump_harris,MUIR,"Vice President Harris, thank you. President Trump, your response to her saying that you began the negotiations with the Taliban.",False,[],
20240910_trump_harris,TRUMP,"Yeah, thank you. So if you take a look at that period of time, the Taliban was killing our soldiers, a lot of 'em, with snipers. And I got involved with the Taliban because the Taliban was doing the killing. That's the fighting force within Afghanistan. They don't bother doing that because you know, they deal with the wrong people all the time. But I got involved. And Abdul is the head of the Taliban. He is still the head of the Taliban. And I told Abdul don't do it anymore, you do it anymore you're gonna have problems. And he said, ""Why do you send me a picture of my house?"" I said, ""You're going to have to figure that out, Abdul."" And for 18 months we had nobody killed. We did have an agreement negotiated by Mike Pompeo. It was a very good agreement. The reason it was good, it was--we were getting out. We would have been out faster than them, but we wouldn't have lost the soldiers. We wouldn't have left many Americans behind. And we wouldn't have left--we wouldn't have left $85 billion worth of brand new beautiful military equipment behind. And just to finish, they blew it. The agreement said you have to do this, this, this, this, this, and they didn't do it. They didn't do it. The agreement was--was terminated by us because they didn't do what they were supposed to do.",True,"[{""start"": 645, ""end"": 679, ""text"": ""for 18 months we had nobody killed"", ""reason_text"": """", ""reason_choices"": [""numerical absolute"", ""geopolitical""]}, {""start"": 986, ""end"": 1057, ""text"": ""left $85 billion worth of brand new beautiful military equipment behind"", ""reason_text"": """", ""reason_choices"": [""numerical absolute"", ""economic"", ""geopolitical""]}]",
20240910_trump_harris,MUIR,I want to move on.,False,[],
20240910_trump_harris,TRUMP,"And these people did the worst withdrawal and in my opinion the most embarrassing moment in the history of our country. And by the way, that's why Russia attacked Ukraine. Because they saw how incompetent she and her boss are.",False,[],
20240910_trump_harris,MUIR,"President Trump, thank you. I want to move on now to race and politics in this country. Mr. President, you recently said of Vice President Harris, ""I didn't know she was Black until a number of years ago when she happened to turn Black, and now she wants to be known as Black."" I want to ask a bigger-picture question here tonight. Why do you believe it's appropriate to weigh in on the racial identity of your opponent?",False,[],
20240910_trump_harris,TRUMP,"I don't. And I don't care. I don't care what she is. I don't care. Uh, you make a big deal out of something. I couldn't care less. Whatever she wants to be is okay with me.",False,[],
20240910_trump_harris,MUIR,"But those were your words. So, I'm asking --",False,[],
20240910_trump_harris,TRUMP,"I don't know. I don't know. All I can say is I read where she was not Black--that she put out. And, I'll say that. And then I read that she was Black. And that's okay. Either one was okay with me. That's up to her. That's up to her.",False,[],
20240910_trump_harris,MUIR,"Vice President Harris, your thoughts on this?",False,[],
20240910_trump_harris,HARRIS,"I think it's, I mean honestly, I think it's a tragedy that we have someone who wants to be President who has consistently over the course of his career attempted to use race to divide the American people. You know, I do believe that the vast majority of us know that we have so much more in common than what separates us. And we don't want this kind of approach that is just constantly trying to divide us, and especially by race. And let's remember how Donald Trump started. He was a, a, a—land, he owned land, he owned buildings, and he was investigated because he refused to rent property to Black families. Let's remember, this is the same individual who took out a full-page ad in The New York Times calling for the execution of five young Black and Latino boys who were innocent, the Central Park Five. Took out a full-page ad calling for their execution. This is the same individual who spread birther lies about the first Black President of the United States. And I think the American people want better than that. Want better than this. Want someone who understands as I do, I travel our country, we see in each other a friend. We see in each other a neighbor. We don't want a leader who is constantly trying to have Americans point their fingers at each other. I meet with people all the time who tell me ""Can we please just have discourse about how we're going to invest in the aspirations and the ambitions and the dreams of the American people?"" Knowing that regardless of people's color or the language their grandmother speaks we all have the same dreams and aspirations and want a president who invests in those, not in hate and division.",True,"[{""start"": 536, ""end"": 609, ""text"": ""he was investigated because he refused to rent property to Black families"", ""reason_text"": """", ""reason_choices"": [""attribution"", ""ethnicity/race"", ""crime/law"", ""personal life""]}, {""start"": 659, ""end"": 807, ""text"": ""took out a full-page ad in The New York Times calling for the execution of five young Black and Latino boys who were innocent, the Central Park Five"", ""reason_text"": """", ""reason_choices"": [""attribution"", ""ethnicity/race"", ""crime/law"", ""personal life""]}, {""start"": 894, ""end"": 966, ""text"": ""spread birther lies about the first Black President of the United States"", ""reason_text"": """", ""reason_choices"": [""attribution"", ""ethnicity/race""]}]",
20240910_trump_harris,MUIR,Vice President Harris thank you. Linsey?,False,[],
20240910_trump_harris,DAVIS,"President Trump, this is now your third time --",False,[],
20240910_trump_harris,TRUMP,"This is the most divisive presidency in the history of our country. There's never been anything like it. They're destroying our country. And they come up with things like what she just said going back many, many years when a lot of people including Mayor Bloomberg agreed with me on the Central Park Five. They admitted--they said, they pled guilty. And I said, well, if they pled guilty they badly hurt a person, killed a person ultimately. And if they pled guilty--then they pled we're not guilty. But this is a person that has to stretch back years, 40, 50 years ago because there's nothing now. I built one of the greatest economies in the history of the world and I'm gonna build it again. It's going to be bigger, better and stronger. But they're destroying our economy. They have no idea what a good economy is. Their oil policies--every single policy--and remember this. She is Biden. She's trying to get away from Biden. I don't know the gentleman, she says. She is Biden. The worst inflation we've ever had. A horrible economy because inflation has made it so bad. And she can't get away with that.",True,"[{""start"": 0, ""end"": 67, ""text"": ""This is the most divisive presidency in the history of our country."", ""reason_text"": """", ""reason_choices"": []}, {""start"": 223, ""end"": 304, ""text"": ""a lot of people including Mayor Bloomberg agreed with me on the Central Park Five"", ""reason_text"": """", ""reason_choices"": []}, {""start"": 306, ""end"": 349, ""text"": ""They admitted--they said, they pled guilty."", ""reason_text"": """", ""reason_choices"": []}, {""start"": 599, ""end"": 664, ""text"": ""I built one of the greatest economies in the history of the world"", ""reason_text"": """", ""reason_choices"": []}, {""start"": 982, ""end"": 1074, ""text"": ""The worst inflation we've ever had. A horrible economy because inflation has made it so bad."", ""reason_text"": """", ""reason_choices"": []}]",
20240910_trump_harris,MUIR,"Mr. President, thank you, your time is up. Linsey --",False,[],
20240910_trump_harris,HARRIS,"I want to respond to that, though. I want to just respond briefly. Clearly, I am not Joe Biden. And I am certainly not Donald Trump. And what I do offer is a new generation of leadership for our country. One who believes in what is possible, one who brings a sense of optimism about what we can do instead of always disparaging the American people. I believe in what we can do to strengthen our small businesses, which is why I have a plan. Let's talk about our plans. And, and let's compare the plans. I have a plan to give startup businesses $50,000 tax deduction, to pursue their ambitions, their innovation, their ideas, their hard work. I have a plan. $6,000 for young families for the first year of your child's life. To help you in that most critical stage of your child's development. I have a plan that is about allowing people to be able to pursue what has been fleeting in terms of the American dream, by offering a help with down payment of $25,000, down payment assistance for first-time home buyers. That's the kind of conversation I believe, David, that people really want tonight as opposed to a conversation that is constantly about belittling and name-calling. Let's turn the page and move forward.",False,[],
20240910_trump_harris,MUIR,"Vice President Harris, thank you. Let's turn to policy--let's turn back to policy.",False,[],
20240910_trump_harris,DAVIS,"President Trump, we have to move on. President Trump --[crosstalk]",False,[],
20240910_trump_harris,TRUMP,She is destroying our country.,False,[],
20240910_trump_harris,MUIR,"Let's turn to policy, please?",False,[],
20240910_trump_harris,TRUMP,She has a plan to defund the police. She has a flan--plan to confiscate everybody's gun.,True,"[{""start"": 0, ""end"": 36, ""text"": ""She has a plan to defund the police."", ""reason_text"": """", ""reason_choices"": []}, {""start"": 37, ""end"": 88, ""text"": ""She has a flan--plan to confiscate everybody's gun."", ""reason_text"": """", ""reason_choices"": []}]",
20240910_trump_harris,DAVIS,President Trump we do have to--,False,[],
20240910_trump_harris,TRUMP,She has a plan to not allow fracking in Pennsylvania or anywhere else. That's what her plan is until just recently.,True,"[{""start"": 0, ""end"": 69, ""text"": ""She has a plan to not allow fracking in Pennsylvania or anywhere else"", ""reason_text"": """", ""reason_choices"": [""stance/support"", ""political""]}]",
20240910_trump_harris,DAVIS,"President Trump, President Trump.",False,[],
20240910_trump_harris,HARRIS,The former president has said something twice and I need to respond too. I just need to respond one time to what he has said multiple times.,False,[],
20240910_trump_harris,DAVIS,"I'm sorry, we're going to move on, Vice President Harris. [To President Trump:] This is now your third time running for president. you have long vowed to repeal and replace the Affordable Care Act, also known as Obamacare. You have failed to accomplish that. You now say you're going to keep Obamacare. Quote, unless we can do something much better. Last month you said, quote, we're working on it. So tonight, nine years after you first started running, do you have a plan and can you tell us what it is?",False,[],
20240910_trump_harris,TRUMP,"Obamacare was lousy health care. Always was. It's not very good today. And what I said, that if we come up with something, and we are working on things, we're going to do it and we're going to replace it. But remember this. I inherited Obamacare because Democrats wouldn't change it. They wouldn't vote for it. They were unanimous. They wouldn't vote to change it. If they woulda done that, we woulda had a much better plan than Obamacare. But the Democrats came up, they wouldn't vote for it. I had a choice to make when I was President, do I save it and make it as good as it can be? Never gonna be great. Or do I let it rot? And I felt I had an obligation, even though politically it would have been good to just let it rot and let it go away. I decided--and I told my people, the top people, and they're very good people--I have a lot of good people in this -- that administration. We read about the bad ones. We had some real bad ones too. And so do they. They have really bad ones. The difference is they don't get rid of 'em. But let me just explain. I had a choice to make do I save it and make it as good as it can be, or do I let it rot? And I saved it. I did the right thing. But it's still never going to be great. And it's too expensive for people. And what we will do is we're looking at different plans. If we can come up with a plan that's going to cost our people, our population, less money and be better health care than Obamacare, then I would absolutely do it. But until then, I'd run it as good as it can be run.",True,"[{""start"": 1231, ""end"": 1260, ""text"": ""it's too expensive for people"", ""reason_text"": """", ""reason_choices"": [""vague quantitative"", ""economic"", ""medical""]}]",
20240910_trump_harris,DAVIS,"So just a yes or no, you still do not have a plan?",False,[],
20240910_trump_harris,TRUMP,I have concepts of a plan. I'm not President right now. But if we come up with something I would only change it if we come up with something that's better and less expensive. And there are concepts and options we we have to do that. And you'll be hearing about it in the not-too-distant future.,False,[],
20240910_trump_harris,DAVIS,"Vice president Harris, in 2017 you supported Bernie Sanders' proposal to do away with private insurance and create a government-run health care system. Two years later you proposed a plan that included a private insurance option. What is your plan today?",False,[],
20240910_trump_harris,HARRIS,"Well, first of all, I absolutely support and over the last four years as Vice President, private health care options. But what we need to do is maintain and grow the Affordable Care Act. But I, I'll get to that, Linsey. I just need to respond to a previous point that the former President has made. I've made very clear my position on fracking. And then this business about taking everyone's guns away. Tim Walz and I are both gun owners. We're not taking anybody's guns away. So stop with the continuous lying about this stuff. As it relates to the Affordable Care Act, understand, just look at the history to know where people stand. When Donald Trump was president, 60 times he tried to get rid of the Affordable Care Act. 60 times. I was a Senator at the time. When, I will never forget the early morning hours when it was up for a vote in the United States Senate and the late great John McCain, who you have disparaged as being--uh, you don't like him, you said at the time, because he got caught, he was an American hero. The late great John McCain, I will never forget that night. Walked onto the Senate floor and said no, you don't. No, you don't. No, you don't get rid of the Affordable Care Act. You have no plan. And what the Affordable Care Act has done is eliminate the ability of insurance companies to deny people with pre-existing conditions. I don't have to tell the people watching tonight, you remember what that was like? Remember when an insurance company could deny if a child had asthma, if someone was a breast cancer survivor, if a grandparent had diabetes? And thankfully, as I've been Vice President and we over the last four years have strengthened the Affordable Care Act, we have allowed for the first time Medicare to negotiate drug prices on behalf of you the American people. Donald Trump said he was gonna allow Medicare to negotiate dr, drug prices. He never did. We did. And now we have capped the cost of insulin at $35 a month. Since I've been Vice President we have capped the cost of prescription medication for seniors at $2,000 a year. And when I am President we will do that for all people understanding that the value I bring to this is that access to health care should be a right and not just a privilege of those who can afford it. And the plan has to be to strengthen the Affordable Care Act, not get rid of it--",True,"[{""start"": 636, ""end"": 735, ""text"": ""When Donald Trump was president, 60 times he tried to get rid of the Affordable Care Act. 60 times."", ""reason_text"": """", ""reason_choices"": [""numerical absolute"", ""attribution"", ""economic"", ""medical""]}, {""start"": 1886, ""end"": 1898, ""text"": ""He never did"", ""reason_text"": """", ""reason_choices"": [""attribution"", ""economic"", ""medical""]}, {""start"": 1900, ""end"": 1906, ""text"": ""We did"", ""reason_text"": """", ""reason_choices"": [""attribution"", ""economic"", ""medical""]}, {""start"": 1916, ""end"": 1965, ""text"": ""we have capped the cost of insulin at $35 a month"", ""reason_text"": """", ""reason_choices"": [""numerical absolute"", ""economic"", ""medical""]}, {""start"": 1967, ""end"": 2078, ""text"": ""Since I've been Vice President we have capped the cost of prescription medication for seniors at $2,000 a year."", ""reason_text"": """", ""reason_choices"": [""numerical absolute"", ""economic"", ""medical""]}]",
20240910_trump_harris,DAVIS,Thank you--,False,[],
20240910_trump_harris,HARRIS,--the past is prologue in terms of where Donald Trump stands on that.,False,[],
20240910_trump_harris,DAVIS,I want to move to an issue that's important --,False,[],
20240910_trump_harris,TRUMP,"She made a mistake. Number one, John McCain fought Obamacare for ten years. But it wasn't only him. It was, all of the Democrats that kept it going. And you know what? We could do much better than Obamacare. Much less money. But she won't improve private insurance for people. Private, medical insurance. That's another thing she doesn't want to get.--",True,"[{""start"": 32, ""end"": 74, ""text"": ""John McCain fought Obamacare for ten years"", ""reason_text"": """", ""reason_choices"": [""stance/support""]}]",
20240910_trump_harris,DAVIS,President Trump--,False,[],
20240910_trump_harris,TRUMP,--People are paying privately for insurance that have worked hard and made money and they want to have private. She wants everybody to be on government insurance where you wait six months for an operation that you need immediately.,True,"[{""start"": 141, ""end"": 230, ""text"": ""government insurance where you wait six months for an operation that you need immediately"", ""reason_text"": """", ""reason_choices"": [""numerical absolute"", ""medical""]}]",
20240910_trump_harris,DAVIS,"President Trump, thank you. We have another issue that we'd like to get to that's important for a number of Americans, in particular younger voters, and that's climate change. President Trump, with regard to the environment, you say that we have to have clean air and clean water. Vice President Harris, you call climate change an existential threat. The question to you both tonight is what would you do to fight climate change? And Vice President Harris, we'll start with you. One minute for you each.",False,[],
20240910_trump_harris,HARRIS,"Well, the former President had said that climate change is a hoax. And what we know is that it is very real. You ask anyone who lives in a state who has experienced these extreme weather occurrences, who now is either being denied home insurance or is being jacked up. You ask anybody who has been um, the victim of what that means in terms of losing their home, having nowhere to go. We know that we can actually deal with this issue. The young people of America care deeply about this issue. And I am proud that as Vice President over the last four years we have invested a trillion dollars in a clean energy economy while we have also increased domestic gas production to historic levels. We have created over 800,000 new manufacturing jobs while I have been Vice President. We have invested in clean energy to the point that we are opening up factories around the world. Donald Trump said he was going to create manufacturing jobs. He lost manufacturing jobs. And I'm also proud to have the endorsement of the United Auto Workers and Shawn Fain, who also know that part of building a clean energy economy includes investing in American-made products, American automobiles. It includes growing what we can do around American manufacturing and opening up auto plants, not closing them like happened under Donald Trump.",True,"[{""start"": 6, ""end"": 65, ""text"": ""the former President had said that climate change is a hoax"", ""reason_text"": """", ""reason_choices"": [""attribution"", ""conspiratorial"", ""stance/support"", ""environment""]}, {""start"": 218, ""end"": 267, ""text"": ""being denied home insurance or is being jacked up"", ""reason_text"": """", ""reason_choices"": [""economic"", ""environment""]}, {""start"": 532, ""end"": 618, ""text"": ""over the last four years we have invested a trillion dollars in a clean energy economy"", ""reason_text"": """", ""reason_choices"": [""numerical absolute"", ""environment""]}, {""start"": 625, ""end"": 690, ""text"": ""we have also increased domestic gas production to historic levels"", ""reason_text"": """", ""reason_choices"": [""vague quantitative"", ""ranking"", ""other""]}, {""start"": 692, ""end"": 777, ""text"": ""We have created over 800,000 new manufacturing jobs while I have been Vice President."", ""reason_text"": """", ""reason_choices"": [""numerical absolute"", ""economic"", ""other""]}, {""start"": 936, ""end"": 962, ""text"": ""He lost manufacturing jobs"", ""reason_text"": """", ""reason_choices"": [""vague quantitative"", ""economic"", ""other""]}, {""start"": 1287, ""end"": 1319, ""text"": ""like happened under Donald Trump"", ""reason_text"": """", ""reason_choices"": [""economic"", ""other""]}]",
20240910_trump_harris,DAVIS,"Vice President Harris, thank you.",False,[],
20240910_trump_harris,TRUMP,"That didn't happen under Donald Trump. Let me just tell you, they lost 10,000 manufacturing jobs this last month. It's going--they're all leaving. They're building big auto plants in Mexico. In many cases owned by China. They're building these massive plants, and they think they're going to sell their cars into the United States because of these people. What they have given to China is unbelievable. But we're not going to let that. We'll put tariffs on those cars so they can't come into our country. Because they will kill the United Auto Workers and any auto worker, whether it's in Detroit or South Carolina or any other place. What they've done to business and manufacturing in this country is horrible. We have nothing because they, they refuse--you know, Biden doesn't go after people because supposedly China paid him millions of dollars. He's afraid to do it. Between him and his son. They get all this money from Ukraine. They get all this money from all of these different countries. And then you wonder why is he so loyal to this one, that one Ukraine, China? Why is he? Why did he get 3 1/2 million dollars from the mayor of Moscow's wife? Why did he get--why did she pay him 3 1/2 million dollars? This is a crooked administration, and they're selling our country down the tubes.",True,"[{""start"": 61, ""end"": 112, ""text"": ""they lost 10,000 manufacturing jobs this last month"", ""reason_text"": """", ""reason_choices"": [""numerical absolute"", ""economic"", ""other""]}, {""start"": 147, ""end"": 220, ""text"": ""They're building big auto plants in Mexico. In many cases owned by China."", ""reason_text"": """", ""reason_choices"": [""vague quantitative"", ""economic"", ""geopolitical"", ""other""]}, {""start"": 814, ""end"": 848, ""text"": ""China paid him millions of dollars"", ""reason_text"": """", ""reason_choices"": [""conspiratorial"", ""political"", ""geopolitical"", ""personal life""]}, {""start"": 1094, ""end"": 1154, ""text"": ""he get 3 1/2 million dollars from the mayor of Moscow's wife"", ""reason_text"": """", ""reason_choices"": [""numerical absolute"", ""political"", ""geopolitical"", ""personal life""]}, {""start"": 1180, ""end"": 1213, ""text"": ""she pay him 3 1/2 million dollars"", ""reason_text"": """", ""reason_choices"": [""numerical absolute"", ""political"", ""geopolitical"", ""personal life""]}]",
20240910_trump_harris,DAVIS,"President Trump, thank you.",False,[],
20240910_trump_harris,TRUMP,Thank you.,False,[],
20240910_trump_harris,MUIR,"We'll be right back with closing statements from both of our candidates. An historic night, this ABC News Presidential Debate from Philadelphia. Back in a moment. [commercial break] The time has come for closing statements. And Vice President Harris, we begin with you.",False,[],
20240910_trump_harris,HARRIS,"So I think you've heard tonight two very different visions for our country. One that is focused on the future and the other that is focused on the past. And an attempt to take us backward. But we're not going back. And I do believe that the American people know we all have so much more in common than what separates us, and we can chart a new way forward. And a vision of that includes having a plan, understanding the aspirations, the dreams, the hopes, the ambition of the American people, which is why I intend to create an opportunity economy, investing in small businesses, in new families, in what we can do around protecting seniors, what we can do that is about giving hard-working folks a break in bringing down the cost of living. I believe in what we can do together that is about sustaining America's standing in the world and ensuring we have the respect that we so rightly deserve including respecting our military and ensuring we have the most lethal fighting force in the world. I will be a President that will protect our fundamental rights and freedoms including the right of a woman to make decisions about her own body and not have her government tell her what to do. I'll tell you, I started my career as a prosecutor. I was a D.A. I was an attorney general. A United States Senator. And now Vice President. I've only had one client. The people. And I'll tell you, as a prosecutor I never asked a victim or a witness are you a Republican or a Democrat. The only thing I ever asked them, are you okay? And that's the kind of president we need right now. Someone who cares about you and is not putting themselves first. I intend to be a president for all Americans and focus on what we can do over the next 10 and 20 years to build back up our country by investing right now in you the American people.",False,[],
20240910_trump_harris,DAVIS,"Vice President Harris, thank you. President Trump?",False,[],
20240910_trump_harris,TRUMP,"So, she just started by saying she's gonna to do this, she's gonna to do that, she's gonna to do all these wonderful things. Why hasn't she done it? She's been there for 3 1/2 years. They've had 3 1/2 years to fix the border. They've had 3 1/2 years to create jobs and all the things we talked about. Why hasn't she done it? She should leave right now, go down to that beautiful White House, go to the Capitol, get everyone together and do the things you want to do. But you haven't done it. And you won't do it. Because you believe in things that the American people don't believe in. You believe in things like, we're not going to frack. We're not going to take fossil fuel. We're not going to do--things that are going to make this country strong, whether you like it or not. Germany tried that and within one year they were back to building normal energy plants. We're not ready for it. We can't sacrifice our country for the sake of bad vision. But I just ask one simple question. Why didn't she do it? We're a failing nation. We're a nation that's in serious decline. We're being laughed at all over the world. All over the world, they laugh, I know the leaders very well. They're coming to see me. They call me. We're laughed at all over the world. They don't understand what happened to us as a nation. We're not a leader. We don't have any idea what's going on. We have wars going on in the Middle East. We have wars going on with Russia and Ukraine. We're going to end up in a third World War. And it will be a war like no other because of nuclear weapons, the power of weaponry. I rebuilt our entire military. She gave a lot of it away to the Taliban. She gave it to Afghanistan. What these people have done to our country, and maybe toughest of all is allowing millions of people to come into our country, many of them are criminals, and they're destroying our country. The worst President, the worst Vice President in the history of our country.",True,"[{""start"": 779, ""end"": 866, ""text"": ""Germany tried that and within one year they were back to building normal energy plants."", ""reason_text"": """", ""reason_choices"": [""environment"", ""other""]}, {""start"": 1590, ""end"": 1619, ""text"": ""I rebuilt our entire military"", ""reason_text"": """", ""reason_choices"": [""political"", ""other""]}, {""start"": 1621, ""end"": 1661, ""text"": ""She gave a lot of it away to the Taliban"", ""reason_text"": """", ""reason_choices"": [""political"", ""geopolitical""]}, {""start"": 1663, ""end"": 1689, ""text"": ""She gave it to Afghanistan"", ""reason_text"": """", ""reason_choices"": [""political"", ""geopolitical""]}, {""start"": 1764, ""end"": 1816, ""text"": ""allowing millions of people to come into our country"", ""reason_text"": """", ""reason_choices"": [""numerical absolute"", ""political"", ""immigration""]}, {""start"": 1818, ""end"": 1844, ""text"": ""many of them are criminals"", ""reason_text"": """", ""reason_choices"": [""vague quantitative"", ""immigration"", ""crime/law""]}]",
20240910_trump_harris,DAVIS,President Trump thank you. And that is our ABC News presidential debate from here in Philadelphia at the National Constitution Center. I'm Linsey Davis.,False,[],
20240910_trump_harris,MUIR,"And I'm David Muir. Thank you for watching here in the U.S. And all over the world. And from all of us here at ABC News, good night.",False,[],
