debate_id,turn_index,span_index,speaker,start,end,text,reason,reason_form,reason_frame,reason_domain,turn_char_len,turn_word_len,span_char_len,span_word_len,rel_start,rel_end,rel_len
20001003_gore_bush,0,0,GORE,252,309,I have actually not questioned Governor Bush’s experience,,['non-quantitative fact'],['speech attribution'],['domestic politics'],1742,307,57,8,0.1446613088404133,0.17738231917336394,0.032721010332950634
20001003_gore_bush,0,1,GORE,890,932,I will cut taxes for middle-class families,TODO,['non-quantitative fact'],['stance'],['economy'],1742,307,42,7,0.5109070034443168,0.5350172215843858,0.024110218140068886
20001003_gore_bush,1,0,BUSH,198,322,I want to take one-half of the surplus and dedicate it to Social Security. One-quarter of the surplus for important projects,,['non-quantitative fact'],['stance'],['economy'],945,166,124,21,0.20952380952380953,0.34074074074074073,0.1312169312169312
20001003_gore_bush,1,1,BUSH,328,406,I want to send one-quarter of the surplus back to the people who pay the bills,,['non-quantitative fact'],['stance'],['economy'],945,166,78,16,0.3470899470899471,0.42962962962962964,0.08253968253968254
20001003_gore_bush,1,2,BUSH,527,582,which will increase the size of government dramatically,,['forecast'],[],['domestic politics'],945,166,55,8,0.5576719576719577,0.6158730158730159,0.0582010582010582
20001003_gore_bush,1,3,BUSH,584,669,His plan is three times larger than President Clinton’s proposed plan eight years ago,,"['comparison', 'temporal reference']",['stance'],['domestic politics'],945,166,85,14,0.617989417989418,0.707936507936508,0.08994708994708994
20001003_gore_bush,1,4,BUSH,671,770,"It is a plan that will have 200 new programs — expanded programs and creates 20,000 new bureaucrats",,"['quantitative precise', 'forecast']",['stance'],['domestic politics'],945,166,99,18,0.71005291005291,0.8148148148148148,0.10476190476190476
20001003_gore_bush,2,0,GORE,170,396,"Under Governor Bush’s tax cut proposal, he would spend more money on tax cuts for the wealthiest 1% than all of the new spending that he proposes for education, health care, prescription drugs and national defense all combined",,['comparison'],['stance'],"['economy', 'health/medicine', 'education', 'defense/military']",1176,216,226,38,0.1445578231292517,0.336734693877551,0.1921768707482993
20001003_gore_bush,2,1,GORE,448,606,"under my proposal, for every dollar that I propose in spending for things like education and health care, I will put another dollar into middle class tax cuts",,['quantitative precise'],['stance'],['economy'],1176,216,158,28,0.38095238095238093,0.5153061224489796,0.13435374149659865
20001003_gore_bush,2,2,GORE,612,715,"for every dollar that I spend in those two categories, I’ll put $2 toward paying down the national debt",,['quantitative precise'],['stance'],['economy'],1176,216,103,19,0.5204081632653061,0.6079931972789115,0.08758503401360544
20001003_gore_bush,2,3,GORE,882,927,Our country has cut the welfare rolls in half,,['quantitative precise'],['behavioral attribution'],['economy'],1176,216,45,9,0.75,0.7882653061224489,0.03826530612244898
20001003_gore_bush,2,4,GORE,929,1016,I fought hard from my days in the Senate and as vice president to cut the welfare rolls,,['non-quantitative fact'],"['behavioral attribution', 'stance']","['economy', 'domestic politics']",1176,216,87,18,0.7899659863945578,0.8639455782312925,0.07397959183673469
20001003_gore_bush,3,0,BUSH,147,242,over the next ten years it is going to be $25 trillion of revenue that comes into our treasurey,,"['forecast', 'temporal reference']",[],['economy'],968,181,95,19,0.1518595041322314,0.25,0.0981404958677686
20001003_gore_bush,3,1,BUSH,247,282,we anticipate spending $21 trillion,,['non-quantitative fact'],[],['economy'],968,181,35,5,0.25516528925619836,0.29132231404958675,0.03615702479338843
20001003_gore_bush,3,2,BUSH,404,454,the $25 trillion that are coming into the treasury,,['non-quantitative fact'],[],['economy'],968,181,50,9,0.41735537190082644,0.4690082644628099,0.05165289256198347
20001003_gore_bush,4,0,BUSH,144,222,I’ve been the chief executive officer of the second biggest state in the union,,['ranking'],['behavioral attribution'],['domestic politics'],518,95,78,14,0.277992277992278,0.42857142857142855,0.15057915057915058
20001003_gore_bush,5,0,GORE,166,341,"He spends more money for tax cuts for the wealthiest 1% than all of his new spending proposals for health care, prescription drugs, education and national defense all combined",,['comparison'],"['behavioral attribution', 'stance']","['economy', 'health/medicine', 'education', 'defense/military']",591,108,175,29,0.2808798646362098,0.5769881556683587,0.2961082910321489
20001003_gore_bush,7,0,BUSH,30,110,I’ve said that eight years ago they campaigned on prescription drugs for seniors,,"['non-quantitative fact', 'temporal reference']",['speech attribution'],"['health/medicine', 'domestic politics']",2221,397,80,13,0.0135074290859973,0.049527239981990094,0.03601981089599279
20001003_gore_bush,7,1,BUSH,116,188,four years ago they campaigned on getting prescription drugs for seniors,,"['non-quantitative fact', 'temporal reference']","['behavioral attribution', 'stance']","['health/medicine', 'domestic politics']",2221,397,72,11,0.05222872579918955,0.08464655560558307,0.03241782980639352
20001003_gore_bush,7,2,BUSH,198,259,they’re campaigning on getting prescription drugs for seniors,,['non-quantitative fact'],"['behavioral attribution', 'stance']",['health/medicine'],2221,397,61,8,0.08914903196758217,0.11661413777577667,0.027465105808194508
20001003_gore_bush,7,3,BUSH,628,803,"I’ve got a plan on Medicare, for example, that’s a two-stage plan that says we’ll have immediate help for seniors and what I call immediate Helping Hand, a $48 billion program",,['non-quantitative fact'],['stance'],['health/medicine'],2221,397,175,31,0.28275551553354344,0.3615488518685277,0.07879333633498424
20001003_gore_bush,8,0,GORE,11,79,under my plan all seniors will get prescription drugs under Medicare,,['non-quantitative fact'],['stance'],['health/medicine'],1001,183,68,11,0.01098901098901099,0.07892107892107893,0.06793206793206794
20001003_gore_bush,8,1,GORE,81,136,The governor has described Medicare as a government HMO,,['non-quantitative fact'],['speech attribution'],['health/medicine'],1001,183,55,9,0.08091908091908091,0.13586413586413587,0.054945054945054944
20001003_gore_bush,8,2,GORE,459,486,Medicare pays half the cost,,['quantitative precise'],[],['health/medicine'],1001,183,27,5,0.45854145854145856,0.4855144855144855,0.026973026973026972
20001003_gore_bush,8,3,GORE,488,598,"If you’re in a very poor family or if you have very high costs, Medicare will pay all the costs, a $25 premium",,"['quantitative precise', 'quantitative vague']",[],"['economy', 'health/medicine']",1001,183,110,23,0.4875124875124875,0.5974025974025974,0.10989010989010989
20001003_gore_bush,8,4,GORE,701,806,95% of all seniors would get no help whatsoever under my opponent’s plan for the first four or five years,,"['quantitative precise', 'forecast', 'temporal reference']",['stance'],[],1001,183,105,20,0.7002997002997003,0.8051948051948052,0.1048951048951049
20001003_gore_bush,8,5,GORE,866,917,the wealthiest 1% get their tax cuts the first year,,"['non-quantitative fact', 'temporal reference']",[],['economy'],1001,183,51,10,0.8651348651348651,0.916083916083916,0.05094905094905095
20001003_gore_bush,8,6,GORE,923,1000,95% of seniors have to wait four to five years before they get a single penny,,"['quantitative precise', 'temporal reference']",[],[],1001,183,77,16,0.922077922077922,0.999000999000999,0.07692307692307693
20001003_gore_bush,9,0,BUSH,29,61,the man is running on Medi-scare,,['non-quantitative fact'],"['behavioral attribution', 'stance']","['health/medicine', 'domestic politics']",1744,315,32,6,0.016628440366972478,0.034977064220183485,0.01834862385321101
20001003_gore_bush,9,1,BUSH,698,874,"there are a lot of procedures that haven’t kept up in Medicare with the current times. No prescription drug benefits, no drug therapy, no preventative medicines, no vision care",,['non-quantitative fact'],[],['health/medicine'],1744,315,176,29,0.40022935779816515,0.5011467889908257,0.10091743119266056
20001003_gore_bush,9,2,BUSH,952,1008,"a federally controlled 132,000-page document bureaucracy",,['quantitative precise'],[],['domestic politics'],1744,315,56,6,0.5458715596330275,0.5779816513761468,0.03211009174311927
20001003_gore_bush,9,3,BUSH,1537,1606,my plan sets aside $3.4 trillion for Medicare over the next ten years,,"['quantitative precise', 'temporal reference']",['stance'],['health/medicine'],1744,315,69,13,0.8813073394495413,0.9208715596330275,0.03956422018348624
20001003_gore_bush,10,0,GORE,158,204,The governor has declined to endorse that idea,,['non-quantitative fact'],['stance'],[],1575,294,46,8,0.10031746031746032,0.1295238095238095,0.029206349206349208
20001003_gore_bush,10,1,GORE,217,290,the Republican as well as Democratic leaders in Congress have endorsed it,,['non-quantitative fact'],['stance'],[],1575,294,73,12,0.13777777777777778,0.18412698412698414,0.04634920634920635
20001003_gore_bush,10,2,GORE,413,533,"under his plan if you work out the numbers, $100 billion comes out of Medicare just for the wealthiest 1% in the tax cut",,['quantitative precise'],['stance'],"['economy', 'health/medicine']",1575,294,120,24,0.26222222222222225,0.3384126984126984,0.0761904761904762
20001003_gore_bush,10,3,GORE,619,765,"Under the governor’s plan, if you kept the same fee for service that you have now under Medicare, your premiums would go up by between 18% and 47%",,"['quantitative approximate', 'forecast']",['stance'],['health/medicine'],1575,294,146,28,0.39301587301587304,0.4857142857142857,0.0926984126984127
20001003_gore_bush,10,4,GORE,771,874,that is the study of the Congressional plan that he’s modeled his proposal on by the Medicare actuaries,,['non-quantitative fact'],"['behavioral attribution', 'epistemic']","['health/medicine', 'domestic politics']",1575,294,103,18,0.4895238095238095,0.5549206349206349,0.0653968253968254
20001003_gore_bush,10,5,GORE,1164,1232,that go to Canada regularly in order to get their prescription drugs,,['non-quantitative fact'],['anecdote'],['health/medicine'],1575,294,68,12,0.7390476190476191,0.7822222222222223,0.04317460317460318
20001003_gore_bush,10,6,GORE,1234,1293,"Under my plan, half of their costs would be paid right away",,['quantitative precise'],['stance'],[],1575,294,59,12,0.7834920634920635,0.820952380952381,0.03746031746031746
20001003_gore_bush,10,7,GORE,1295,1374,"Under Governor Bush’s plan, they would get not one penny for four to five years",,"['non-quantitative fact', 'temporal reference']",['stance'],[],1575,294,79,15,0.8222222222222222,0.8723809523809524,0.05015873015873016
20001003_gore_bush,10,8,GORE,1481,1539,there would be no limit on the premiums or the deductibles,,['non-quantitative fact'],[],['health/medicine'],1575,294,58,11,0.9403174603174603,0.9771428571428571,0.036825396825396824
20001003_gore_bush,12,0,GORE,26,84,"They get $25,000 a year income, that makes them ineligible",,['quantitative precise'],[],['economy'],85,15,58,10,0.3058823529411765,0.9882352941176471,0.6823529411764706
20001003_gore_bush,13,0,BUSH,242,307,"Under my tax plan that he continues to criticize, I set one-third",,['quantitative precise'],['stance'],['economy'],831,158,65,12,0.29121540312876054,0.3694344163658243,0.07821901323706378
20001003_gore_bush,13,1,BUSH,389,435,I also dropped the bottom rate from 15% to 10%,,"['quantitative precise', 'trend/change']",['behavioral attribution'],[],831,158,46,10,0.4681107099879663,0.5234657039711191,0.05535499398315283
20001003_gore_bush,13,2,BUSH,445,537,by far the vast majority of the help goes to people at the bottom end of the economic ladder,,['quantitative vague'],[],['economy'],831,158,92,19,0.5354993983152828,0.6462093862815884,0.11070998796630566
20001003_gore_bush,13,3,BUSH,539,653,"If you’re a family of four in Massachusetts, making $50,000, you get a 50% cut in the federal income taxes you pay",,['quantitative precise'],['anecdote'],['economy'],831,158,114,22,0.6486161251504212,0.7858002406738869,0.1371841155234657
20001003_gore_bush,13,4,BUSH,655,685,It’s from $4000 to about $2000,,['forecast'],[],[],831,158,30,6,0.7882069795427196,0.8243080625752106,0.036101083032490974
20001003_gore_bush,14,0,GORE,52,192,"If you make more than $25,000 a year you don’t get a penny of help under the Bush prescription drug proposal for at least four to five years",,"['quantitative precise', 'temporal reference']",['stance'],"['economy', 'health/medicine']",435,83,140,28,0.11954022988505747,0.4413793103448276,0.3218390804597701
20001003_gore_bush,14,1,GORE,278,329,there’s no limit on the premiums or the deductibles,,['non-quantitative fact'],[],['health/medicine'],435,83,51,9,0.639080459770115,0.7563218390804598,0.11724137931034483
20001003_gore_bush,14,2,GORE,360,434,the insurance companies say it won’t work and they won’t offer these plans,,['non-quantitative fact'],"['speech attribution', 'stance']",['health/medicine'],435,83,74,13,0.8275862068965517,0.9977011494252873,0.17011494252873563
20001003_gore_bush,17,0,GORE,18,44,I want to bring it to 100%,,['quantitative precise'],['stance'],[],76,18,26,7,0.23684210526315788,0.5789473684210527,0.34210526315789475
20001003_gore_bush,17,1,GORE,49,75,he wants to bring it to 5%,,['quantitative precise'],['stance'],[],76,18,26,7,0.6447368421052632,0.9868421052631579,0.34210526315789475
20001003_gore_bush,18,0,BUSH,234,323,"All seniors will be covered, all poor seniors will have their prescription drugs paid for",,['forecast'],['stance'],"['economy', 'health/medicine']",439,83,89,15,0.5330296127562643,0.7357630979498861,0.20273348519362186
20001003_gore_bush,20,0,BUSH,15,74,All seniors are covered under prescription drugs in my plan,,['non-quantitative fact'],['stance'],['health/medicine'],75,13,59,10,0.2,0.9866666666666667,0.7866666666666666
20001003_gore_bush,22,0,BUSH,50,83,Yours is phased in in eight years,,"['quantitative precise', 'temporal reference']",['stance'],[],84,19,33,7,0.5952380952380952,0.9880952380952381,0.39285714285714285
20001003_gore_bush,23,0,GORE,81,131,for the first four years only the poor are covered,,"['non-quantitative fact', 'temporal reference']",[],['economy'],227,45,50,10,0.3568281938325991,0.5770925110132159,0.22026431718061673
20001003_gore_bush,23,1,GORE,133,226,Middle class seniors like George McKinney and his wife are not covered for four to five years,,"['quantitative approximate', 'temporal reference']",['anecdote'],['health/medicine'],227,45,93,17,0.5859030837004405,0.9955947136563876,0.40969162995594716
20001003_gore_bush,24,0,GORE,328,405,the big oil companies that have the ability to manipulate the price from OPEC,,['non-quantitative fact'],[],['energy'],1790,319,77,14,0.18324022346368715,0.22625698324022347,0.043016759776536316
20001003_gore_bush,24,1,GORE,691,930,"I’m proposing a plan that will give tax credits and tax incentives for the rapid development of new kinds of cars and trucks and buses and factories and boilers and furnaces that don’t have as much pollution, that don’t burn as much energy",,['non-quantitative fact'],['stance'],"['energy', 'environment', 'automobiles']",1790,319,239,43,0.38603351955307263,0.5195530726256983,0.1335195530726257
20001003_gore_bush,24,2,GORE,1206,1400,"Governor Bush is proposing to open up some of our most precious environmental treasures, like the Arctic National Wildlife Refuge for the big oil companies to go in and start producing oil there",,['non-quantitative fact'],['stance'],"['energy', 'environment']",1790,319,194,33,0.6737430167597765,0.7821229050279329,0.10837988826815642
20001003_gore_bush,24,3,GORE,1436,1484,It would only give us a few months’ worth of oil,,"['quantitative vague', 'forecast']",[],['energy'],1790,319,48,11,0.8022346368715084,0.829050279329609,0.026815642458100558
20001003_gore_bush,24,4,GORE,1489,1550,the oil wouldn’t start flowing for many years into the future,,['quantitative vague'],[],['energy'],1790,319,61,11,0.8318435754189945,0.8659217877094972,0.03407821229050279
20001003_gore_bush,25,0,BUSH,34,84,I was a small oil person for a while in west Texas,,['non-quantitative fact'],['behavioral attribution'],"['energy', 'personal life']",1172,218,50,12,0.02901023890784983,0.07167235494880546,0.042662116040955635
20001003_gore_bush,25,1,BUSH,259,356,"which is a way to help low income folks, particularly here in the east to pay for high fuel bills",,['quantitative vague'],[],"['economy', 'energy']",1172,218,97,20,0.22098976109215018,0.3037542662116041,0.08276450511945392
20001003_gore_bush,25,2,BUSH,587,628,it will produce one million barrels a day,,"['quantitative precise', 'forecast']",[],['energy'],1172,218,41,8,0.5008532423208191,0.5358361774744027,0.03498293515358362
20001003_gore_bush,25,3,BUSH,636,685,we import one million barrels from Saddam Hussein,,['quantitative precise'],['behavioral attribution'],"['energy', 'international relations']",1172,218,49,8,0.5426621160409556,0.5844709897610921,0.041808873720136516
20001003_gore_bush,25,4,BUSH,1127,1171,our dependency upon foreign sources of crude,,['non-quantitative fact'],[],['energy'],1172,218,44,7,0.96160409556314,0.9991467576791809,0.03754266211604096
20001003_gore_bush,26,0,GORE,291,423,I worked to get $400 million just a couple of weeks ago. And to establish a permanent home heating oil reserve here in the northeast,,['quantitative precise'],"['behavioral attribution', 'stance']","['housing', 'energy']",973,177,132,25,0.29907502569373073,0.434737923946557,0.13566289825282632
20001003_gore_bush,26,1,GORE,555,634,"for the last few years in the Congress, we’ve faced a lot of opposition to them",,['non-quantitative fact'],['stance'],['domestic politics'],973,177,79,16,0.5704008221993834,0.6515930113052415,0.08119218910585817
20001003_gore_bush,26,2,GORE,636,710,They’ve only approved about 10% of the agenda I’ve helped to send up there,,['quantitative approximate'],"['behavioral attribution', 'stance']",['domestic politics'],973,177,74,14,0.6536485097636177,0.7297019527235354,0.07605344295991778
20001003_gore_bush,26,3,GORE,937,972,dependent on big oil or foreign oil,,['non-quantitative fact'],[],['energy'],973,177,35,7,0.9630010277492291,0.998972250770812,0.03597122302158273
20001003_gore_bush,27,0,BUSH,140,199,the vice president doesn’t believe in exploration in Alaska,,['non-quantitative fact'],['stance'],[],1557,285,59,9,0.0899165061014772,0.12780989081567115,0.03789338471419396
20001003_gore_bush,27,1,BUSH,201,281,There’s a lot of shut-in gas that we need to be moving out of Alaska by pipeline,,['quantitative vague'],[],['energy'],1557,285,80,17,0.12909441233140656,0.18047527296082208,0.05138086062941554
20001003_gore_bush,27,2,BUSH,394,436,I’m against removing dams in the northwest,,['non-quantitative fact'],['stance'],[],1557,285,42,7,0.25305073859987154,0.2800256904303147,0.02697495183044316
20001003_gore_bush,27,3,BUSH,487,529,that's a renewable energy source of energy,,['non-quantitative fact'],[],"['energy', 'environment']",1557,285,42,7,0.3127809890815671,0.3397559409120103,0.02697495183044316
20001003_gore_bush,27,4,BUSH,561,609,I was in coal country in West Virginia yesterday,,"['non-quantitative fact', 'temporal reference']",['behavioral attribution'],['energy'],1557,285,48,9,0.3603082851637765,0.3911368015414258,0.030828516377649325
20001003_gore_bush,27,5,BUSH,611,657,There is an abundant supply of coal in America,,['quantitative vague'],[],['energy'],1557,285,46,9,0.3924213230571612,0.42196531791907516,0.029543994861913937
20001003_gore_bush,27,6,BUSH,717,826,I’m going to ask the Congress for $2 billion to make sure we have the cleanest coal technologies in the world,,['non-quantitative fact'],['stance'],"['energy', 'environment']",1557,285,109,21,0.4605009633911368,0.5305073859987155,0.07000642260757868
20001003_gore_bush,27,7,BUSH,1366,1407,dependent on foreign sources of crude oil,,['non-quantitative fact'],[],['energy'],1557,285,41,7,0.8773281952472703,0.9036608863198459,0.026332691072575465
20001003_gore_bush,28,0,GORE,148,207,I strongly support new investments in clean coal technology,,['non-quantitative fact'],['stance'],"['energy', 'environment']",494,93,59,9,0.29959514170040485,0.4190283400809717,0.1194331983805668
20001003_gore_bush,28,1,GORE,209,251,I made a proposal three months ago on this,,"['non-quantitative fact', 'temporal reference']",['stance'],[],494,93,42,9,0.4230769230769231,0.5080971659919028,0.08502024291497975
20001003_gore_bush,29,0,BUSH,44,111,Less dependency upon foreign sources of crude is good for consumers,,['non-quantitative fact'],[],['energy'],165,29,67,11,0.26666666666666666,0.6727272727272727,0.40606060606060607
20001003_gore_bush,29,1,BUSH,117,164,we can do so in an environmentally friendly way,,['non-quantitative fact'],[],['environment'],165,29,47,9,0.7090909090909091,0.9939393939393939,0.28484848484848485
20001003_gore_bush,31,0,BUSH,153,229,that pill will create more abortions and cause more people to have abortions,,['forecast'],[],['abortion'],1812,344,76,13,0.08443708609271523,0.12637969094922738,0.04194260485651214
20001003_gore_bush,31,1,BUSH,979,1082,banning partial birth abortions would be a positive step to reducing the number of abortions in America,,"['forecast', 'causation']",[],['abortion'],1812,344,103,17,0.5402869757174393,0.5971302428256071,0.05684326710816777
20001003_gore_bush,31,2,BUSH,1287,1380,these laws that will encourage doctors to — to allow doctors to take the lives of our seniors,,['non-quantitative fact'],[],"['justice', 'euthanasia']",1812,344,93,18,0.7102649006622517,0.7615894039735099,0.05132450331125828
20001003_gore_bush,32,0,GORE,66,135,They determined it was medically safe for the women who use that drug,,['non-quantitative fact'],[],['abortion'],1177,217,69,13,0.056074766355140186,0.11469838572642312,0.05862361937128292
20001003_gore_bush,32,1,GORE,551,571,My opponent does not,,['non-quantitative fact'],['stance'],[],1177,217,20,4,0.46813933729821583,0.4851316907391674,0.016992353440951572
20001003_gore_bush,32,2,GORE,697,821,Governor Bush has declared to the anti-choice groups that he will appoint justices in the mold of Scalia and Clarence Thomas,,['non-quantitative fact'],"['speech attribution', 'stance']","['domestic politics', 'justice', 'abortion']",1177,217,124,21,0.5921835174171622,0.697536108751062,0.10535259133389975
20001003_gore_bush,32,3,GORE,823,903,who are known for being the most vigorous opponents of a woman’s right to choose,,['non-quantitative fact'],['stance'],['abortion'],1177,217,80,15,0.6992353440951572,0.7672047578589635,0.06796941376380629
20001003_gore_bush,35,0,GORE,182,245,he said he would order his FDA appointee to review the decision,,['non-quantitative fact'],"['speech attribution', 'stance']","['health/medicine', 'domestic politics']",344,64,63,12,0.5290697674418605,0.7122093023255814,0.18313953488372092
20001003_gore_bush,36,0,BUSH,0,67,I said I would make sure that women would be safe who used the drug,,['non-quantitative fact'],['speech attribution'],['abortion'],68,15,67,15,0.0,0.9852941176470589,0.9852941176470589
20001003_gore_bush,37,0,BUSH,0,13,I am pro-life,,['non-quantitative fact'],['stance'],['abortion'],14,3,13,3,0.0,0.9285714285714286,0.9285714285714286
20001003_gore_bush,38,0,BUSH,649,709,I’ve named four supreme court justices in the State of Texas,,['non-quantitative fact'],['behavioral attribution'],"['domestic politics', 'justice']",894,156,60,11,0.7259507829977628,0.7930648769574944,0.06711409395973154
20001003_gore_bush,39,0,GORE,454,538,the names of Scalia and Thomas are used as the benchmarks for who would be appointed,,['non-quantitative fact'],[],"['domestic politics', 'justice']",810,146,84,16,0.5604938271604938,0.6641975308641975,0.1037037037037037
20001003_gore_bush,39,1,GORE,605,669,the governor would appoint people who would overturn Roe v. Wade,,['non-quantitative fact'],['stance'],"['domestic politics', 'abortion']",810,146,64,11,0.7469135802469136,0.825925925925926,0.07901234567901234
20001003_gore_bush,40,0,BUSH,130,188,I have a record of appointing judges in the State of Texas,,['non-quantitative fact'],['behavioral attribution'],"['domestic politics', 'justice']",419,82,58,12,0.31026252983293556,0.4486873508353222,0.13842482100238662
20001003_gore_bush,44,0,GORE,6,37,Milosevic has lost the election,,['non-quantitative fact'],['behavioral attribution'],[],1527,266,31,5,0.003929273084479371,0.024230517354289455,0.020301244269810084
20001003_gore_bush,44,1,GORE,39,84,"His opponent, Kostunica, has won the election",,['non-quantitative fact'],['behavioral attribution'],[],1527,266,45,7,0.025540275049115914,0.0550098231827112,0.029469548133595286
20001003_gore_bush,44,2,GORE,105,161,Milosevic’s government refuses to release the vote count,,['non-quantitative fact'],"['behavioral attribution', 'conspiracy']",[],1527,266,56,8,0.068762278978389,0.1054354944335298,0.0366732154551408
20001003_gore_bush,44,3,GORE,501,644,he is trying to not release the votes and then go straight to a so-called runoff election without even announcing the results of the first vote,,['non-quantitative fact'],['behavioral attribution'],[],1527,266,143,26,0.3280943025540275,0.4217419777341192,0.09364767518009168
20001003_gore_bush,44,4,GORE,907,952,Milosevic has been indicted as a war criminal,,['non-quantitative fact'],[],"['war/conflict', 'crime', 'justice']",1527,266,45,8,0.5939751146037983,0.6234446627373936,0.029469548133595286
20001003_gore_bush,46,0,GORE,52,112,we have a lot of sanctions in force against Serbia right now,,['quantitative vague'],['behavioral attribution'],['international relations'],1022,187,60,12,0.050880626223091974,0.1095890410958904,0.05870841487279843
20001003_gore_bush,46,1,GORE,239,306,what the governor has said about asking the Russians to be involved,,['non-quantitative fact'],['speech attribution'],['international relations'],1022,187,67,12,0.23385518590998042,0.299412915851272,0.06555772994129158
20001003_gore_bush,46,2,GORE,377,467,they have not yet been willing to recognize Kostunica as the lawful winner of the election,,['non-quantitative fact'],['behavioral attribution'],[],1022,187,90,16,0.36888454011741684,0.4569471624266145,0.08806262230919765
20001003_gore_bush,46,3,GORE,633,690,They currently favor going forward with a runoff election,,['non-quantitative fact'],['stance'],[],1022,187,57,9,0.6193737769080235,0.675146771037182,0.05577299412915851
20001003_gore_bush,51,0,BUSH,157,174,which I supported,,['non-quantitative fact'],['stance'],[],255,48,17,3,0.615686274509804,0.6823529411764706,0.06666666666666667
20001003_gore_bush,52,0,BUSH,1289,1334,We’re having trouble meeting recruiting goals,,['non-quantitative fact'],[],['defense/military'],2003,360,45,6,0.6435346979530704,0.6660009985022466,0.022466300549176237
20001003_gore_bush,52,1,BUSH,1336,1362,We met the goals this year,,"['non-quantitative fact', 'temporal reference']",[],[],2003,360,26,6,0.6669995007488767,0.6799800299550673,0.012980529206190713
20001003_gore_bush,52,2,BUSH,1368,1422,in the previous years we have not met recruiting goals,,"['non-quantitative fact', 'temporal reference']",[],['defense/military'],2003,360,54,10,0.6829755366949576,0.7099350973539691,0.02695956065901148
20001003_gore_bush,52,3,BUSH,1424,1464,Some of our troops are not well-equipped,,['quantitative vague'],[],['defense/military'],2003,360,40,7,0.7109335996005991,0.7309036445332002,0.0199700449326011
20001003_gore_bush,52,4,BUSH,1582,1651,a billion dollar pay raise for the men and women who wear the uniform,,['quantitative precise'],[],['defense/military'],2003,360,69,14,0.7898152770843735,0.8242636045931103,0.034448327508736894
20001003_gore_bush,52,5,BUSH,1653,1719,A billion dollars more than the president recently signed into law,,"['quantitative precise', 'comparison']",['behavioral attribution'],"['domestic politics', 'justice']",2003,360,66,11,0.8252621068397404,0.8582126809785322,0.032950574138791815
20001003_gore_bush,53,0,GORE,441,564,in my ten-year budget proposal I’ve set aside more than twice as much for this purpose as Governor Bush has in his proposal,,"['quantitative approximate', 'comparison']",['stance'],[],1228,220,123,23,0.35912052117263843,0.4592833876221498,0.1001628664495114
20001003_gore_bush,53,1,GORE,1156,1180,where there’s a genocide,,['non-quantitative fact'],[],"['war/conflict', 'ethnicity/race']",1228,220,24,4,0.9413680781758957,0.9609120521172638,0.019543973941368076
20001003_gore_bush,54,0,BUSH,421,497,over half of whom will leave the service when their time of enlistment is up,,['non-quantitative fact'],['behavioral attribution'],['defense/military'],1168,216,76,15,0.3604452054794521,0.425513698630137,0.06506849315068493
20001003_gore_bush,54,1,BUSH,499,535,The captains are leaving the service,,['non-quantitative fact'],['behavioral attribution'],['defense/military'],1168,216,36,6,0.4272260273972603,0.4580479452054795,0.030821917808219176
20001003_gore_bush,54,2,BUSH,701,773,General Norman Schwartzkopf recently stood by me side and agreed with me,,['non-quantitative fact'],['stance'],['defense/military'],1168,216,72,12,0.6001712328767124,0.6618150684931506,0.06164383561643835
20001003_gore_bush,55,0,GORE,146,176,I served my country in Vietnam,,"['non-quantitative fact', 'temporal reference']",['behavioral attribution'],"['defense/military', 'war/conflict', 'personal life']",1369,255,30,6,0.10664718772826881,0.12856099342585828,0.02191380569758948
20001003_gore_bush,55,1,GORE,178,238,My father was a senator who strongly opposed the Vietnam War,,['non-quantitative fact'],"['behavioral attribution', 'stance']","['domestic politics', 'war/conflict']",1369,255,60,11,0.13002191380569758,0.17384952520087654,0.04382761139517896
20001003_gore_bush,55,2,GORE,462,518,I served for eight years in the House of Representatives,,['quantitative precise'],['behavioral attribution'],['domestic politics'],1369,255,56,10,0.337472607742878,0.3783783783783784,0.04090577063550037
20001003_gore_bush,55,3,GORE,523,601,"I served on the Intelligence Committee, specialized in looking at arms control",,['non-quantitative fact'],['behavioral attribution'],['defense/military'],1369,255,78,12,0.38203067932797663,0.4390065741417093,0.05697589481373265
20001003_gore_bush,55,4,GORE,603,698,I served for eight years in the United States Senate and served on the Armed Services Committee,,['quantitative precise'],['behavioral attribution'],"['domestic politics', 'defense/military']",1369,255,95,17,0.4404674945215486,0.5098612125639153,0.06939371804236669
20001003_gore_bush,55,5,GORE,700,769,For the last eight years I’ve served on the National Security Council,,"['non-quantitative fact', 'temporal reference']",['behavioral attribution'],['defense/military'],1369,255,69,12,0.5113221329437546,0.5617238860482103,0.050401753104455806
20001003_gore_bush,55,6,GORE,857,923,the most violent war on the continent of Europe since World War II,,"['temporal reference', 'ranking']",[],['war/conflict'],1369,255,66,13,0.6260043827611396,0.6742147552958364,0.04821037253469686
20001003_gore_bush,55,7,GORE,931,978,that’s where World War I started in the Balkans,,['non-quantitative fact'],[],['war/conflict'],1369,255,47,9,0.6800584368151936,0.7143900657414171,0.03433162892622352
20001003_gore_bush,55,8,GORE,1220,1285,The governor has proposed skipping the next generation of weapons,,['non-quantitative fact'],"['behavioral attribution', 'stance']",['defense/military'],1369,255,65,10,0.8911614317019723,0.9386413440467495,0.04747991234477721
20001003_gore_bush,56,0,BUSH,365,435,We have too much polling and focus groups going on in Washington today,"""too much"" is subjective and doesn't make the claim quantitative, but existence and prominence of polling and focus groups in governamental decisions is check-worthy",['non-quantitative fact'],[],['domestic politics'],1137,213,70,13,0.3210202286719437,0.38258575197889183,0.06156552330694811
20001003_gore_bush,58,0,GORE,174,337,"When I was in the United States Congress, I worked with former President Reagan to modernize our strategic weaponry and to pursue arms control in a responsible way",,['non-quantitative fact'],['behavioral attribution'],"['defense/military', 'nuclear armament']",639,112,163,28,0.27230046948356806,0.5273865414710485,0.25508607198748046
20001003_gore_bush,58,1,GORE,339,413,When I was in the United States Senate I worked with former President Bush,,['non-quantitative fact'],['behavioral attribution'],['domestic politics'],639,112,74,14,0.5305164319248826,0.6463223787167449,0.11580594679186229
20001003_gore_bush,58,2,GORE,428,507,I was one of only a few Democrats in the Senate to support the Persian Gulf War,,['non-quantitative fact'],"['behavioral attribution', 'stance']","['domestic politics', 'war/conflict']",639,112,79,17,0.6697965571205008,0.7934272300469484,0.12363067292644757
20001003_gore_bush,60,0,GORE,85,143,we’ve got the biggest surpluses in all of American history,,['ranking'],[],['economy'],1866,340,58,10,0.04555198285101822,0.07663451232583066,0.031082529474812434
20001003_gore_bush,60,1,GORE,314,416,"Almost half of all the tax cut benefits, as I said under Governor Bush’s plan, go to the wealthiest 1%",,['quantitative approximate'],['stance'],['economy'],1866,340,102,20,0.1682743837084673,0.22293676312968919,0.05466237942122187
20001003_gore_bush,60,2,GORE,772,889,the kind of inappropriate entertainment material that families are just heart sick that their children are exposed to,,['non-quantitative fact'],[],[],1866,340,117,18,0.4137191854233655,0.47642015005359056,0.06270096463022508
20001003_gore_bush,60,3,GORE,1064,1146,under my proposal the national debt will be completely eliminated by the year 2012,,"['forecast', 'temporal reference']",['stance'],['economy'],1866,340,82,14,0.5702036441586281,0.6141479099678456,0.04394426580921758
20001003_gore_bush,60,4,GORE,1214,1261,The governor will not put Medicare in a lockbox,,['non-quantitative fact'],['stance'],['health/medicine'],1866,340,47,9,0.6505894962486602,0.6757770632368703,0.025187566988210074
20001003_gore_bush,60,5,GORE,1598,1722,"For every new dollar that I propose for spending on health care, Governor Bush spends $3 for a tax cut for the wealthiest 1%",,"['quantitative precise', 'comparison']",['stance'],"['economy', 'health/medicine']",1866,340,124,24,0.8563772775991425,0.9228295819935691,0.06645230439442658
20001003_gore_bush,60,6,GORE,1729,1831,"for every dollar that I propose to spend on education, he spends $5 on a tax cut for the wealthiest 1%",,['quantitative precise'],['stance'],"['economy', 'education']",1866,340,102,21,0.9265809217577706,0.9812433011789925,0.05466237942122187
20001003_gore_bush,61,0,BUSH,61,197,"Under Vice President Gore’s plan, he is going to grow the federal government in the largest increase since Lyndon Baines Johnson in 1965",,"['temporal reference', 'ranking']",['stance'],['domestic politics'],1192,211,136,23,0.051174496644295304,0.16526845637583892,0.11409395973154363
20001003_gore_bush,61,1,BUSH,248,328,"We’re talking about adding to or increasing 200 programs, 20,000 new bureaucrats",,['quantitative precise'],['stance'],['domestic politics'],1192,211,80,12,0.2080536912751678,0.2751677852348993,0.06711409395973154
20001003_gore_bush,61,2,BUSH,403,479,his targeted tax cut for the middle class that excludes 50 million Americans,,['quantitative precise'],['stance'],['economy'],1192,211,76,13,0.33808724832214765,0.40184563758389263,0.06375838926174497
20001003_gore_bush,61,3,BUSH,526,565,He says he’s going to give you tax cuts,,['non-quantitative fact'],['stance'],['economy'],1192,211,39,9,0.4412751677852349,0.473993288590604,0.03271812080536913
20001003_gore_bush,61,4,BUSH,567,601,50 million of you won’t receive it,,['non-quantitative fact'],[],[],1192,211,34,7,0.47567114093959734,0.5041946308724832,0.028523489932885907
20001003_gore_bush,61,5,BUSH,603,678,He said in his speech he wants to make sure the right people get tax relief,,['non-quantitative fact'],"['speech attribution', 'stance']",['economy'],1192,211,75,16,0.5058724832214765,0.5687919463087249,0.06291946308724833
20001003_gore_bush,61,6,BUSH,792,900,"After my plan is in place, the wealthiest Americans will pay a higher percentage of taxes then they do today",,"['forecast', 'comparison']",['stance'],['economy'],1192,211,108,20,0.6644295302013423,0.7550335570469798,0.09060402684563758
20001003_gore_bush,61,7,BUSH,902,974,"the poorest of Americans, six million families, won’t pay any tax at all",,"['quantitative precise', 'forecast']",['stance'],['economy'],1192,211,72,13,0.7567114093959731,0.8171140939597316,0.06040268456375839
20001003_gore_bush,62,0,GORE,124,226,almost 30% of his proposed tax cut goes to — only to Americans that make more than $1 million per year,,['quantitative approximate'],['stance'],['economy'],280,55,102,21,0.44285714285714284,0.8071428571428572,0.36428571428571427
20001003_gore_bush,63,0,BUSH,50,157,"after my plan, the wealthiest of Americans pay more taxes of the percentage of the whole than they do today",,"['forecast', 'comparison']",['stance'],['economy'],769,142,107,20,0.06501950585175553,0.20416124837451236,0.13914174252275682
20001003_gore_bush,63,1,BUSH,169,250,"if you’re a family of four making $50,000 in Massachusetts, you get a 50% tax cut",,['quantitative precise'],[],['economy'],769,142,81,16,0.21976592977893367,0.3250975292587776,0.10533159947984395
20001003_gore_bush,63,2,BUSH,431,474,"Under my plan, they get $1800 of tax relief",,['quantitative precise'],"['stance', 'anecdote']",['economy'],769,142,43,9,0.5604681404421327,0.6163849154746424,0.055916775032509754
20001003_gore_bush,63,3,BUSH,476,537,"Under Vice President Gore’s plan, they get $145 of tax relief",,['non-quantitative fact'],"['stance', 'anecdote']",['economy'],769,142,61,11,0.6189856957087126,0.6983094928478544,0.07932379713914174
20001003_gore_bush,64,0,GORE,117,216,The analysis that he’s talking about leaves out more than half of the tax cuts that I have proposed,,['quantitative approximate'],"['stance', 'epistemic']",['economy'],1398,257,99,19,0.08369098712446352,0.15450643776824036,0.07081545064377683
20001003_gore_bush,64,1,GORE,281,440,"he spends more money on a tax cut for the wealthiest 1% than all his new proposals for prescription drugs, healthcare, education, and national defense combined",,['non-quantitative fact'],"['behavioral attribution', 'stance']","['economy', 'health/medicine', 'education', 'defense/military']",1398,257,159,26,0.2010014306151645,0.3147353361945637,0.11373390557939914
20001003_gore_bush,64,2,GORE,478,527,$665 billion over ten years for the wealthiest 1%,,"['quantitative precise', 'temporal reference']",[],['economy'],1398,257,49,9,0.3419170243204578,0.376967095851216,0.035050071530758224
20001003_gore_bush,64,3,GORE,540,614,almost 30% of it goes to Americans that make more than $1 million per year,,['quantitative approximate'],[],['economy'],1398,257,74,15,0.38626609442060084,0.43919885550786836,0.05293276108726753
20001003_gore_bush,64,4,GORE,616,685,Every middle class family is eligible for a tax cut under my proposal,,['non-quantitative fact'],['stance'],['economy'],1398,257,69,13,0.4406294706723891,0.4899856938483548,0.04935622317596566
20001003_gore_bush,65,0,BUSH,56,96,whose plan excludes 50 million Americans,,['quantitative precise'],['stance'],[],97,19,40,6,0.5773195876288659,0.9896907216494846,0.41237113402061853
20001003_gore_bush,67,0,BUSH,39,105,"If you itemize your tax return, you get no marriage penalty relief",,['causation'],[],['economy'],1075,202,66,12,0.03627906976744186,0.09767441860465116,0.061395348837209304
20001003_gore_bush,67,1,BUSH,285,366,we’ll collect $25 trillion in revenue in the next 10 years and spend $21 trillion,,"['quantitative precise', 'forecast', 'temporal reference']",[],['economy'],1075,202,81,15,0.2651162790697674,0.3404651162790698,0.07534883720930233
20001003_gore_bush,67,2,BUSH,607,832,"If you’re a single mother making $22,000 a year and you have two children, under this tax code, for every additional dollar you make, you pay a higher marginal rate on that dollar than someone making more than $200,000 a year",,"['quantitative precise', 'comparison']",[],['economy'],1075,202,225,41,0.5646511627906977,0.773953488372093,0.20930232558139536
20001003_gore_bush,67,3,BUSH,857,946,"My plan drops the rate from 15% to 10% and increases the child credit from $500 to $1,000",,"['quantitative precise', 'trend/change']",['stance'],['economy'],1075,202,89,18,0.7972093023255814,0.88,0.0827906976744186
20001003_gore_bush,69,0,GORE,299,380,I’ve also proposed a voluntary national test in the fourth grade and eighth grade,,['non-quantitative fact'],"['behavioral attribution', 'stance']",['education'],1647,303,81,14,0.18154219793564055,0.230722525804493,0.04918032786885246
20001003_gore_bush,69,1,GORE,386,433,a form of testing the governor has not endorsed,,['non-quantitative fact'],['stance'],['education'],1647,303,47,9,0.23436551305403763,0.2629022465088039,0.02853673345476624
20001003_gore_bush,69,2,GORE,564,588,I have budgeted for that,,['non-quantitative fact'],['behavioral attribution'],[],1647,303,24,5,0.3424408014571949,0.3570127504553734,0.014571948998178506
20001003_gore_bush,69,3,GORE,1257,1297,She’s the 36th student in that classroom,,['quantitative precise'],['anecdote'],['education'],1647,303,40,7,0.7632058287795993,0.7874924104432302,0.024286581663630843
20001003_gore_bush,69,4,GORE,1394,1423,she has to stand during class,,['non-quantitative fact'],['anecdote'],['education'],1647,303,29,6,0.8463873709775349,0.8639951426836673,0.017607771706132362
20001003_gore_bush,70,0,BUSH,32,101,there is no new accountability measures in Vice President Gore’s plan,,['non-quantitative fact'],['stance'],[],1443,252,69,11,0.022176022176022176,0.06999306999306999,0.04781704781704782
20001003_gore_bush,70,1,BUSH,103,137,He says he’s for voluntary testing,,['non-quantitative fact'],"['speech attribution', 'stance']",['education'],1443,252,34,6,0.07137907137907137,0.09494109494109494,0.02356202356202356
20001003_gore_bush,70,2,BUSH,362,418,You may claim you’ve got mandatory testing but you don’t,,['non-quantitative fact'],"['speech attribution', 'stance']",['education'],1443,252,56,10,0.25086625086625086,0.28967428967428965,0.038808038808038806
20001003_gore_bush,70,3,BUSH,1028,1135,We have a strong charter school movement that I signed the legislation to get started in the State of Texas,,['non-quantitative fact'],['behavioral attribution'],"['education', 'domestic politics', 'justice']",1443,252,107,20,0.7124047124047124,0.7865557865557865,0.07415107415107415
20001003_gore_bush,70,4,BUSH,1294,1341,that the vice president's running mate supports,,['non-quantitative fact'],['stance'],['domestic politics'],1443,252,47,7,0.8967428967428968,0.9293139293139293,0.03257103257103257
20001003_gore_bush,71,0,GORE,14,41,I do have mandatory testing,,['non-quantitative fact'],['stance'],['education'],2148,382,27,5,0.006517690875232775,0.019087523277467412,0.012569832402234637
20001003_gore_bush,71,1,GORE,104,286,"The voluntary national testing is in addition to the mandatory testing that we require of states. All schools, all school districts, students themselves, and required teacher testing",,['non-quantitative fact'],[],['education'],2148,382,182,27,0.048417132216014895,0.13314711359404097,0.08472998137802606
20001003_gore_bush,71,2,GORE,404,525,Governor Bush is in favor of vouchers which take taxpayer money away from public schools and give them to private schools,,['non-quantitative fact'],['stance'],"['economy', 'education']",2148,382,121,21,0.18808193668528864,0.24441340782122906,0.05633147113594041
20001003_gore_bush,71,3,GORE,526,614,that are not accountable for how the money is used and don’t have to take all applicants,,['non-quantitative fact'],[],['education'],2148,382,88,17,0.24487895716945995,0.28584729981378026,0.040968342644320296
20001003_gore_bush,71,4,GORE,981,1124,where the facilities are so overcrowded the children have to eat lunch in shifts with the first shift for lunch starting at 9:30 in the morning,,['non-quantitative fact'],['anecdote'],['education'],2148,382,143,26,0.45670391061452514,0.5232774674115456,0.06657355679702048
20001003_gore_bush,71,5,GORE,1181,1268,There are fewer parents of school-age children as a percentage of the voting population,,['trend/change'],[],['education'],2148,382,87,14,0.5498137802607076,0.590316573556797,0.040502793296089384
20001003_gore_bush,71,6,GORE,1273,1321,there is the largest generation of students ever,,['ranking'],[],['education'],2148,382,48,8,0.5926443202979516,0.6149906890130353,0.0223463687150838
20001003_gore_bush,71,7,GORE,1394,1430,90% of our kids go to public schools,,['quantitative precise'],[],['education'],2148,382,36,8,0.648975791433892,0.6657355679702048,0.01675977653631285
20001003_gore_bush,71,8,GORE,1751,1799,the way Governor Jim Hunt does in North Carolina,,['non-quantitative fact'],['behavioral attribution'],['domestic politics'],2148,382,48,9,0.8151769087523277,0.8375232774674115,0.0223463687150838
20001003_gore_bush,72,0,BUSH,234,253,which you do not do,,['non-quantitative fact'],['behavioral attribution'],[],401,80,19,5,0.5835411471321695,0.6309226932668329,0.04738154613466334
20001003_gore_bush,72,1,BUSH,275,300,You don’t test every year,,['non-quantitative fact'],['behavioral attribution'],[],401,80,25,5,0.685785536159601,0.7481296758104738,0.06234413965087282
20001003_gore_bush,75,0,GORE,95,204,our country had defeated the adversary on the battlefield without a single American life being lost in combat,,['quantitative precise'],['behavioral attribution'],['war/conflict'],1518,269,109,18,0.06258234519104085,0.13438735177865613,0.07180500658761528
20001003_gore_bush,75,1,GORE,249,522,"I invited the former prime minister of Russia to my house and took a risk in asking him to get personally involved, along with the head of Finland, to go to Belgrade and to take a set of proposals from the United States that would constitute basically a surrender by Serbia",,['non-quantitative fact'],['behavioral attribution'],"['international relations', 'war/conflict']",1518,269,273,51,0.16403162055335968,0.3438735177865613,0.17984189723320157
20001003_gore_bush,75,2,GORE,656,698,I have been in public service for 24 years,,['quantitative precise'],['behavioral attribution'],['domestic politics'],1518,269,42,9,0.4321475625823452,0.4598155467720685,0.02766798418972332
20001003_gore_bush,75,3,GORE,804,939,"I have been willing to stand up to powerful interests like the big insurance companies, the drug companies, the HMOs, the oil companies",,['non-quantitative fact'],['behavioral attribution'],"['health/medicine', 'energy']",1518,269,135,23,0.5296442687747036,0.6185770750988142,0.08893280632411067
20001003_gore_bush,75,4,GORE,1256,1329,The big drug companies support Governor Bush’s prescription drug proposal,,['non-quantitative fact'],['stance'],['health/medicine'],1518,269,73,10,0.8274044795783926,0.8754940711462451,0.04808959156785244
20001003_gore_bush,75,5,GORE,1331,1396,They oppose mine because they don’t want to get Medicare involved,,"['non-quantitative fact', 'causation']",['stance'],['health/medicine'],1518,269,65,11,0.8768115942028986,0.919631093544137,0.04281949934123847
20001003_gore_bush,75,6,GORE,1474,1517,who currently pay the highest prices of all,,['ranking'],['behavioral attribution'],[],1518,269,43,8,0.9710144927536232,0.9993412384716732,0.028326745718050064
20001003_gore_bush,79,0,GORE,92,161,I accompanied James Lee Witt down to Texas when those fires broke out,,['non-quantitative fact'],['behavioral attribution'],['environment'],1152,211,69,13,0.0798611111111111,0.13975694444444445,0.059895833333333336
20001003_gore_bush,79,1,GORE,464,587,I have had a chance to work with him and Alan Greenspan and others on the crisis following the collapse of the Mexican peso,,['non-quantitative fact'],['behavioral attribution'],"['economy', 'international relations']",1152,211,123,24,0.4027777777777778,0.5095486111111112,0.10677083333333333
20001003_gore_bush,79,2,GORE,712,746,the euro’s value has been dropping,,['trend/change'],[],['economy'],1152,211,34,6,0.6180555555555556,0.6475694444444444,0.029513888888888888
20001003_gore_bush,79,3,GORE,825,959,when I had the honor of casting the tie-breaking vote to end the old economic plan here at home and put into place a new economic plan,,['non-quantitative fact'],"['behavioral attribution', 'stance']",['economy'],1152,211,134,27,0.7161458333333334,0.8324652777777778,0.11631944444444445
20001003_gore_bush,79,4,GORE,1002,1021,22 million new jobs,,['quantitative precise'],[],['economy'],1152,211,19,4,0.8697916666666666,0.8862847222222222,0.016493055555555556
20001003_gore_bush,82,0,GORE,352,397,I want tax cuts for the middle-class families,,['non-quantitative fact'],['stance'],['economy'],1458,256,45,8,0.24142661179698216,0.2722908093278464,0.030864197530864196
20001003_gore_bush,82,1,GORE,507,570,We have gone from the biggest deficits to the biggest surpluses,,"['trend/change', 'ranking']",[],['economy'],1458,256,63,11,0.3477366255144033,0.39094650205761317,0.043209876543209874
20001003_gore_bush,82,2,GORE,572,675,We have gone from a triple-dip recession during the previous 12 years to a tripling of the stock market,,"['quantitative precise', 'temporal reference', 'trend/change']",[],['economy'],1458,256,103,19,0.39231824417009603,0.46296296296296297,0.07064471879286695
20001003_gore_bush,82,3,GORE,709,817,we have the lowest African-American and Latin American unemployment rates in history and 22 million new jobs,,"['quantitative precise', 'ranking']",[],"['economy', 'ethnicity/race']",1458,256,108,17,0.48628257887517146,0.5603566529492455,0.07407407407407407
20001003_gore_bush,82,4,GORE,1080,1232,"I’m totally opposed to diverting one out of every six dollars out of the Social Security trust fund, as the Governor has proposed, into the stock market",,['quantitative precise'],"['behavioral attribution', 'stance']",['economy'],1458,256,152,27,0.7407407407407407,0.8449931412894376,0.10425240054869685
20001003_gore_bush,82,5,GORE,1433,1457,as the governor proposes,,['non-quantitative fact'],['stance'],[],1458,256,24,4,0.9828532235939643,0.9993141289437586,0.01646090534979424
20001003_gore_bush,83,0,BUSH,17,84,a lot of folks are still waiting for that 1992 middle-class tax cut,,"['quantitative vague', 'temporal reference']",[],['economy'],1078,197,67,13,0.015769944341372914,0.07792207792207792,0.06215213358070501
20001003_gore_bush,83,1,BUSH,97,207,"the vice president saying, “Just give us a chance to get up there, we’re going to make sure you get tax cuts.”",,['non-quantitative fact'],['speech attribution'],"['economy', 'domestic politics']",1078,197,110,22,0.08998144712430427,0.19202226345083487,0.10204081632653061
20001003_gore_bush,83,2,BUSH,208,224,It didn’t happen,,['non-quantitative fact'],[],[],1078,197,16,3,0.19294990723562153,0.2077922077922078,0.014842300556586271
20001003_gore_bush,83,3,BUSH,417,493,The Senate Budget Committee did a study of the vice president’s expenditures,,['non-quantitative fact'],"['behavioral attribution', 'epistemic']",['domestic politics'],1078,197,76,12,0.3868274582560297,0.45732838589981445,0.07050092764378478
20001003_gore_bush,83,4,BUSH,495,574,It’s been projected that they could conceivably bust the budget by $900 billion,,"['quantitative precise', 'forecast']",[],[],1078,197,79,13,0.45918367346938777,0.5324675324675324,0.07328385899814471
20001003_gore_bush,83,5,BUSH,698,771,"This is a plan that is going to increase the bureaucracy by 20,000 people",,"['quantitative precise', 'forecast']",['stance'],['domestic politics'],1078,197,73,14,0.647495361781076,0.7152133580705009,0.06771799628942486
20001003_gore_bush,84,0,GORE,25,77,What he’s quoting is not the Senate Budget Commiitte,,['non-quantitative fact'],['speech attribution'],['domestic politics'],1043,190,52,9,0.023969319271332695,0.0738255033557047,0.04985618408437201
20001003_gore_bush,84,1,GORE,79,159,it is a partisan press release by the Republicans on the Senate Budget Committee,,['non-quantitative fact'],['speech attribution'],['domestic politics'],1043,190,80,14,0.07574304889741132,0.15244487056567593,0.07670182166826463
20001003_gore_bush,84,2,GORE,304,376,the size of the federal government will go down in a Gore administration,,['forecast'],['stance'],['domestic politics'],1043,190,72,13,0.2914669223394056,0.3604985618408437,0.06903163950143816
20001003_gore_bush,84,3,GORE,446,508,"It is 300,000 people smaller today than it was eight years ago",,"['quantitative precise', 'comparison', 'temporal reference']",[],[],1043,190,62,12,0.4276126558005753,0.48705656759348037,0.059443911792905084
20001003_gore_bush,84,4,GORE,809,939,"having a $1.9 trillion tax cut, almost half of which goes to the wealthy, and a $1 trillion Social Security privatization proposal",,"['quantitative precise', 'quantitative approximate']",['stance'],['economy'],1043,190,130,22,0.775647171620326,0.900287631831256,0.12464046021093
20001003_gore_bush,85,0,BUSH,46,64,It is 1.3 trillion,,['quantitative precise'],[],[],314,63,18,4,0.1464968152866242,0.20382165605095542,0.05732484076433121
20001003_gore_bush,85,1,BUSH,85,123,It will go to everybody who pays taxes,,['non-quantitative fact'],[],['economy'],314,63,38,8,0.27070063694267515,0.39171974522292996,0.12101910828025478
20001003_gore_bush,87,0,GORE,344,397,That extends the life of Social Security for 55 years,,"['quantitative precise', 'forecast', 'causation']",[],['economy'],1711,307,53,10,0.201052016364699,0.2320280537697253,0.030976037405026302
20001003_gore_bush,87,1,GORE,617,682,there are millions of seniors who are living almost hand to mouth,,['quantitative approximate'],[],['economy'],1711,307,65,12,0.36060783167738164,0.3985973115137347,0.03798947983635301
20001003_gore_bush,87,2,GORE,747,765,I am opposed to it,,['non-quantitative fact'],['stance'],[],1711,307,18,5,0.43658679135008766,0.44710695499707775,0.010520163646990065
20001003_gore_bush,87,3,GORE,767,865,I’m also opposed to a plan that diverts 1 out of every $6 away from the Social Security Trust Fund,,['quantitative precise'],['stance'],['economy'],1711,307,98,20,0.4482758620689655,0.5055523085914669,0.05727644652250146
20001003_gore_bush,87,4,GORE,990,1062,The governor wants to divert 1 out of every $6 off into the stock market,,['quantitative precise'],['stance'],['economy'],1711,307,72,15,0.5786090005844535,0.6206896551724138,0.04208065458796026
20001003_gore_bush,87,5,GORE,1081,1195,he would drain a trillion dollars out of the Social Security Trust Fund in this generation over the next ten years,,"['quantitative precise', 'forecast', 'temporal reference']",[],['economy'],1711,307,114,21,0.6317942723553478,0.6984219754529515,0.06662770309760374
20001003_gore_bush,87,6,GORE,1201,1277,Social Security under that approach would go bankrupt within this generation,,"['non-quantitative fact', 'forecast']",[],['economy'],1711,307,76,11,0.7019286966686148,0.7463471654003506,0.04441846873173583
20001003_gore_bush,87,7,GORE,1279,1446,"His leading advisor on this plan actually said that would be okay, because then the Social Security Trust Fund could start borrowing. It would borrow up to $3 trillion",,['quantitative approximate'],['speech attribution'],['economy'],1711,307,167,29,0.7475160724722385,0.8451198129748685,0.09760374050263004
20001003_gore_bush,87,8,GORE,1453,1488,Social Security has never done that,,['non-quantitative fact'],['behavioral attribution'],['economy'],1711,307,35,6,0.8492109877264757,0.869666861484512,0.020455873758036237
20001003_gore_bush,88,0,BUSH,256,327,The revenues exceed the expenses in Social Security until the year 2015,,"['forecast', 'temporal reference']",[],['economy'],1742,325,71,12,0.14695752009184845,0.18771526980482203,0.04075774971297359
20001003_gore_bush,88,1,BUSH,1274,1331,the paltry 2% that the current Social Security Trust gets,,['quantitative precise'],[],['economy'],1742,325,57,10,0.7313432835820896,0.7640642939150402,0.032721010332950634
20001003_gore_bush,88,2,BUSH,1509,1542,There is $2.3 trillion of surplus,,['quantitative precise'],[],['economy'],1742,325,33,6,0.8662456946039035,0.8851894374282434,0.01894374282433984
20001003_gore_bush,89,0,GORE,268,353,Your future benefits would be cut by the amount that’s diverted into the stock market,,"['non-quantitative fact', 'forecast']",[],['economy'],1001,190,85,15,0.2677322677322677,0.35264735264735264,0.08491508491508491
20001003_gore_bush,90,0,BUSH,4,39,There’s enough money to pay seniors,,['non-quantitative fact'],[],['economy'],1080,190,35,6,0.003703703703703704,0.03611111111111111,0.032407407407407406
20001003_gore_bush,90,1,BUSH,595,638,The safest of federal investments yields 4%,,['quantitative precise'],[],['economy'],1080,190,43,7,0.5509259259259259,0.5907407407407408,0.03981481481481482
20001003_gore_bush,90,2,BUSH,640,720,That’s twice the amount of rate of return than the current Social Security Trust,,"['quantitative precise', 'comparison']",[],['economy'],1080,190,80,14,0.5925925925925926,0.6666666666666666,0.07407407407407407
20001003_gore_bush,92,0,GORE,182,309,"If you take it out of the surplus in the trust fund, that means the trust fund goes bankrupt in this generation within 20 years",,"['forecast', 'temporal reference', 'causation']",[],['economy'],310,58,127,25,0.5870967741935483,0.9967741935483871,0.4096774193548387
20001003_gore_bush,93,0,BUSH,475,558,What Mr. Gore’s plan will do causing huge payroll taxes or major benefit reductions,,"['forecast', 'causation']",['stance'],['economy'],559,101,83,14,0.8497316636851521,0.998211091234347,0.148479427549195
20001003_gore_bush,94,0,BUSH,217,279,"uttering those famous words, “No controlling legal authority.”",,['non-quantitative fact'],['speech attribution'],[],1189,227,62,8,0.1825063078216989,0.23465096719932715,0.05214465937762826
20001003_gore_bush,94,1,BUSH,1089,1156,going to a Buddhist temple and then claiming it wasn’t a fundraiser,,['non-quantitative fact'],['behavioral attribution'],['religion'],1189,227,67,12,0.9158957106812448,0.9722455845248108,0.056349873843566024
20001003_gore_bush,98,0,GORE,755,793,that are opposed by the drug companies,,['non-quantitative fact'],['stance'],['health/medicine'],1260,221,38,7,0.5992063492063492,0.6293650793650793,0.03015873015873016
20001003_gore_bush,98,1,GORE,908,951,opposed by the HMOs and insurance companies,,['non-quantitative fact'],['stance'],['health/medicine'],1260,221,43,7,0.7206349206349206,0.7547619047619047,0.034126984126984124
20001003_gore_bush,99,0,BUSH,104,179,where he said he co-sponsored the McCain-Feingold Campaign Fundraising Bill,,['non-quantitative fact'],"['speech attribution', 'behavioral attribution', 'stance']",['domestic politics'],632,120,75,10,0.16455696202531644,0.28322784810126583,0.11867088607594936
20001003_gore_bush,99,1,BUSH,185,230,he wasn’t in the Senate with Senator Feingold,,['non-quantitative fact'],['stance'],['domestic politics'],632,120,45,8,0.2927215189873418,0.3639240506329114,0.07120253164556962
20001003_gore_bush,99,2,BUSH,439,463,This man has outspent me,,['non-quantitative fact'],['behavioral attribution'],[],632,120,24,5,0.694620253164557,0.7325949367088608,0.0379746835443038
20001003_gore_bush,100,0,BUSH,118,161,I’ve campaigned on this since the primaries,,"['non-quantitative fact', 'temporal reference']","['behavioral attribution', 'stance']",['domestic politics'],416,81,43,7,0.28365384615384615,0.3870192307692308,0.10336538461538461
20001003_gore_bush,101,0,GORE,227,328,our system of government is being undermined by too much influence coming from special interest money,,['non-quantitative fact'],['conspiracy'],['domestic politics'],705,133,101,16,0.3219858156028369,0.4652482269503546,0.14326241134751774
20001003_gore_bush,101,1,GORE,451,522,24 years ago I supported full public financing of all federal elections,,"['non-quantitative fact', 'temporal reference']","['behavioral attribution', 'stance']",['domestic politics'],705,133,71,12,0.6397163120567376,0.7404255319148936,0.10070921985815603
20001003_gore_bush,102,0,BUSH,41,99,He is for full public financing of Congressional elections,,['non-quantitative fact'],['stance'],['domestic politics'],206,32,58,9,0.19902912621359223,0.48058252427184467,0.2815533980582524
20001003_gore_bush,102,1,BUSH,144,205,I don’t want the government financing congressional elections,,['non-quantitative fact'],['stance'],['domestic politics'],206,32,61,8,0.6990291262135923,0.9951456310679612,0.2961165048543689
20001003_gore_bush,104,0,GORE,429,551,"Throughout my career in public service, I have fought for the working men and women of this country, middle-class families",,['non-quantitative fact'],"['behavioral attribution', 'stance']","['economy', 'domestic politics']",1981,367,122,20,0.2165572942958102,0.27814235234729934,0.061585058051489144
20001003_gore_bush,104,1,GORE,848,895,"they do have undue influence in Washington, D.C",,['non-quantitative fact'],['conspiracy'],['domestic politics'],1981,367,47,8,0.42806663301362946,0.4517920242301868,0.023725391216557295
20040930_bush_kerry,105,0,KERRY,822,896,we’re now 90 percent of the casualties in Iraq and 90 percent of the costs,,['quantitative precise'],[],['war/conflict'],1830,340,74,15,0.4491803278688525,0.4896174863387978,0.040437158469945354
20040930_bush_kerry,105,1,KERRY,1498,1543,something this president has not yet achieved,,['non-quantitative fact'],['behavioral attribution'],[],1830,340,45,7,0.8185792349726776,0.8431693989071039,0.02459016393442623
20040930_bush_kerry,106,0,BUSH,333,408,Seventy-five percent of known Al Qaida leaders have been brought to justice,,['quantitative precise'],[],"['terrorism', 'justice']",1327,229,75,12,0.2509419743782969,0.30746043707611154,0.05651846269781462
20040930_bush_kerry,106,1,BUSH,560,594,the Taliban are no longer in power,,['non-quantitative fact'],[],['terrorism'],1327,229,34,7,0.42200452147701584,0.44762622456669177,0.02562170308967596
20040930_bush_kerry,106,2,BUSH,596,691,Ten million people have registered to vote in Afghanistan in the upcoming presidential election,,['quantitative precise'],[],[],1327,229,95,14,0.44913338357196686,0.520723436322532,0.07159005275056518
20040930_bush_kerry,106,3,BUSH,829,869,Saddam Hussein now sits in a prison cell,,['non-quantitative fact'],[],"['international relations', 'justice']",1327,229,40,8,0.624717407686511,0.6548605877920121,0.03014318010550113
20040930_bush_kerry,106,4,BUSH,1009,1027,Libya has disarmed,,['non-quantitative fact'],['behavioral attribution'],['nuclear armament'],1327,229,18,3,0.760361718161266,0.7739261492087415,0.013564431047475508
20040930_bush_kerry,106,5,BUSH,1029,1078,The A.Q. Khan network has been brought to justice,,['non-quantitative fact'],[],"['nuclear armament', 'justice']",1327,229,49,9,0.7754333082140166,0.8123587038432555,0.03692539562923888
20040930_bush_kerry,107,0,BUSH,551,644,"who will not only kill here, but kill children in Russia, that’ll attack unmercifully in Iraq",,['non-quantitative fact'],['behavioral attribution'],['terrorism'],1739,322,93,16,0.31684876365727427,0.37032777458309374,0.053479010925819435
20040930_bush_kerry,107,1,BUSH,1009,1053,Ten million citizens have registered to vote,,['quantitative precise'],[],[],1739,322,44,7,0.5802185163887291,0.6055204140310523,0.025301897642323174
20040930_bush_kerry,107,2,BUSH,1151,1198,Forty-one percent of those 10 million are women,,['quantitative precise'],[],['gender equality'],1739,322,47,8,0.6618746405980449,0.6889016676250719,0.02702702702702703
20040930_bush_kerry,108,0,KERRY,293,385,where the 9/11 Commission confirms there was no connection to 9/11 itself and Saddam Hussein,,['non-quantitative fact'],['speech attribution'],['terrorism'],1380,242,92,15,0.21231884057971015,0.27898550724637683,0.06666666666666667
20040930_bush_kerry,108,1,KERRY,391,491,"where the reason for going to war was weapons of mass destruction, not the removal of Saddam Hussein",,['non-quantitative fact'],[],"['nuclear armament', 'war/conflict']",1380,242,100,18,0.2833333333333333,0.35579710144927534,0.07246376811594203
20040930_bush_kerry,108,2,KERRY,663,921,"important military figures who are supporting me in this race: former Chairman of the Joint Chiefs of Staff John Shalikashvili; just yesterday, General Eisenhower’s son, General John Eisenhower, endorsed me; General Admiral William Crown; General Tony McBeak",,['non-quantitative fact'],['stance'],"['domestic politics', 'defense/military']",1380,242,258,37,0.48043478260869565,0.6673913043478261,0.18695652173913044
20040930_bush_kerry,108,3,KERRY,1148,1188,he escaped in the mountains of Tora Bora,,['non-quantitative fact'],['behavioral attribution'],[],1380,242,40,8,0.8318840579710145,0.8608695652173913,0.028985507246376812
20040930_bush_kerry,108,4,KERRY,1190,1211,We had him surrounded,,['non-quantitative fact'],['behavioral attribution'],[],1380,242,21,4,0.8623188405797102,0.8775362318840579,0.015217391304347827
20040930_bush_kerry,108,5,KERRY,1217,1293,"we didn’t use American forces, the best trained in the world, to go kill him",,['non-quantitative fact'],['behavioral attribution'],['defense/military'],1380,242,76,15,0.8818840579710145,0.9369565217391305,0.05507246376811594
20040930_bush_kerry,108,6,KERRY,1295,1365,The president relied on Afghan warlords and he outsourced that job too,,['non-quantitative fact'],['behavioral attribution'],"['international relations', 'war/conflict']",1380,242,70,12,0.9384057971014492,0.9891304347826086,0.050724637681159424
20040930_bush_kerry,109,0,KERRY,78,227,"saying to America that he was going to build a true alliance, that he would exhaust the remedies of the United Nations and go through the inspections",,['quantitative vague'],['speech attribution'],['international relations'],1939,357,149,27,0.040226921093347086,0.11707065497679216,0.07684373388344508
20040930_bush_kerry,109,1,KERRY,280,463,"it wasn’t until former Secretary of State Jim Baker and General Scowcroft and others pushed publicly and said you’ve got to go to the U.N., that the president finally changed his mind",,"['non-quantitative fact', 'causation']","['behavioral attribution', 'stance']","['domestic politics', 'international relations']",1939,357,183,32,0.1444043321299639,0.23878287777204746,0.09437854564208355
20040930_bush_kerry,109,2,KERRY,593,622,We had Saddam Hussein trapped,,['non-quantitative fact'],['behavioral attribution'],['war/conflict'],1939,357,29,5,0.30582774626095927,0.32078390923156264,0.014956162970603403
20040930_bush_kerry,109,3,KERRY,624,689,He also promised America that he would go to war as a last resort,,['non-quantitative fact'],['speech attribution'],['war/conflict'],1939,357,65,14,0.3218153687467767,0.3553378029912326,0.033522434244455904
20040930_bush_kerry,109,4,KERRY,737,759,who has been in combat,,['non-quantitative fact'],['behavioral attribution'],['personal life'],1939,357,22,5,0.3800928313563693,0.39143888602372356,0.011346054667354307
20040930_bush_kerry,109,5,KERRY,1032,1108,we are 90 percent of the casualties and 90 percent of the cost: $200 billion,,['quantitative precise'],[],['war/conflict'],1939,357,76,15,0.5322331098504384,0.5714285714285714,0.039195461578133056
20040930_bush_kerry,109,6,KERRY,1346,1430,"where, incidentally, there were more Americans killed last year than the year before",,"['comparison', 'trend/change']",[],[],1939,357,84,13,0.6941722537390408,0.7374935533780299,0.04332129963898917
20040930_bush_kerry,109,7,KERRY,1432,1504,where the opium production is 75 percent of the world’s opium production,,['quantitative precise'],[],['narcotics'],1939,357,72,12,0.7385250128932439,0.7756575554409489,0.037132542547705004
20040930_bush_kerry,109,8,KERRY,1512,1576,40 to 60 percent of the economy of Afghanistan is based on opium,,['quantitative approximate'],[],"['economy', 'narcotics']",1939,357,64,13,0.779783393501805,0.812790097988654,0.03300670448684889
20040930_bush_kerry,109,9,KERRY,1578,1629,where the elections have been postponed three times,,['quantitative precise'],[],[],1939,357,51,8,0.813821557503868,0.8401237751418257,0.02630221763795771
20040930_bush_kerry,109,10,KERRY,1631,1661,The president moved the troops,,['non-quantitative fact'],['behavioral attribution'],['defense/military'],1939,357,30,5,0.8411552346570397,0.8566271273852502,0.015471892728210418
20040930_bush_kerry,109,11,KERRY,1666,1739,he’s got 10 times the number of troops in Iraq than he has in Afghanistan,,"['quantitative precise', 'comparison']",['behavioral attribution'],"['defense/military', 'war/conflict']",1939,357,73,15,0.8592057761732852,0.8968540484785972,0.037648272305312015
20040930_bush_kerry,109,12,KERRY,1741,1765,where Osama bin Laden is,,['non-quantitative fact'],[],['terrorism'],1939,357,24,5,0.8978855079938113,0.9102630221763796,0.012377514182568335
20040930_bush_kerry,110,0,BUSH,60,115,declared in 2002 that Saddam Hussein was a grave threat,,"['non-quantitative fact', 'temporal reference']",['speech attribution'],['international relations'],1491,259,55,10,0.04024144869215292,0.07712944332662643,0.03688799463447351
20040930_bush_kerry,110,1,BUSH,117,262,He also said in December of 2003 that anyone who doubts that the world is safer without Saddam Hussein does not have the judgment to be president,,"['non-quantitative fact', 'temporal reference']",['speech attribution'],"['domestic politics', 'international relations']",1491,259,145,27,0.07847082494969819,0.17572099262240107,0.09725016767270288
20040930_bush_kerry,110,2,BUSH,747,834,"They passed the resolution that said, “Disclose, disarm, or face serious consequences.”",,['non-quantitative fact'],['behavioral attribution'],['nuclear armament'],1491,259,87,12,0.5010060362173038,0.5593561368209256,0.05835010060362173
20040930_bush_kerry,110,3,BUSH,908,952,Saddam Hussein had no intention of disarming,,['non-quantitative fact'],['stance'],['nuclear armament'],1491,259,44,7,0.6089872568745808,0.6384976525821596,0.029510395707578806
20040930_bush_kerry,110,4,BUSH,969,1019,He had 16 other resolutions and nothing took place,,['quantitative precise'],['behavioral attribution'],[],1491,259,50,9,0.6498993963782697,0.6834339369550637,0.0335345405767941
20040930_bush_kerry,110,5,BUSH,1097,1143,he was systematically deceiving the inspectors,,['non-quantitative fact'],['conspiracy'],[],1491,259,46,6,0.7357478202548625,0.7665995975855131,0.03085177733065057
20040930_bush_kerry,111,0,BUSH,603,666,Seventy-five percent of his people have been brought to justice,,['quantitative precise'],[],['justice'],1860,342,63,10,0.3241935483870968,0.3580645161290323,0.03387096774193549
20040930_bush_kerry,111,1,BUSH,681,762,"the mastermind of the September 11th attacks, Khalid Sheik Mohammed, is in prison",,['non-quantitative fact'],[],"['terrorism', 'justice']",1860,342,81,13,0.36612903225806454,0.4096774193548387,0.043548387096774194
20040930_bush_kerry,111,2,BUSH,877,958,we’re helping them there to bring — to bring Al Qaida affiliates to justice there,,['non-quantitative fact'],['behavioral attribution'],"['international relations', 'terrorism', 'justice']",1860,342,81,15,0.471505376344086,0.5150537634408602,0.043548387096774194
20040930_bush_kerry,111,3,BUSH,1314,1368,I had the honor of visiting with Prime Minister Allawi,,['non-quantitative fact'],['behavioral attribution'],['international relations'],1860,342,54,10,0.7064516129032258,0.7354838709677419,0.02903225806451613
20040930_bush_kerry,112,0,KERRY,71,161,Iraq was not even close to the center of the war on terror before the president invaded it,,"['non-quantitative fact', 'temporal reference']",['behavioral attribution'],"['war/conflict', 'terrorism']",1451,270,90,18,0.04893177119228118,0.11095796002756719,0.06202618883528601
20040930_bush_kerry,112,1,KERRY,163,338,The president made the judgment to divert forces from under General Tommy Franks from Afghanistan before the Congress even approved it to begin to prepare to go to war in Iraq,,['non-quantitative fact'],['behavioral attribution'],"['domestic politics', 'defense/military', 'war/conflict']",1451,270,175,31,0.11233631977946244,0.23294279807029636,0.1206064782908339
20040930_bush_kerry,112,2,KERRY,681,780,where they’re going out on the Internet to get the state-of-the-art body gear to send to their kids,,['non-quantitative fact'],['anecdote'],"['defense/military', 'war/conflict']",1451,270,99,18,0.4693314955203308,0.5375603032391454,0.06822880771881461
20040930_bush_kerry,112,3,KERRY,858,921,"10,000 out of 12,000 Humvees that are over there aren’t armored",,['quantitative precise'],[],"['defense/military', 'war/conflict']",1451,270,63,11,0.5913163335630599,0.6347346657477602,0.043418332184700204
20040930_bush_kerry,112,4,KERRY,1006,1034,they don’t have the armament,,['non-quantitative fact'],[],['defense/military'],1451,270,28,5,0.6933149552033081,0.7126119917298415,0.019297036526533425
20040930_bush_kerry,112,5,KERRY,1152,1276,More soldiers killed in June than before. More in July than June. More in August than July. More in September than in August,,"['comparison', 'temporal reference', 'trend/change']",[],"['defense/military', 'war/conflict']",1451,270,124,23,0.7939352170916609,0.8793935217091661,0.08545830461750517
20040930_bush_kerry,112,6,KERRY,1316,1380,weapons of mass destruction crossing the border every single day,,['non-quantitative fact'],[],"['international relations', 'nuclear armament']",1451,270,64,10,0.906960716747071,0.9510682288077188,0.04410751206064783
20040930_bush_kerry,114,0,BUSH,75,182,he voted to authorize the use of force and now says it’s the wrong war at the wrong time at the wrong place,,['non-quantitative fact'],"['speech attribution', 'behavioral attribution', 'stance']",['war/conflict'],529,105,107,23,0.14177693761814744,0.3440453686200378,0.20226843100189035
20040930_bush_kerry,114,1,BUSH,248,290,"you say wrong war, wrong time, wrong place",,['non-quantitative fact'],['speech attribution'],['war/conflict'],529,105,42,8,0.46880907372400754,0.5482041587901701,0.07939508506616257
20040930_bush_kerry,116,0,KERRY,147,224,$500 million going over to Iraq to put police officers in the streets of Iraq,,['quantitative precise'],[],"['defense/military', 'justice']",2087,383,77,15,0.07043603258265453,0.1073310972688069,0.03689506468615237
20040930_bush_kerry,116,1,KERRY,230,282,the president is cutting the COPS program in America,,['non-quantitative fact'],"['behavioral attribution', 'stance']",[],2087,383,52,9,0.11020603737422137,0.1351221849544801,0.024916147580258743
20040930_bush_kerry,116,2,KERRY,324,364,sending money to open firehouses in Iraq,,['non-quantitative fact'],[],[],2087,383,40,7,0.1552467656923814,0.17441303306181122,0.019166267369429803
20040930_bush_kerry,116,3,KERRY,370,440,we’re shutting firehouses who are the first-responders here in America,,['non-quantitative fact'],[],[],2087,383,70,10,0.1772879731672257,0.21082894106372785,0.033540967896502155
20040930_bush_kerry,116,4,KERRY,442,580,"The president hasn’t put one nickel, not one nickel into the effort to fix some of our tunnels and bridges and most exposed subway systems",,['non-quantitative fact'],['behavioral attribution'],[],2087,383,138,25,0.21178725443219934,0.27791087685673216,0.06612362242453282
20040930_bush_kerry,116,5,KERRY,593,679,they had to close down the subway in New York when the Republican Convention was there,,['non-quantitative fact'],[],['domestic politics'],2087,383,86,16,0.2841399137517968,0.32534738859607093,0.041207474844274075
20040930_bush_kerry,116,6,KERRY,744,839,"95 percent of the containers that come into the ports, right here in Florida, are not inspected",,['quantitative precise'],[],"['international relations', 'defense/military']",2087,383,95,17,0.35649257307139437,0.4020124580737901,0.04551988500239578
20040930_bush_kerry,116,7,KERRY,904,933,the cargo hold is not X-rayed,,['non-quantitative fact'],[],['defense/military'],2087,383,29,6,0.43315764254911354,0.4470531863919502,0.013895543842836608
20040930_bush_kerry,116,8,KERRY,977,1112,This president thought it was more important to give the wealthiest people in America a tax cut rather than invest in homeland security,,['non-quantitative fact'],"['behavioral attribution', 'stance']","['economy', 'defense/military']",2087,383,135,23,0.46813608049832295,0.5328222328701485,0.06468615237182558
20040930_bush_kerry,116,9,KERRY,1342,1384,we’re not cutting COPS programs in America,,['non-quantitative fact'],[],['justice'],2087,383,42,7,0.6430282702443699,0.6631528509822712,0.020124580737901295
20040930_bush_kerry,116,10,KERRY,1689,1764,the loose nuclear materials in the world that are able to get to terrorists,,['non-quantitative fact'],[],"['nuclear armament', 'terrorism']",2087,383,75,14,0.8092956396741735,0.8452323909918543,0.035936751317680884
20040930_bush_kerry,116,11,KERRY,1869,1993,"at the current pace, the president will not secure the loose material in the Soviet Union — former Soviet Union for 13 years",,"['forecast', 'temporal reference']",['behavioral attribution'],"['international relations', 'nuclear armament']",2087,383,124,23,0.8955438428366076,0.9549592716818399,0.05941542884523239
20040930_bush_kerry,117,0,BUSH,139,246,My administration has tripled the amount of money we’re spending on homeland security to $30 billion a year,,"['quantitative precise', 'trend/change']",['behavioral attribution'],"['domestic politics', 'defense/military']",1312,235,107,18,0.10594512195121951,0.1875,0.08155487804878049
20040930_bush_kerry,117,1,BUSH,248,336,My administration worked with the Congress to create the Department of Homeland Security,,['non-quantitative fact'],['behavioral attribution'],"['domestic politics', 'defense/military']",1312,235,88,13,0.18902439024390244,0.25609756097560976,0.06707317073170732
20040930_bush_kerry,117,2,BUSH,390,448,"We’ve got 1,000 extra border patrol on the southern border",,['quantitative precise'],[],['immigration'],1312,235,58,10,0.2972560975609756,0.34146341463414637,0.04420731707317073
20040930_bush_kerry,117,3,BUSH,516,571,"We spent $3.1 billion for fire and police, $3.1 billion",,['quantitative precise'],['behavioral attribution'],['justice'],1312,235,55,10,0.3932926829268293,0.43521341463414637,0.041920731707317076
20040930_bush_kerry,117,4,BUSH,1157,1214,which enables our law enforcement to disrupt terror cells,,['non-quantitative fact'],[],"['terrorism', 'justice']",1312,235,57,9,0.881859756097561,0.9253048780487805,0.04344512195121951
20040930_bush_kerry,118,0,KERRY,114,166,"there are over 100,000 hours of tapes, unlistened to",,['quantitative approximate'],[],[],414,77,52,9,0.2753623188405797,0.40096618357487923,0.12560386473429952
20040930_bush_kerry,120,0,BUSH,151,246,"We’ve got 100,000 trained now, 125,000 by the end of this year, 200,000 by the end of next year",,['quantitative precise'],[],['defense/military'],1889,364,95,19,0.0799364743250397,0.13022763366860773,0.05029115934356802
20040930_bush_kerry,120,1,BUSH,1159,1255,"My opponent at one time said, “Well, get me elected, I’ll have them out of there in six months.”",,['non-quantitative fact'],['speech attribution'],['war/conflict'],1889,364,96,19,0.6135521439915299,0.6643726839597671,0.05082053996823716
20040930_bush_kerry,121,0,KERRY,520,591,"the president’s father did not go into Iraq, into Baghdad, beyond Basra",,['non-quantitative fact'],['behavioral attribution'],"['international relations', 'war/conflict']",1491,274,71,12,0.3487592219986586,0.3963782696177062,0.047619047619047616
20040930_bush_kerry,121,1,KERRY,597,696,"the reason he didn’t is, he said — he wrote in his book — because there was no viable exit strategy",,['causation'],['speech attribution'],[],1491,274,99,21,0.40040241448692154,0.46680080482897385,0.06639839034205232
20040930_bush_kerry,121,2,KERRY,854,943,The only building that was guarded when the troops went into Baghdad was the oil ministry,,['non-quantitative fact'],[],"['energy', 'war/conflict']",1491,274,89,16,0.5727699530516432,0.6324614352783366,0.059691482226693494
20040930_bush_kerry,121,3,KERRY,945,983,We didn’t guard the nuclear facilities,,['non-quantitative fact'],['behavioral attribution'],"['defense/military', 'nuclear armament']",1491,274,38,6,0.6338028169014085,0.6592890677397719,0.025486250838363516
20040930_bush_kerry,121,4,KERRY,985,1019,We didn’t guard the foreign office,,['non-quantitative fact'],['behavioral attribution'],"['international relations', 'defense/military']",1491,274,34,6,0.6606304493628438,0.6834339369550637,0.022803487592219986
20040930_bush_kerry,121,5,KERRY,1095,1122,We didn’t guard the borders,,['non-quantitative fact'],['behavioral attribution'],"['international relations', 'defense/military']",1491,274,27,5,0.7344064386317908,0.7525150905432596,0.018108651911468814
20040930_bush_kerry,123,0,BUSH,284,435,"he voted against the $87-billion supplemental to provide equipment for our troops, and then said he actually did vote for it before he voted against it",,"['quantitative precise', 'non-quantitative fact']","['behavioral attribution', 'stance']",['defense/military'],506,96,151,26,0.5612648221343873,0.8596837944664032,0.2984189723320158
20040930_bush_kerry,125,0,KERRY,182,234,"from the beginning, I did vote to give the authority",,['non-quantitative fact'],"['behavioral attribution', 'stance']",[],2085,371,52,10,0.08729016786570744,0.11223021582733812,0.024940047961630695
20040930_bush_kerry,125,1,KERRY,440,477,"the president, in fact, promised them",,['non-quantitative fact'],['behavioral attribution'],[],2085,371,37,6,0.21103117505995203,0.22877697841726619,0.017745803357314148
20040930_bush_kerry,125,2,KERRY,479,654,"He went to Cincinnati and he gave a speech in which he said, “We will plan carefully. We will proceed cautiously. We will not make war inevitable. We will go with our allies.”",,['non-quantitative fact'],['speech attribution'],['war/conflict'],2085,371,175,33,0.22973621103117506,0.31366906474820144,0.08393285371702638
20040930_bush_kerry,125,3,KERRY,847,948,"General Shinsheki, the Army chief of staff, said you’re going to need several hundred thousand troops",,['quantitative approximate'],['speech attribution'],['defense/military'],2085,371,101,16,0.4062350119904077,0.4546762589928058,0.04844124700239808
20040930_bush_kerry,125,4,KERRY,979,995,they retired him,,['non-quantitative fact'],['behavioral attribution'],[],2085,371,16,3,0.46954436450839326,0.47721822541966424,0.007673860911270983
20040930_bush_kerry,125,5,KERRY,997,1192,"The terrorism czar, who has worked for every president since Ronald Reagan, said, “Invading Iraq in response to 9/11 would be like Franklin Roosevelt invading Mexico in response to Pearl Harbor.”",,['non-quantitative fact'],['speech attribution'],"['domestic politics', 'war/conflict', 'terrorism']",2085,371,195,31,0.47817745803357314,0.5717026378896882,0.09352517985611511
20040930_bush_kerry,125,6,KERRY,1557,1623,this president hasn’t even held the kind of statesman-like summits,,['non-quantitative fact'],['behavioral attribution'],['international relations'],2085,371,66,10,0.7467625899280576,0.7784172661870503,0.031654676258992806
20040930_bush_kerry,125,7,KERRY,1744,1852,"When the Secretary General Kofi Annan offered the United Nations, he said, “No, no, we’ll go do this alone.”",,['non-quantitative fact'],"['speech attribution', 'behavioral attribution']",['international relations'],2085,371,108,19,0.8364508393285371,0.8882494004796163,0.051798561151079135
20040930_bush_kerry,125,8,KERRY,1900,2050,"they actually issued a memorandum from the Defense Department saying, “If you weren’t with us in the war, don’t bother applying for any construction.”",,['non-quantitative fact'],"['speech attribution', 'behavioral attribution']",['defense/military'],2085,371,150,24,0.9112709832134293,0.9832134292565947,0.07194244604316546
20040930_bush_kerry,126,0,BUSH,34,57,the U.N. was invited in,,['non-quantitative fact'],[],['international relations'],1561,289,23,5,0.021780909673286355,0.03651505445227418,0.014734144778987828
20040930_bush_kerry,126,1,BUSH,98,146,They pulled out after Sergio de Mello got killed,,['non-quantitative fact'],['behavioral attribution'],"['international relations', 'terrorism']",1561,289,48,9,0.06278026905829596,0.09352978859705317,0.03074951953875721
20040930_bush_kerry,126,2,BUSH,152,194,they’re now back in helping with elections,,['non-quantitative fact'],['behavioral attribution'],[],1561,289,42,7,0.09737347853939782,0.12427930813581038,0.026905829596412557
20040930_bush_kerry,126,3,BUSH,196,250,My opponent says we didn’t have any allies in this war,,['non-quantitative fact'],['speech attribution'],"['international relations', 'war/conflict']",1561,289,54,11,0.12556053811659193,0.1601537475976938,0.03459320948110186
20040930_bush_kerry,126,4,BUSH,374,472,you denigrate the contributions of those who are serving side by side with American troops in Iraq,,['non-quantitative fact'],['speech attribution'],"['international relations', 'war/conflict']",1561,289,98,17,0.2395900064061499,0.3023702754644459,0.06278026905829596
20040930_bush_kerry,126,5,BUSH,917,988,"who says, “This is the wrong war at the wrong place at the wrong time.”",,['non-quantitative fact'],['speech attribution'],['war/conflict'],1561,289,71,15,0.5874439461883408,0.6329276105060858,0.04548366431774504
20040930_bush_kerry,126,6,BUSH,1026,1093,who says this is the wrong war at the wrong place at the wrong time,,['non-quantitative fact'],['speech attribution'],['war/conflict'],1561,289,67,15,0.6572709801409353,0.7001921844971173,0.042921204356181936
20040930_bush_kerry,126,7,BUSH,1255,1283,there are summits being held,,['non-quantitative fact'],[],['international relations'],1561,289,28,5,0.8039718129404229,0.8219090326713645,0.017937219730941704
20040930_bush_kerry,126,8,BUSH,1285,1352,Japan is going to have a summit for the donors; $14 billion pledged,,['quantitative precise'],['behavioral attribution'],['international relations'],1561,289,67,13,0.823190262652146,0.866111467008328,0.042921204356181936
20040930_bush_kerry,126,9,BUSH,1451,1516,"there’s going to be an Arab summit, of the neighborhood countries",,['non-quantitative fact'],[],['international relations'],1561,289,65,11,0.9295323510570147,0.9711723254324152,0.04163997437540039
20040930_bush_kerry,126,10,BUSH,1522,1560,Colin Powell helped set up that summit,,['non-quantitative fact'],['behavioral attribution'],['international relations'],1561,289,38,7,0.9750160153747598,0.9993593850096092,0.024343369634849454
20040930_bush_kerry,127,0,KERRY,20,62,Kofi Annan offered help after Baghdad fell,,['non-quantitative fact'],['behavioral attribution'],"['international relations', 'war/conflict']",358,59,42,7,0.055865921787709494,0.17318435754189945,0.11731843575418995
20040930_bush_kerry,127,1,KERRY,180,206,It was always American-run,,['non-quantitative fact'],[],[],358,59,26,4,0.5027932960893855,0.5754189944134078,0.07262569832402235
20040930_bush_kerry,127,2,KERRY,218,309,"when we went in, there were three countries: Great Britain, Australia and the United States",,['non-quantitative fact'],[],"['international relations', 'war/conflict']",358,59,91,15,0.6089385474860335,0.8631284916201117,0.2541899441340782
20040930_bush_kerry,128,0,BUSH,42,69,there’s 30 nations involved,,['quantitative precise'],[],['international relations'],508,87,27,4,0.08267716535433071,0.13582677165354332,0.0531496062992126
20040930_bush_kerry,128,1,BUSH,180,258,a candidate for president denigrates the contributions of these brave soldiers,,['non-quantitative fact'],['behavioral attribution'],"['domestic politics', 'defense/military']",508,87,78,11,0.3543307086614173,0.5078740157480315,0.15354330708661418
20040930_bush_kerry,129,0,BUSH,258,338,a lot of the Baathists and Saddam loyalists laid down their arms and disappeared,,['quantitative vague'],['behavioral attribution'],['war/conflict'],1710,322,80,14,0.15087719298245614,0.1976608187134503,0.04678362573099415
20040930_bush_kerry,129,1,BUSH,402,421,we’re fighting them,,['non-quantitative fact'],['behavioral attribution'],['war/conflict'],1710,322,19,3,0.23508771929824562,0.24619883040935672,0.011111111111111112
20040930_bush_kerry,129,2,BUSH,1083,1102,NATO is now helping,,['non-quantitative fact'],['behavioral attribution'],['international relations'],1710,322,19,4,0.6333333333333333,0.6444444444444445,0.011111111111111112
20040930_bush_kerry,129,3,BUSH,1104,1133,Jordan’s helping train police,,['non-quantitative fact'],['behavioral attribution'],"['international relations', 'justice']",1710,322,29,4,0.6456140350877193,0.6625730994152047,0.01695906432748538
20040930_bush_kerry,129,4,BUSH,1135,1162,UAE is helping train police,,['non-quantitative fact'],['behavioral attribution'],"['international relations', 'justice']",1710,322,27,5,0.6637426900584795,0.6795321637426901,0.015789473684210527
20040930_bush_kerry,129,5,BUSH,1164,1238,We’ve allocated $7 billion over the next months for reconstruction efforts,,['quantitative precise'],['behavioral attribution'],[],1710,322,74,11,0.6807017543859649,0.7239766081871345,0.04327485380116959
20040930_bush_kerry,129,6,BUSH,1325,1373,there’s going to be a summit of the Arab nations,,['non-quantitative fact'],[],['international relations'],1710,322,48,10,0.7748538011695907,0.8029239766081872,0.028070175438596492
20040930_bush_kerry,129,7,BUSH,1375,1405,Japan will be hosting a summit,,['non-quantitative fact'],[],['international relations'],1710,322,30,6,0.804093567251462,0.8216374269005848,0.017543859649122806
20040930_bush_kerry,129,8,BUSH,1534,1583,"where people get their hands cut off, or executed",,['non-quantitative fact'],[],['justice'],1710,322,49,9,0.8970760233918129,0.9257309941520467,0.02865497076023392
20040930_bush_kerry,130,0,KERRY,127,352,"what he has said is that, even knowing there were no weapons of mass destruction, even knowing there was no imminent threat, even knowing there was no connection with Al Qaida, he would still have done everything the same way",,['non-quantitative fact'],"['speech attribution', 'epistemic']","['nuclear armament', 'war/conflict', 'terrorism']",1434,268,225,40,0.08856345885634588,0.24546722454672246,0.15690376569037656
20040930_bush_kerry,130,1,KERRY,742,822,"the most troops any other country has on the ground is Great Britain, with 8,300",,"['quantitative precise', 'ranking']",[],"['defense/military', 'war/conflict']",1434,268,80,15,0.5174337517433751,0.5732217573221757,0.05578800557880056
20040930_bush_kerry,130,2,KERRY,828,870,"below that the four others are below 4,000",,"['quantitative approximate', 'ranking']",[],[],1434,268,42,8,0.5774058577405857,0.606694560669456,0.029288702928870293
20040930_bush_kerry,130,3,KERRY,876,927,"below that, there isn’t anybody out of the hundreds",,"['quantitative approximate', 'ranking']",[],[],1434,268,51,9,0.6108786610878661,0.6464435146443515,0.03556485355648536
20040930_bush_kerry,130,4,KERRY,1007,1151,"on the day that we went into that war and it started — it was principally the United States, the America and Great Britain and one or two others",,['non-quantitative fact'],[],"['international relations', 'war/conflict']",1434,268,144,29,0.702231520223152,0.802649930264993,0.100418410041841
20040930_bush_kerry,130,5,KERRY,1175,1238,we are 90 percent of the casualties and 90 percent of the costs,,['quantitative precise'],[],[],1434,268,63,13,0.8193863319386332,0.8633193863319386,0.043933054393305436
20040930_bush_kerry,130,6,KERRY,1255,1290,North Korea has got nuclear weapons,,['non-quantitative fact'],[],['nuclear armament'],1434,268,35,6,0.8751743375174338,0.899581589958159,0.024407252440725245
20040930_bush_kerry,130,7,KERRY,1319,1405,"The president is the one that said, “We can’t allow countries to get nuclear weapons.”",,['non-quantitative fact'],['speech attribution'],['nuclear armament'],1434,268,86,15,0.9198047419804742,0.9797768479776848,0.0599721059972106
20040930_bush_kerry,131,0,KERRY,254,347,"in his state of the union message, he told Congress about nuclear materials that didn’t exist",,['non-quantitative fact'],"['speech attribution', 'epistemic']","['domestic politics', 'nuclear armament']",2068,393,93,16,0.12282398452611218,0.16779497098646035,0.04497098646034816
20040930_bush_kerry,131,1,KERRY,362,423,he promised America that he was going to build this coalition,,['non-quantitative fact'],"['speech attribution', 'stance']",[],2068,393,61,11,0.17504835589941972,0.20454545454545456,0.029497098646034815
20040930_bush_kerry,131,2,KERRY,457,549,It is not the kind of coalition we were described when we were talking about voting for this,,['non-quantitative fact'],[],['domestic politics'],2068,393,92,18,0.22098646034816247,0.26547388781431336,0.04448742746615087
20040930_bush_kerry,131,3,KERRY,551,654,The president said he would exhaust the remedies of the United Nations and go through that full process,,['non-quantitative fact'],"['speech attribution', 'stance']",['international relations'],2068,393,103,18,0.2664410058027079,0.316247582205029,0.049806576402321084
20040930_bush_kerry,131,4,KERRY,667,680,He cut if off,,['non-quantitative fact'],['behavioral attribution'],[],2068,393,13,4,0.3225338491295938,0.3288201160541586,0.006286266924564797
20040930_bush_kerry,131,5,KERRY,931,966,when he said we will plan carefully,,['non-quantitative fact'],['speech attribution'],[],2068,393,35,7,0.45019342359767894,0.4671179883945841,0.016924564796905222
20040930_bush_kerry,131,6,KERRY,1021,1065,when he said we’d go to war as a last resort,,['non-quantitative fact'],['speech attribution'],['war/conflict'],2068,393,44,11,0.4937137330754352,0.5149903288201161,0.02127659574468085
20040930_bush_kerry,131,7,KERRY,1255,1379,"I’ve worked with those leaders the president talks about, I’ve worked with them for 20 years, for longer than this president",,['comparison'],['behavioral attribution'],['international relations'],2068,393,124,21,0.6068665377176016,0.6668278529980658,0.059961315280464215
20040930_bush_kerry,131,8,KERRY,1649,1766,Osama bin Laden uses the invasion of Iraq in order to go out to people and say that America has declared war on Islam,,['non-quantitative fact'],['behavioral attribution'],"['war/conflict', 'terrorism', 'religion']",2068,393,117,24,0.7973887814313346,0.8539651837524178,0.05657640232108317
20040930_bush_kerry,132,0,BUSH,418,472,when he called Iraq a grave threat in the fall of 2002,,"['non-quantitative fact', 'temporal reference']",['speech attribution'],['international relations'],1302,242,54,12,0.3210445468509985,0.36251920122887865,0.041474654377880185
20040930_bush_kerry,132,1,BUSH,506,573,when he said that it was right to disarm Iraq in the spring of 2003,,['temporal reference'],"['speech attribution', 'stance']",['nuclear armament'],1302,242,67,15,0.38863287250384027,0.4400921658986175,0.05145929339477726
20040930_bush_kerry,132,2,BUSH,603,756,"when he said that, you know, anyone who doubted whether the world was better off without Saddam Hussein in power didn’t have the judgment to be president",,['non-quantitative fact'],"['speech attribution', 'stance']","['domestic politics', 'international relations']",1302,242,153,27,0.4631336405529954,0.5806451612903226,0.1175115207373272
20040930_bush_kerry,132,3,BUSH,864,908,you keep changing your positions on this war,,['non-quantitative fact'],['stance'],['war/conflict'],1302,242,44,8,0.663594470046083,0.6973886328725039,0.03379416282642089
20040930_bush_kerry,132,4,BUSH,1250,1301,his decisions to support the authorization of force,,['non-quantitative fact'],['stance'],['war/conflict'],1302,242,51,8,0.9600614439324117,0.999231950844854,0.03917050691244239
20040930_bush_kerry,133,0,KERRY,20,47,when I said he was a threat,,['non-quantitative fact'],['speech attribution'],[],426,82,27,7,0.046948356807511735,0.11032863849765258,0.06338028169014084
20040930_bush_kerry,133,1,KERRY,121,192,when I said that he had made a mistake in not building strong alliances,,['non-quantitative fact'],['speech attribution'],['international relations'],426,82,71,14,0.284037558685446,0.4507042253521127,0.16666666666666666
20040930_bush_kerry,136,0,KERRY,175,217,when I came back from fighting in that war,,['non-quantitative fact'],['behavioral attribution'],"['war/conflict', 'personal life']",1443,283,42,9,0.12127512127512127,0.15038115038115038,0.029106029106029108
20040930_bush_kerry,136,1,KERRY,868,914,There’s only 25 percent of the people in there,,['quantitative precise'],[],[],1443,283,46,9,0.6015246015246015,0.6334026334026334,0.03187803187803188
20040930_bush_kerry,136,2,KERRY,1207,1244,which is four words: more of the same,"presented rhetorically (not actually four words, it's referring to the ""more of the same"" sarcastically), but plan can be checked if it's actually similar",['non-quantitative fact'],[],[],1443,283,37,8,0.8364518364518364,0.8620928620928621,0.02564102564102564
20040930_bush_kerry,137,0,BUSH,237,346,"you keep changing positions on the war on terror and say things like, “Well, this is just a grand diversion.”",,['non-quantitative fact'],"['speech attribution', 'stance']","['war/conflict', 'terrorism']",468,93,109,20,0.5064102564102564,0.7393162393162394,0.2329059829059829
20040930_bush_kerry,139,0,KERRY,136,187,I didn’t say I would bring troops out in six months,,['quantitative precise'],['speech attribution'],['war/conflict'],2075,390,51,11,0.0655421686746988,0.09012048192771084,0.02457831325301205
20040930_bush_kerry,139,1,KERRY,189,310,"I said, if we do the things that I’ve set out and we are successful, we could begin to draw the troops down in six months",,['quantitative precise'],['speech attribution'],['war/conflict'],2075,390,121,26,0.0910843373493976,0.1493975903614458,0.05831325301204819
20040930_bush_kerry,139,2,KERRY,501,548,we’re building some 14 military bases there now,,['quantitative approximate'],['behavioral attribution'],['defense/military'],2075,390,47,8,0.24144578313253012,0.2640963855421687,0.022650602409638555
20040930_bush_kerry,139,3,KERRY,618,649,When you guard the oil ministry,,['non-quantitative fact'],['behavioral attribution'],"['energy', 'defense/military']",2075,390,31,6,0.2978313253012048,0.3127710843373494,0.014939759036144579
20040930_bush_kerry,139,4,KERRY,655,693,you don’t guard the nuclear facilities,,['non-quantitative fact'],['behavioral attribution'],"['defense/military', 'nuclear armament']",2075,390,38,6,0.3156626506024096,0.33397590361445784,0.018313253012048194
20040930_bush_kerry,139,5,KERRY,1006,1031,back off of the Fallujahs,,['non-quantitative fact'],[],['war/conflict'],2075,390,25,5,0.48481927710843375,0.4968674698795181,0.012048192771084338
20040930_bush_kerry,139,6,KERRY,1313,1385,The United States of America has no long-term designs on staying in Iraq,,['non-quantitative fact'],[],"['international relations', 'war/conflict']",2075,390,72,13,0.6327710843373494,0.6674698795180722,0.03469879518072289
20040930_bush_kerry,139,7,KERRY,1710,1772,the administration has admitted they haven’t done the training,,['non-quantitative fact'],['speech attribution'],[],2075,390,62,9,0.8240963855421687,0.8539759036144579,0.029879518072289158
20040930_bush_kerry,139,8,KERRY,1782,1876,they came back to Congress a few weeks ago and asked for a complete reprogramming of the money,,['non-quantitative fact'],['behavioral attribution'],['domestic politics'],2075,390,94,18,0.8587951807228915,0.9040963855421686,0.04530120481927711
20040930_bush_kerry,140,0,BUSH,0,77,"There are 100,000 troops trained, police, guard, special units, border patrol",,['quantitative precise'],[],"['defense/military', 'immigration', 'justice']",1322,237,77,11,0.0,0.058245083207261725,0.058245083207261725
20040930_bush_kerry,140,1,BUSH,79,138,"There’s going to be 125,000 trained by the end of this year",,"['quantitative precise', 'forecast', 'temporal reference']",[],[],1322,237,59,12,0.059757942511346446,0.1043872919818457,0.04462934947049924
20040930_bush_kerry,140,2,BUSH,459,550,"When he came, after giving a speech to the Congress, my opponent questioned his credibility",,['non-quantitative fact'],['behavioral attribution'],['domestic politics'],1322,237,91,15,0.3472012102874433,0.41603630862329805,0.06883509833585477
20040930_bush_kerry,140,3,BUSH,599,641,you’ve criticized the brave leader of Iraq,,['non-quantitative fact'],['speech attribution'],['international relations'],1322,237,42,7,0.45310136157337366,0.4848714069591528,0.03177004538577912
20040930_bush_kerry,140,4,BUSH,643,722,One of his campaign people alleged that Prime Minister Allawi was like a puppet,,['non-quantitative fact'],['speech attribution'],"['domestic politics', 'international relations']",1322,237,79,14,0.4863842662632375,0.546142208774584,0.059757942511346446
20040930_bush_kerry,141,0,KERRY,248,298,he said the terrorists are pouring over the border,,['non-quantitative fact'],['speech attribution'],['terrorism'],518,93,50,9,0.47876447876447875,0.5752895752895753,0.09652509652509653
20040930_bush_kerry,141,1,KERRY,328,500,"The national intelligence assessment that was given to the president in July said, best-case scenario, more of the same of what we see today; worst-case scenario, civil war",,['non-quantitative fact'],[],['war/conflict'],518,93,172,28,0.6332046332046332,0.9652509652509652,0.33204633204633205
20040930_bush_kerry,144,0,BUSH,1302,1358,Libya is now peacefully dismantling its weapons programs,,['non-quantitative fact'],['behavioral attribution'],['nuclear armament'],1612,312,56,8,0.8076923076923077,0.8424317617866005,0.034739454094292806
20040930_bush_kerry,145,0,KERRY,215,246,Saddam Hussein didn’t attack us,,['non-quantitative fact'],['behavioral attribution'],['war/conflict'],1438,253,31,5,0.14951321279554938,0.17107093184979139,0.021557719054242003
20040930_bush_kerry,145,1,KERRY,303,419,"when we had Osama bin Laden cornered in the mountains of Tora Bora, 1,000 of his cohorts with him in those mountains",,['quantitative precise'],[],['terrorism'],1438,253,116,22,0.21070931849791377,0.2913769123783032,0.08066759388038942
20040930_bush_kerry,145,2,KERRY,421,587,"With the American military forces nearby and in the field, we didn’t use the best trained troops in the world to go kill the world’s number one criminal and terrorist",,['non-quantitative fact'],['behavioral attribution'],"['defense/military', 'terrorism', 'crime']",1438,253,166,30,0.29276773296244785,0.4082058414464534,0.11543810848400557
20040930_bush_kerry,145,3,KERRY,589,631,They outsourced the job to Afghan warlords,,['non-quantitative fact'],['behavioral attribution'],['war/conflict'],1438,253,42,7,0.4095966620305981,0.4388038942976356,0.02920723226703755
20040930_bush_kerry,145,4,KERRY,633,703,who only a week earlier had been on the other side fighting against us,,"['non-quantitative fact', 'temporal reference']",['behavioral attribution'],['war/conflict'],1438,253,70,14,0.44019471488178025,0.48887343532684285,0.048678720445062586
20040930_bush_kerry,145,5,KERRY,783,840,the enemy that was allowed to walk out of those mountains,,['non-quantitative fact'],[],[],1438,253,57,11,0.5445062586926287,0.5841446453407511,0.039638386648122394
20040930_bush_kerry,145,6,KERRY,849,886,the enemy that is now in 60 countries,,['quantitative precise'],[],[],1438,253,37,8,0.5904033379694019,0.6161335187760779,0.02573018080667594
20040930_bush_kerry,145,7,KERRY,1000,1068,Two-thirds of the country was a no-fly zone when we started this war,,['quantitative precise'],[],['war/conflict'],1438,253,68,13,0.6954102920723226,0.7426981919332406,0.04728789986091794
20040930_bush_kerry,146,0,BUSH,265,283,We tried diplomacy,,['non-quantitative fact'],['behavioral attribution'],['international relations'],474,86,18,3,0.5590717299578059,0.5970464135021097,0.0379746835443038
20040930_bush_kerry,146,1,BUSH,402,441,He had the capability of making weapons,,['non-quantitative fact'],[],['nuclear armament'],474,86,39,7,0.8481012658227848,0.930379746835443,0.08227848101265822
20040930_bush_kerry,147,0,KERRY,0,142,Thirty-five to forty countries in the world had a greater capability of making weapons at the moment the president invaded than Saddam Hussein,,"['quantitative approximate', 'comparison']",[],"['nuclear armament', 'war/conflict']",518,90,142,23,0.0,0.27413127413127414,0.27413127413127414
20040930_bush_kerry,147,1,KERRY,174,293,"with 9 out of 10 active duty divisions of our Army, either going to Iraq, coming back from Iraq, or getting ready to go",,['quantitative precise'],[],"['defense/military', 'war/conflict']",518,90,119,24,0.3359073359073359,0.5656370656370656,0.22972972972972974
20040930_bush_kerry,147,2,KERRY,295,331,North Korea’s gotten nuclear weapons,,['non-quantitative fact'],['behavioral attribution'],['nuclear armament'],518,90,36,5,0.5694980694980695,0.638996138996139,0.0694980694980695
20040930_bush_kerry,147,3,KERRY,365,402,Iran is moving toward nuclear weapons,,['non-quantitative fact'],['behavioral attribution'],['nuclear armament'],518,90,37,6,0.7046332046332047,0.7760617760617761,0.07142857142857142
20040930_bush_kerry,147,4,KERRY,436,457,Darfur has a genocide,,['non-quantitative fact'],[],"['war/conflict', 'ethnicity/race', 'religion']",518,90,21,4,0.8416988416988417,0.8822393822393823,0.04054054054054054
20040930_bush_kerry,148,0,KERRY,0,87,"The president always has the right, and always has had the right, for preemptive strike",,['non-quantitative fact'],[],"['domestic politics', 'war/conflict']",2078,390,87,15,0.0,0.04186717998075072,0.04186717998075072
20040930_bush_kerry,148,1,KERRY,657,780,we have our own secretary of state who has had to apologize to the world for the presentation he made to the United Nations,,['non-quantitative fact'],['behavioral attribution'],"['domestic politics', 'international relations']",2078,390,123,24,0.3161693936477382,0.3753609239653513,0.05919153031761309
20040930_bush_kerry,148,2,KERRY,806,915,when President Kennedy in the Cuban missile crisis sent his secretary of state to Paris to meet with DeGaulle,,['non-quantitative fact'],['behavioral attribution'],"['domestic politics', 'international relations']",2078,390,109,19,0.38787295476419636,0.4403272377285852,0.05245428296438884
20040930_bush_kerry,148,3,KERRY,921,1165,"in the middle of the discussion, to tell them about the missiles in Cuba, he said, “Here, let me show you the photos.” And DeGaulle waved them off and said, “No, no, no, no. The word of the president of the United States is good enough for me.”",,['non-quantitative fact'],['speech attribution'],"['domestic politics', 'international relations']",2078,390,244,48,0.44321462945139556,0.5606352261790183,0.11742059672762271
20040930_bush_kerry,148,4,KERRY,1610,1725,I’ve been fighting for proliferation the entire time — anti-proliferation the entire time I’ve been in the Congress,,['non-quantitative fact'],"['behavioral attribution', 'stance']","['domestic politics', 'nuclear armament']",2078,390,115,18,0.7747834456207893,0.8301251203079885,0.05534167468719923
20040930_bush_kerry,148,5,KERRY,1745,1827,this president actually turn away from some of the treaties that were on the table,,['non-quantitative fact'],['behavioral attribution'],['international relations'],2078,390,82,15,0.8397497593840231,0.8792107795957652,0.03946102021174206
20040930_bush_kerry,149,0,BUSH,451,499,I wouldn’t join the International Criminal Court,,['non-quantitative fact'],['stance'],"['international relations', 'justice']",1153,213,48,7,0.391153512575889,0.4327840416305291,0.04163052905464007
20040930_bush_kerry,149,1,BUSH,501,623,This is a body based in The Hague where unaccountable judges and prosecutors can pull our troops or diplomats up for trial,,['non-quantitative fact'],[],"['international relations', 'defense/military', 'justice']",1153,213,122,22,0.43451864700780574,0.5403295750216826,0.10581092801387684
20040930_bush_kerry,149,2,BUSH,629,647,I wouldn’t join it,,['non-quantitative fact'],['stance'],[],1153,213,18,4,0.5455333911535126,0.5611448395490026,0.015611448395490026
20040930_bush_kerry,149,3,BUSH,777,842,a foreign court that could — where our people could be prosecuted,,['non-quantitative fact'],[],"['international relations', 'justice']",1153,213,65,12,0.6738941890719862,0.7302688638334779,0.05637467476149176
20040930_bush_kerry,149,4,BUSH,844,903,My opponent is for joining the International Criminal Court,,['non-quantitative fact'],['stance'],"['international relations', 'justice']",1153,213,59,9,0.7320034692107545,0.7831743278404163,0.05117085862966175
20040930_bush_kerry,150,0,BUSH,60,164,"Before I was sworn in, the policy of this government was to have bilateral negotiations with North Korea",,"['non-quantitative fact', 'temporal reference']",[],"['domestic politics', 'international relations']",1785,327,104,18,0.03361344537815126,0.09187675070028012,0.05826330532212885
20040930_bush_kerry,150,1,BUSH,170,290,we signed an agreement with North Korea that my administration found out that was not being honored by the North Koreans,,['non-quantitative fact'],['behavioral attribution'],['international relations'],1785,327,120,21,0.09523809523809523,0.16246498599439776,0.06722689075630252
20040930_bush_kerry,150,2,BUSH,405,570,"in Crawford, Texas, Jiang Zemin and I agreed that the nuclear-weapons-free peninsula, Korean Peninsula, was in his interest and our interest and the world’s interest",,['non-quantitative fact'],['stance'],"['international relations', 'nuclear armament']",1785,327,165,25,0.226890756302521,0.31932773109243695,0.09243697478991597
20040930_bush_kerry,150,3,BUSH,1635,1655,The IAEA is involved,,['non-quantitative fact'],['behavioral attribution'],[],1785,327,20,4,0.9159663865546218,0.927170868347339,0.011204481792717087
20040930_bush_kerry,150,4,BUSH,1657,1732,There’s a special protocol recently been passed that allows for inspections,,['non-quantitative fact'],[],[],1785,327,75,11,0.9282913165266107,0.9703081232492997,0.04201680672268908
20040930_bush_kerry,151,0,KERRY,22,198,"the British, French, and Germans were the ones who initiated an effort without the United States, regrettably, to begin to try to move to curb the nuclear possibilities in Iran",,['non-quantitative fact'],['behavioral attribution'],"['international relations', 'nuclear armament']",1567,269,176,30,0.014039566049776643,0.1263560944479898,0.11231652839821314
20040930_bush_kerry,151,1,KERRY,498,523,The president did nothing,,['non-quantitative fact'],['behavioral attribution'],[],1567,269,25,4,0.3178047223994895,0.3337587747287811,0.01595405232929164
20040930_bush_kerry,151,2,KERRY,570,648,We had inspectors and television cameras in the nuclear reactor in North Korea,,['non-quantitative fact'],[],"['international relations', 'nuclear armament']",1567,269,78,13,0.3637523931078494,0.4135290363752393,0.04977664326738992
20040930_bush_kerry,151,3,KERRY,650,710,Secretary Bill Perry negotiated that under President Clinton,,['non-quantitative fact'],['behavioral attribution'],['domestic politics'],1567,269,60,8,0.4148053605615826,0.4530950861518826,0.03828972559029994
20040930_bush_kerry,151,4,KERRY,797,928,"Colin Powell, our secretary of state, announced one day that we were going to continue the dialog of working with the North Koreans",,['non-quantitative fact'],['speech attribution'],"['domestic politics', 'international relations']",1567,269,131,23,0.5086151882578175,0.5922144224633057,0.08359923420548819
20040930_bush_kerry,151,5,KERRY,930,1008,The president reversed it publicly while the president of South Korea was here,,"['non-quantitative fact', 'temporal reference']",['behavioral attribution'],"['domestic politics', 'international relations']",1567,269,78,13,0.593490746649649,0.6432673899170389,0.04977664326738992
20040930_bush_kerry,151,6,KERRY,1135,1203,"for two years, this administration didn’t talk at all to North Korea",,"['non-quantitative fact', 'temporal reference']",['behavioral attribution'],['international relations'],1567,269,68,12,0.7243139757498405,0.7677089980855137,0.04339502233567326
20040930_bush_kerry,151,7,KERRY,1260,1290,the inspectors were kicked out,,['non-quantitative fact'],[],[],1567,269,30,5,0.8040842373962986,0.8232291001914487,0.01914486279514997
20040930_bush_kerry,151,8,KERRY,1292,1330,the television cameras were kicked out,,['non-quantitative fact'],[],[],1567,269,38,6,0.824505424377792,0.8487555839183153,0.024250159540523293
20040930_bush_kerry,151,9,KERRY,1343,1410,there are four to seven nuclear weapons in the hands of North Korea,,['quantitative approximate'],[],['nuclear armament'],1567,269,67,13,0.8570516911295469,0.8998085513720485,0.042756860242501596
20040930_bush_kerry,154,0,BUSH,124,177,the breach on the agreement was not through plutonium,,['non-quantitative fact'],[],['nuclear armament'],635,111,53,9,0.1952755905511811,0.27874015748031494,0.08346456692913386
20040930_bush_kerry,154,1,BUSH,179,233,The breach on the agreement is highly enriched uranium,,['non-quantitative fact'],[],['nuclear armament'],635,111,54,9,0.28188976377952757,0.3669291338582677,0.08503937007874016
20040930_bush_kerry,154,2,BUSH,235,266,That’s what we caught him doing,,['non-quantitative fact'],['behavioral attribution'],[],635,111,31,6,0.3700787401574803,0.4188976377952756,0.048818897637795275
20040930_bush_kerry,154,3,BUSH,268,310,That’s where he was breaking the agreement,,['non-quantitative fact'],['behavioral attribution'],[],635,111,42,7,0.4220472440944882,0.4881889763779528,0.06614173228346457
20040930_bush_kerry,154,4,BUSH,392,421,we’ve already sanctioned Iran,,['non-quantitative fact'],['behavioral attribution'],['international relations'],635,111,29,4,0.6173228346456693,0.662992125984252,0.04566929133858268
20040930_bush_kerry,154,5,BUSH,456,492,There are sanctions in place on Iran,,['non-quantitative fact'],[],['international relations'],635,111,36,7,0.7181102362204724,0.7748031496062993,0.05669291338582677
20040930_bush_kerry,154,6,BUSH,507,634,"we were a party to the convention — to working with Germany, France and Great Britain to send their foreign ministers into Iran",,['non-quantitative fact'],['behavioral attribution'],['international relations'],635,111,127,23,0.7984251968503937,0.9984251968503937,0.2
20040930_bush_kerry,155,0,KERRY,102,151,Only the United States put the sanctions on alone,,['non-quantitative fact'],['behavioral attribution'],['international relations'],2081,381,49,9,0.0490148966842864,0.07256126862085535,0.023546371936568958
20040930_bush_kerry,155,1,KERRY,467,483,it is a genocide,,['non-quantitative fact'],[],"['war/conflict', 'ethnicity/race']",2081,381,16,4,0.22441134070158578,0.23209995194617972,0.0076886112445939455
20040930_bush_kerry,155,2,KERRY,489,536,"months ago, many of us were pressing for action",,"['non-quantitative fact', 'temporal reference']",['behavioral attribution'],[],2081,381,47,9,0.23498318116290245,0.25756847669389715,0.022585295530994715
20040930_bush_kerry,155,3,KERRY,744,798,all the president is providing is humanitarian support,,['non-quantitative fact'],['behavioral attribution'],['war/conflict'],2081,381,54,8,0.35752042287361846,0.383469485824123,0.025949062950504566
20040930_bush_kerry,155,4,KERRY,1093,1150,We’ve got Guards and Reserves who are doing double duties,,['non-quantitative fact'],[],['defense/military'],2081,381,57,10,0.5252282556463239,0.5526189332051898,0.02739067755886593
20040930_bush_kerry,155,5,KERRY,1152,1293,We’ve got a backdoor draft taking place in America today: people with stop-loss programs where they’re told you can’t get out of the military,,['non-quantitative fact'],['conspiracy'],['defense/military'],2081,381,141,24,0.553580009610764,0.6213358962037482,0.06775588659298415
20040930_bush_kerry,155,6,KERRY,1295,1409,"nine out of our 10 active duty divisions committed to Iraq one way or the other, either going, coming or preparing",,['quantitative precise'],[],[],2081,381,114,21,0.6222969726093225,0.6770783277270543,0.05478135511773186
20040930_bush_kerry,156,0,BUSH,33,92,It was not my administration that put the sanctions on Iran,,['non-quantitative fact'],['behavioral attribution'],['international relations'],1099,197,59,11,0.03002729754322111,0.08371246587807098,0.05368516833484986
20040930_bush_kerry,156,1,BUSH,94,149,"That happened long before I arrived in Washington, D.C.",,"['non-quantitative fact', 'temporal reference']",[],[],1099,197,55,9,0.08553230209281165,0.13557779799818018,0.05004549590536852
20040930_bush_kerry,156,2,BUSH,178,191,it’s genocide,,['non-quantitative fact'],[],['ethnicity/race'],1099,197,13,2,0.16196542311191992,0.1737943585077343,0.011828935395814377
20040930_bush_kerry,156,3,BUSH,197,219,Colin Powell so stated,,['non-quantitative fact'],['speech attribution'],[],1099,197,22,4,0.17925386715195632,0.19927206551410373,0.020018198362147407
20040930_bush_kerry,156,4,BUSH,221,264,We have committed $200 million worth of aid,,['quantitative precise'],['behavioral attribution'],['war/conflict'],1099,197,43,8,0.2010919017288444,0.24021838034576887,0.039126478616924476
20040930_bush_kerry,156,5,BUSH,266,337,We’re the leading donor in the world to help the suffering people there,,['ranking'],['behavioral attribution'],['war/conflict'],1099,197,71,13,0.24203821656050956,0.30664240218380345,0.0646041856232939
20040930_bush_kerry,156,6,BUSH,378,477,We were very much involved at the U.N. on the sanction policy of the Bashir government in the Sudan,,['non-quantitative fact'],['behavioral attribution'],['international relations'],1099,197,99,19,0.34394904458598724,0.4340309372156506,0.09008189262966333
20040930_bush_kerry,156,7,BUSH,479,565,"Prior to Darfur, Ambassador Jack Danforth had been negotiating a north-south agreement",,"['non-quantitative fact', 'temporal reference']",['behavioral attribution'],['international relations'],1099,197,86,12,0.43585077343039125,0.5141037306642402,0.07825295723384895
20040930_bush_kerry,156,8,BUSH,786,836,We helped stabilize the situation with some troops,,['non-quantitative fact'],['behavioral attribution'],"['defense/military', 'war/conflict']",1099,197,50,8,0.7151956323930846,0.7606915377616015,0.04549590536851683
20040930_bush_kerry,156,9,BUSH,842,888,"when the African Union came, we moved them out",,"['non-quantitative fact', 'temporal reference']",['behavioral attribution'],[],1099,197,46,9,0.7661510464058234,0.8080072793448589,0.04185623293903549
20040930_bush_kerry,157,0,BUSH,639,678,he changes positions on the war in Iraq,,['non-quantitative fact'],['stance'],['war/conflict'],1369,249,39,8,0.46676406135865595,0.4952520087655223,0.028487947406866325
20040930_bush_kerry,162,0,KERRY,791,881,he’s not acknowledging the truth of the science of stem-cell research or of global warming,,['non-quantitative fact'],"['behavioral attribution', 'stance']","['science/research', 'environment']",947,174,90,15,0.8352692713833157,0.9303062302006336,0.09503695881731784
20040930_bush_kerry,164,0,KERRY,144,175,my position has been consistent,,['non-quantitative fact'],['stance'],[],474,96,31,5,0.3037974683544304,0.3691983122362869,0.06540084388185655
20040930_bush_kerry,164,1,KERRY,363,406,he never did it without the threat of force,,['non-quantitative fact'],['behavioral attribution'],"['international relations', 'war/conflict']",474,96,43,9,0.7658227848101266,0.8565400843881856,0.09071729957805907
20040930_bush_kerry,165,0,KERRY,46,138,There’s some 600-plus tons of unsecured material still in the former Soviet Union and Russia,,['quantitative approximate'],[],['nuclear armament'],1941,341,92,15,0.02369912416280268,0.07109737248840804,0.04739824832560536
20040930_bush_kerry,165,1,KERRY,140,226,"At the rate that the president is currently securing it, it’ll take 13 years to get it",,"['quantitative precise', 'forecast']",[],['nuclear armament'],1941,341,86,17,0.07212776919113859,0.1164348274085523,0.0443070582174137
20040930_bush_kerry,165,2,KERRY,417,510,"back then, we intercepted a suitcase in a Middle Eastern country with nuclear materials in it",,['non-quantitative fact'],[],['nuclear armament'],1941,341,93,16,0.21483771251931993,0.26275115919629055,0.04791344667697063
20040930_bush_kerry,165,3,KERRY,516,566,the black market sale price was about $250 million,,['quantitative approximate'],[],['crime'],1941,341,50,9,0.26584234930448225,0.291602266872746,0.02575991756826378
20040930_bush_kerry,165,4,KERRY,573,633,there are terrorists trying to get their hands on that stuff,,['non-quantitative fact'],[],['terrorism'],1941,341,60,11,0.29520865533230295,0.3261205564142195,0.030911901081916538
20040930_bush_kerry,165,5,KERRY,645,788,"this president, I regret to say, has secured less nuclear material in the last two years since 9/11 than we did in the two years preceding 9/11",,"['comparison', 'temporal reference']",['behavioral attribution'],"['nuclear armament', 'terrorism']",1941,341,143,27,0.3323029366306028,0.4059763008758372,0.07367336424523442
20040930_bush_kerry,165,6,KERRY,865,908,The president actually cut the money for it,,['non-quantitative fact'],['behavioral attribution'],[],1941,341,43,8,0.4456465739309634,0.4678001030396703,0.02215352910870685
20040930_bush_kerry,165,7,KERRY,1075,1175,the president is spending hundreds of millions of dollars to research bunker-busting nuclear weapons,,['non-quantitative fact'],['behavioral attribution'],"['science/research', 'nuclear armament']",1941,341,100,14,0.5538382277176713,0.6053580628541989,0.05151983513652756
20040930_bush_kerry,165,8,KERRY,1177,1235,The United States is pursuing a new set of nuclear weapons,,['non-quantitative fact'],['behavioral attribution'],['nuclear armament'],1941,341,58,11,0.6063884595569294,0.6362699639361155,0.029881504379185988
20040930_bush_kerry,165,9,KERRY,1357,1392,we’re pursuing a new nuclear weapon,,['non-quantitative fact'],['behavioral attribution'],['nuclear armament'],1941,341,35,6,0.6991241628026791,0.7171561051004637,0.018031942297784646
20040930_bush_kerry,166,0,BUSH,10,119,we’ve increased funding for dealing with nuclear proliferation about 35 percent since I’ve been the president,,"['quantitative approximate', 'temporal reference', 'trend/change']",['behavioral attribution'],['nuclear armament'],1309,209,109,16,0.007639419404125287,0.09090909090909091,0.08326967150496563
20040930_bush_kerry,166,1,BUSH,430,628,My administration started what’s called the Proliferation Security Initiative. Over 60 nations involved with disrupting the trans-shipment of information and/or weapons of mass destruction materials,,['quantitative approximate'],['behavioral attribution'],"['international relations', 'nuclear armament']",1309,209,198,25,0.3284950343773873,0.479755538579068,0.15126050420168066
20040930_bush_kerry,166,2,BUSH,656,687,We busted the A.Q. Khan network,,['non-quantitative fact'],['behavioral attribution'],['nuclear armament'],1309,209,31,6,0.5011459129106188,0.5248281130634072,0.023682200152788387
20040930_bush_kerry,166,3,BUSH,689,790,This was a proliferator out of Pakistan that was selling secrets to places like North Korea and Libya,,['non-quantitative fact'],['behavioral attribution'],['nuclear armament'],1309,209,101,18,0.5263559969442322,0.6035141329258976,0.07715813598166539
20040930_bush_kerry,166,4,BUSH,792,820,We convinced Libya to disarm,,['non-quantitative fact'],['behavioral attribution'],['nuclear armament'],1309,209,28,5,0.6050420168067226,0.6264323911382735,0.0213903743315508
20040930_bush_kerry,166,5,BUSH,1013,1111,we’ve got a robust research and development program that has been ongoing during my administration,,"['non-quantitative fact', 'temporal reference']",[],['science/research'],1309,209,98,15,0.7738731856378915,0.8487394957983193,0.0748663101604278
20040930_bush_kerry,166,6,BUSH,1268,1308,My opponent opposed the missile defenses,,['non-quantitative fact'],['stance'],['defense/military'],1309,209,40,6,0.9686783804430863,0.9992360580595875,0.030557677616501147
20040930_bush_kerry,168,0,KERRY,172,204,North Korea has got more weapons,,['non-quantitative fact'],[],['nuclear armament'],424,77,32,6,0.4056603773584906,0.4811320754716981,0.07547169811320754
20040930_bush_kerry,168,1,KERRY,206,236,Iran is moving towards weapons,,['non-quantitative fact'],['behavioral attribution'],['nuclear armament'],424,77,30,5,0.4858490566037736,0.5566037735849056,0.07075471698113207
20040930_bush_kerry,168,2,KERRY,242,310,"at his pace, it will take 13 years to secure those weapons in Russia",,"['quantitative precise', 'forecast']",['behavioral attribution'],"['international relations', 'nuclear armament']",424,77,68,14,0.5707547169811321,0.7311320754716981,0.16037735849056603
20040930_bush_kerry,170,0,BUSH,31,47,said so publicly,,['non-quantitative fact'],['speech attribution'],[],1563,282,16,3,0.01983365323096609,0.030070377479206652,0.010236724248240563
20040930_bush_kerry,170,1,BUSH,454,506,where these terrorists gunned down young school kids,,['non-quantitative fact'],['behavioral attribution'],['terrorism'],1563,282,52,8,0.290467050543826,0.3237364043506078,0.03326935380678183
20040930_bush_kerry,171,0,KERRY,141,183,I was there right after the transformation,,['non-quantitative fact'],['behavioral attribution'],[],1587,289,42,7,0.0888468809073724,0.11531190926275993,0.026465028355387523
20040930_bush_kerry,171,1,KERRY,189,347,"I was probably one of the first senators, along with Senator Bob Smith of New Hampshire, a former senator, to go down into the KGB underneath Treblinka Square",,['ranking'],['behavioral attribution'],"['domestic politics', 'international relations']",1587,289,158,28,0.11909262759924386,0.21865154379332072,0.09955891619407688
20040930_bush_kerry,171,2,KERRY,578,628,Mr. Putin now controls all the television stations,,['non-quantitative fact'],['behavioral attribution'],[],1587,289,50,8,0.36420919974795213,0.39571518588531823,0.0315059861373661
20040930_bush_kerry,171,3,KERRY,630,675,His political opposition is being put in jail,,['non-quantitative fact'],[],['justice'],1587,289,45,8,0.39697542533081287,0.42533081285444235,0.02835538752362949
20040930_bush_kerry,171,4,KERRY,1278,1398,"who said “There were weapons of mass destruction,” said “Mission accomplished,” said we could fight the war on the cheap",,['non-quantitative fact'],['speech attribution'],"['nuclear armament', 'war/conflict']",1587,289,120,20,0.8052930056710775,0.8809073724007561,0.07561436672967864
20040930_bush_kerry,171,5,KERRY,1401,1424,none of which were true,,['non-quantitative fact'],['epistemic'],[],1587,289,23,5,0.8827977315689981,0.8972904851921865,0.014492753623188406
20040930_bush_kerry,176,0,KERRY,74,196,"The president said he was going to build a true coalition, exhaust the remedies of the U.N. and go to war as a last resort",,['non-quantitative fact'],['speech attribution'],"['international relations', 'war/conflict']",432,83,122,25,0.1712962962962963,0.4537037037037037,0.2824074074074074
20040930_bush_kerry,176,1,KERRY,261,297,he didn’t go to war as a last resort,,['non-quantitative fact'],['behavioral attribution'],['war/conflict'],432,83,36,9,0.6041666666666666,0.6875,0.08333333333333333
20040930_bush_kerry,176,2,KERRY,342,354,$200 billion,"""incredible mess"" is vague, rhetorical, subjective language, hence excluded",['quantitative precise'],[],[],432,83,12,2,0.7916666666666666,0.8194444444444444,0.027777777777777776
20040930_bush_kerry,177,0,KERRY,825,870,I defended this country as a young man in war,,['non-quantitative fact'],['behavioral attribution'],"['war/conflict', 'personal life']",1895,359,45,10,0.43535620052770446,0.45910290237467016,0.023746701846965697
20080926_obama_mccain,179,0,OBAMA,311,385,we are going through the worst financial crisis since the Great Depression,,['ranking'],[],['economy'],2189,398,74,12,0.14207400639561443,0.17587939698492464,0.03380539058931019
20080926_obama_mccain,179,1,OBAMA,859,983,I’ve put forward a series of proposals that make sure that we protect taxpayers as we engage in this important rescue effort,,['non-quantitative fact'],"['behavioral attribution', 'stance']",['economy'],2189,398,124,22,0.3924166285975331,0.4490634993147556,0.05664687071722248
20080926_obama_mccain,179,2,OBAMA,1559,1620,the foreclosures that are taking place all across the country,,['non-quantitative fact'],[],['housing'],2189,398,61,10,0.7121973503883051,0.7400639561443582,0.027866605756052994
20080926_obama_mccain,179,3,OBAMA,1685,1777,"eight years of failed economic policies promoted by George Bush, supported by Senator McCain",,['non-quantitative fact'],['stance'],"['economy', 'domestic politics']",2189,398,92,14,0.7697578803106442,0.8117862037460027,0.04202832343535861
20080926_obama_mccain,179,4,OBAMA,1779,1939,"a theory that basically says that we can shred regulations and consumer protections and give more and more to the most, and somehow prosperity will trickle down",,['non-quantitative fact'],['stance'],['economy'],2189,398,160,27,0.8126998629511192,0.8857925993604385,0.07309273640931932
20080926_obama_mccain,180,0,MCCAIN,959,1022,"the greatest fiscal crisis, probably in — certainly in our time",,['ranking'],[],['economy'],2117,391,63,11,0.45299952763344353,0.4827586206896552,0.02975909305621162
20080926_obama_mccain,180,1,MCCAIN,1359,1397,the government taking over those loans,,['non-quantitative fact'],[],['economy'],2117,391,38,6,0.641946150212565,0.6598960793575814,0.017949929145016533
20080926_obama_mccain,180,2,MCCAIN,1656,1753,it was the House Republicans that decided that they would be part of the solution to this problem,,['non-quantitative fact'],['behavioral attribution'],['domestic politics'],2117,391,97,18,0.7822390174775626,0.8280585734529995,0.04581955597543694
20080926_obama_mccain,180,3,MCCAIN,2087,2116,our dependence on foreign oil,,['non-quantitative fact'],[],"['energy', 'international relations']",2117,391,29,5,0.9858290033065659,0.9995276334435522,0.0136986301369863
20080926_obama_mccain,181,0,OBAMA,323,555,"Two years ago, I warned that, because of the subprime lending mess, because of the lax regulation, that we were potentially going to have a problem and tried to stop some of the abuses in mortgages that were taking place at the time",,['non-quantitative fact'],"['speech attribution', 'behavioral attribution']","['economy', 'housing']",1204,228,232,43,0.26827242524916944,0.46096345514950166,0.19269102990033224
20080926_obama_mccain,181,1,OBAMA,557,751,"Last year, I wrote to the secretary of the Treasury to make sure that he understood the magnitude of this problem and to call on him to bring all the stakeholders together to try to deal with it",,['non-quantitative fact'],['behavioral attribution'],['economy'],1204,228,194,38,0.462624584717608,0.6237541528239202,0.1611295681063123
20080926_obama_mccain,181,2,OBAMA,993,1024,we shredded so many regulations,,['non-quantitative fact'],[],['economy'],1204,228,31,5,0.824750830564784,0.8504983388704319,0.02574750830564784
20080926_obama_mccain,181,3,OBAMA,1113,1203,that in part has to do with an economic philosophy that says that regulation is always bad,,"['non-quantitative fact', 'causation']",[],['economy'],1204,228,90,17,0.9244186046511628,0.9991694352159468,0.07475083056478406
20080926_obama_mccain,184,0,MCCAIN,43,146,"I also warned about Fannie Mae and Freddie Mac and warned about corporate greed and excess, and CEO pay",,['non-quantitative fact'],['speech attribution'],['economy'],1332,228,103,19,0.03228228228228228,0.10960960960960961,0.07732732732732733
20080926_obama_mccain,184,1,MCCAIN,301,744,"President Eisenhower, on the night before the Normandy invasion, went into his room, and he wrote out two letters. One of them was a letter congratulating the great members of the military and allies that had conducted and succeeded in the greatest invasion in history, still to this day, and forever. And he wrote out another letter, and that was a letter of resignation from the United States Army for the failure of the landings at Normandy",,"['non-quantitative fact', 'temporal reference']",['behavioral attribution'],['war/conflict'],1332,228,443,77,0.22597597597597596,0.5585585585585585,0.3325825825825826
20080926_obama_mccain,184,2,MCCAIN,786,909,I’ve been heavily criticized because I called for the resignation of the chairman of the Securities and Exchange Commission,,"['non-quantitative fact', 'causation']",['speech attribution'],['economy'],1332,228,123,19,0.5900900900900901,0.6824324324324325,0.09234234234234234
20080926_obama_mccain,185,0,OBAMA,486,537,wages and incomes for ordinary Americans to go down,,['trend/change'],[],['economy'],709,126,51,9,0.685472496473907,0.7574047954866009,0.07193229901269393
20080926_obama_mccain,185,1,OBAMA,639,708,"10 days ago, John said that the fundamentals of the economy are sound",,"['non-quantitative fact', 'temporal reference']",['speech attribution'],['economy'],709,126,69,13,0.9012693935119888,0.998589562764457,0.09732016925246827
20080926_obama_mccain,187,0,OBAMA,18,86,"10 days ago, you said that the fundamentals of the economy are sound",,['non-quantitative fact'],['speech attribution'],['economy'],92,18,68,13,0.1956521739130435,0.9347826086956522,0.7391304347826086
20080926_obama_mccain,189,0,OBAMA,340,414,They’re having to take out extra debt just to make their mortgage payments,,['non-quantitative fact'],[],"['economy', 'housing']",518,92,74,13,0.6563706563706564,0.7992277992277992,0.14285714285714285
20080926_obama_mccain,190,0,MCCAIN,309,402,"the various regulatory agencies that weren’t doing their job, that has brought on this crisis",,"['non-quantitative fact', 'causation']",['behavioral attribution'],['economy'],807,141,93,15,0.3828996282527881,0.49814126394052044,0.11524163568773234
20080926_obama_mccain,191,0,MCCAIN,125,221,we have now presided over the largest increase in the size of government since the Great Society,,['ranking'],[],['domestic politics'],1591,289,96,17,0.0785669390320553,0.13890634820867379,0.06033940917661848
20080926_obama_mccain,191,1,MCCAIN,498,628,we have former members of Congress now residing in federal prison because of the evils of this earmarking and pork-barrel spending,,"['non-quantitative fact', 'causation']",[],"['domestic politics', 'crime', 'justice']",1591,289,130,21,0.3130106851037084,0.39472030169704586,0.08170961659333752
20080926_obama_mccain,191,2,MCCAIN,640,696,we spent $3 million to study the DNA of bears in Montana,,['quantitative precise'],['behavioral attribution'],['science/research'],1591,289,56,12,0.4022627278441232,0.43746071653048396,0.03519798868636078
20080926_obama_mccain,191,3,MCCAIN,782,823,it was $3 million of our taxpayers’ money,,['quantitative precise'],[],[],1591,289,41,8,0.491514770584538,0.5172847265870522,0.025769956002514142
20080926_obama_mccain,191,4,MCCAIN,1173,1234,He has asked for $932 million of earmark pork-barrel spending,,['quantitative precise'],['behavioral attribution'],['domestic politics'],1591,289,61,10,0.7372721558768071,0.77561282212445,0.03834066624764299
20080926_obama_mccain,192,0,OBAMA,46,82,the earmarks process has been abused,,['non-quantitative fact'],[],['domestic politics'],1401,252,36,6,0.03283369022127052,0.05852962169878658,0.02569593147751606
20080926_obama_mccain,192,1,OBAMA,97,139,I suspended any requests for my home state,,['non-quantitative fact'],['behavioral attribution'],[],1401,252,42,8,0.06923625981441828,0.099214846538187,0.029978586723768737
20080926_obama_mccain,192,2,OBAMA,242,342,oftentimes lobbyists and special interests are the ones that are introducing these kinds of requests,,['quantitative vague'],[],['domestic politics'],1401,252,100,15,0.17273376159885795,0.24411134903640258,0.07137758743754462
20080926_obama_mccain,192,3,OBAMA,353,381,that wasn’t the case with me,,['non-quantitative fact'],[],[],1401,252,28,6,0.25196288365453245,0.27194860813704497,0.01998572448251249
20080926_obama_mccain,192,4,OBAMA,403,457,Earmarks account for $18 billion in last year’s budget,,"['quantitative precise', 'temporal reference']",[],['domestic politics'],1401,252,54,9,0.28765167737330477,0.3261955745895789,0.03854389721627409
20080926_obama_mccain,192,5,OBAMA,459,647,"Senator McCain is proposing — and this is a fundamental difference between us — $300 billion in tax cuts to some of the wealthiest corporations and individuals in the country, $300 billion",,['quantitative precise'],['stance'],['economy'],1401,252,188,32,0.32762312633832974,0.46181299072091364,0.13418986438258387
20080926_obama_mccain,192,6,OBAMA,718,868,"in his tax plan, you would have CEOs of Fortune 500 companies getting an average of $700,000 in reduced taxes, while leaving 100 million Americans out",,"['quantitative precise', 'quantitative approximate']",['stance'],['economy'],1401,252,150,26,0.5124910778015703,0.6195574589578873,0.10706638115631692
20080926_obama_mccain,192,7,OBAMA,939,1019,"What I’ve called for is a tax cut for 95 percent of working families, 95 percent",,['quantitative precise'],['stance'],['economy'],1401,252,80,16,0.6702355460385439,0.7273376159885796,0.05710206995003569
20080926_obama_mccain,194,0,MCCAIN,0,119,Senator Obama suspended those requests for pork-barrel projects after he was running for president of the United States,,['non-quantitative fact'],['behavioral attribution'],['domestic politics'],1223,222,119,18,0.0,0.0973017170891251,0.0973017170891251
20080926_obama_mccain,194,1,MCCAIN,226,250,$932 million in requests,,['quantitative precise'],[],[],1223,222,24,4,0.1847914963205233,0.2044153720359771,0.019623875715453803
20080926_obama_mccain,194,2,MCCAIN,401,436,it’s tripled in the last five years,,"['temporal reference', 'trend/change']",[],[],1223,222,35,7,0.32788225674570726,0.3565004088307441,0.028618152085036794
20080926_obama_mccain,194,3,MCCAIN,669,729,I have fought against it my career. I have fought against it,,['non-quantitative fact'],['stance'],[],1223,222,60,12,0.5470155355682748,0.5960752248569092,0.04905968928863451
20080926_obama_mccain,194,4,MCCAIN,731,823,"I was called the sheriff, by the — one of the senior members of the Appropriations Committee",,['non-quantitative fact'],['speech attribution'],['domestic politics'],1223,222,92,17,0.5977105478331971,0.6729354047424366,0.07522485690923958
20080926_obama_mccain,194,5,MCCAIN,950,1020,he is also proposing some $800 billion in new spending on new programs,,['quantitative approximate'],['stance'],[],1223,222,70,13,0.776778413736713,0.8340147179067866,0.05723630417007359
20080926_obama_mccain,195,0,OBAMA,130,186,tax cuts to corporations that are shipping jobs overseas,,['non-quantitative fact'],[],['economy'],812,150,56,9,0.16009852216748768,0.229064039408867,0.06896551724137931
20080926_obama_mccain,196,0,OBAMA,21,94,your tax policies that are directed primarily at those who are doing well,,['non-quantitative fact'],['stance'],['economy'],252,46,73,13,0.08333333333333333,0.373015873015873,0.2896825396825397
20080926_obama_mccain,197,0,MCCAIN,112,217,"in the United States of America, business pays the second-highest business taxes in the world, 35 percent",,"['quantitative precise', 'ranking']",[],['economy'],1482,269,105,17,0.07557354925775979,0.14642375168690958,0.0708502024291498
20080926_obama_mccain,197,1,MCCAIN,219,242,Ireland pays 11 percent,,['quantitative precise'],[],['economy'],1482,269,23,4,0.14777327935222673,0.1632928475033738,0.0155195681511471
20080926_obama_mccain,197,2,MCCAIN,670,726,It’s a lot more than $18 billion in pork-barrel spending,,"['quantitative vague', 'comparison']",[],[],1482,269,56,10,0.45209176788124156,0.4898785425101215,0.037786774628879895
20080926_obama_mccain,197,3,MCCAIN,1006,1068,requesting $932 million worth of pork-barrel spending projects,,['quantitative precise'],['behavioral attribution'],['domestic politics'],1482,269,62,8,0.6788124156545209,0.7206477732793523,0.04183535762483131
20080926_obama_mccain,197,4,MCCAIN,1119,1231,"I want every family to have a $5,000 refundable tax credit so they can go out and purchase their own health care",,['quantitative precise'],['stance'],"['economy', 'health/medicine']",1482,269,112,22,0.7550607287449392,0.8306342780026991,0.07557354925775979
20080926_obama_mccain,197,5,MCCAIN,1233,1321,"I want to double the dividend from $3,500 to $7,000 for every dependent child in America",,['quantitative precise'],['stance'],['economy'],1482,269,88,16,0.8319838056680162,0.8913630229419703,0.059379217273954114
20080926_obama_mccain,199,0,OBAMA,60,96,95 percent of you will get a tax cut,,"['quantitative precise', 'forecast']",[],['economy'],1549,292,36,9,0.03873466752743705,0.06197546804389929,0.023240800516462233
20080926_obama_mccain,199,1,OBAMA,102,232,"if you make less than $250,000, less than a quarter-million dollars a year, then you will not see one dime’s worth of tax increase",,"['quantitative precise', 'forecast']",[],[],1549,292,130,24,0.065848934796643,0.14977404777275663,0.08392511297611362
20080926_obama_mccain,199,2,OBAMA,268,316,business taxes on paper are high in this country,,['quantitative vague'],[],['economy'],1549,292,48,9,0.17301484828921884,0.2040025823111685,0.030987734021949646
20080926_obama_mccain,199,3,OBAMA,365,476,"There are so many loopholes that have been written into the tax code, oftentimes with support of Senator McCain",,['non-quantitative fact'],['stance'],['economy'],1549,292,111,19,0.23563589412524208,0.30729502905100065,0.07165913492575855
20080926_obama_mccain,199,4,OBAMA,483,570,we actually see our businesses pay effectively one of the lowest tax rates in the world,,['ranking'],[],['economy'],1549,292,87,16,0.3118140735958683,0.36797934151065204,0.05616526791478373
20080926_obama_mccain,199,5,OBAMA,661,690,who are not getting a tax cut,,['non-quantitative fact'],['behavioral attribution'],['economy'],1549,292,29,7,0.4267269205939316,0.44544867656552617,0.01872175597159458
20080926_obama_mccain,199,6,OBAMA,696,722,you want to give them more,,['non-quantitative fact'],['stance'],[],1549,292,26,6,0.44932214331826986,0.46610716591349255,0.016785022595222725
20080926_obama_mccain,199,7,OBAMA,771,832,You just want to add an additional tax cut over the loopholes,,['non-quantitative fact'],['stance'],['economy'],1549,292,61,12,0.4977404777275662,0.5371207230471272,0.039380245319561004
20080926_obama_mccain,199,8,OBAMA,998,1063,"he intends to, for the first time in history, tax health benefits",,"['non-quantitative fact', 'ranking']",['stance'],"['economy', 'health/medicine']",1549,292,65,12,0.6442866365397031,0.6862491930277599,0.04196255648805681
20080926_obama_mccain,199,9,OBAMA,1137,1229,Your employer now has to pay taxes on the health care that you’re getting from your employer,,['non-quantitative fact'],[],"['economy', 'health/medicine']",1549,292,92,17,0.7340219496449322,0.7934151065203358,0.05939315687540349
20080926_obama_mccain,201,0,MCCAIN,194,277,"It had all kinds of breaks for the oil companies, I mean, billions of dollars worth",,['quantitative approximate'],[],"['economy', 'energy']",326,61,83,16,0.5950920245398773,0.8496932515337423,0.254601226993865
20080926_obama_mccain,201,1,MCCAIN,279,297,I voted against it,,['non-quantitative fact'],['stance'],[],326,61,18,4,0.8558282208588958,0.911042944785276,0.05521472392638037
20080926_obama_mccain,201,2,MCCAIN,299,325,Senator Obama voted for it,,['non-quantitative fact'],['stance'],[],326,61,26,5,0.9171779141104295,0.9969325153374233,0.07975460122699386
20080926_obama_mccain,202,0,OBAMA,6,55,you want to give oil companies another $4 billion,,['quantitative precise'],['stance'],['energy'],56,10,49,9,0.10714285714285714,0.9821428571428571,0.875
20080926_obama_mccain,203,0,MCCAIN,344,370,I’ve fought to simplify it,,['non-quantitative fact'],"['behavioral attribution', 'stance']",[],826,152,26,5,0.41646489104116224,0.44794188861985473,0.031476997578692496
20080926_obama_mccain,203,1,MCCAIN,376,407,I have proposals to simplify it,,['non-quantitative fact'],['stance'],[],826,152,31,6,0.4552058111380145,0.4927360774818402,0.03753026634382567
20080926_obama_mccain,203,2,MCCAIN,723,825,"He has voted in the United States Senate to increase taxes on people who make as low as $42,000 a year",,['quantitative precise'],"['behavioral attribution', 'stance']",['economy'],826,152,102,21,0.8753026634382567,0.9987893462469734,0.1234866828087167
20080926_obama_mccain,206,0,OBAMA,125,187,oil companies would get an additional $4 billion in tax breaks,"did not start at ""under your tax plan"" because there's both a vocative and an epistemic comment ""this is undeniable"", too noisy","['quantitative precise', 'forecast']",[],"['economy', 'energy']",390,75,62,11,0.32051282051282054,0.4794871794871795,0.15897435897435896
20080926_obama_mccain,208,0,OBAMA,50,83,I was opposed to those tax breaks,,['non-quantitative fact'],['stance'],['economy'],349,65,33,7,0.14326647564469913,0.23782234957020057,0.09455587392550144
20080926_obama_mccain,208,1,OBAMA,251,348,you’re opposed to it because it would strip away those tax breaks that have gone to oil companies,,['causation'],['stance'],"['economy', 'energy']",349,65,97,18,0.7191977077363897,0.997134670487106,0.27793696275071633
20080926_obama_mccain,209,0,OBAMA,446,692,"I’ve put forward a plan to make sure that, in 10 years’ time, we have freed ourselves from dependence on Middle Eastern oil by increasing production at home, but most importantly by starting to invest in alternative energy, solar, wind, biodiesel",,['non-quantitative fact'],"['behavioral attribution', 'stance']","['energy', 'environment', 'international relations']",2267,416,246,41,0.19673577415086016,0.30524922805469784,0.10851345390383767
20080926_obama_mccain,209,1,OBAMA,978,1040,the average deductible went up 30 percent on American families,,"['quantitative precise', 'trend/change']",[],['health/medicine'],2267,416,62,10,0.43140714600794,0.45875606528451696,0.027348919276576972
20080926_obama_mccain,209,2,OBAMA,1072,1135,many of them are going bankrupt as a consequence of health care,,"['quantitative vague', 'causation']",[],"['economy', 'health/medicine']",2267,416,63,12,0.4728716365240406,0.5006616674018527,0.027790030877812087
20080926_obama_mccain,210,0,MCCAIN,126,202,Senator Obama has the most liberal voting record in the United States Senate,,['ranking'],"['behavioral attribution', 'stance']",['domestic politics'],1108,204,76,13,0.11371841155234658,0.18231046931407943,0.06859205776173286
20080926_obama_mccain,210,1,MCCAIN,414,440,I oppose ethanol subsidies,,['non-quantitative fact'],['stance'],[],1108,204,26,4,0.37364620938628157,0.3971119133574007,0.023465703971119134
20080926_obama_mccain,210,2,MCCAIN,509,556,which is the largest part of our appropriations,,['ranking'],[],"['economy', 'domestic politics']",1108,204,47,8,0.45938628158844763,0.5018050541516246,0.042418772563176894
20080926_obama_mccain,210,3,MCCAIN,717,841,"the Littoral Combat Ship that was supposed to cost $140 million, ended up costing $400 million, and we still haven’t done it",,['quantitative precise'],[],[],1108,204,124,22,0.6471119133574007,0.7590252707581228,0.11191335740072202
20080926_obama_mccain,211,0,MCCAIN,0,100,I saved the taxpayers $6.8 billion by fighting a contract that was negotiated between Boeing and DOD,,['quantitative precise'],['behavioral attribution'],['defense/military'],512,96,100,17,0.0,0.1953125,0.1953125
20080926_obama_mccain,211,1,MCCAIN,165,202,the people ended up in federal prison,,['non-quantitative fact'],[],"['crime', 'justice']",512,96,37,7,0.322265625,0.39453125,0.072265625
20080926_obama_mccain,213,0,OBAMA,120,149,the dependence on foreign oil,,['non-quantitative fact'],[],"['energy', 'international relations']",203,38,29,5,0.5911330049261084,0.7339901477832512,0.14285714285714285
20080926_obama_mccain,214,0,OBAMA,138,237,We right now give $15 billion every year as subsidies to private insurers under the Medicare system,,['quantitative precise'],[],['health/medicine'],1075,195,99,17,0.1283720930232558,0.22046511627906976,0.09209302325581395
20080926_obama_mccain,214,1,OBAMA,380,426,lobbyists are able to shape how Medicare works,,['non-quantitative fact'],"['behavioral attribution', 'conspiracy']",['health/medicine'],1075,195,46,8,0.35348837209302325,0.39627906976744187,0.04279069767441861
20080926_obama_mccain,214,2,OBAMA,428,478,They did it on the Medicaid prescription drug bill,,['non-quantitative fact'],['behavioral attribution'],"['health/medicine', 'domestic politics']",1075,195,50,9,0.39813953488372095,0.44465116279069766,0.046511627906976744
20080926_obama_mccain,214,3,OBAMA,715,804,"I worked with Tom Coburn, the most conservative, one of the most conservative Republicans",,"['non-quantitative fact', 'ranking']",['behavioral attribution'],['domestic politics'],1075,195,89,14,0.6651162790697674,0.747906976744186,0.0827906976744186
20080926_obama_mccain,217,0,OBAMA,385,438,We are currently spending $10 billion a month in Iraq,,['non-quantitative fact'],[],['war/conflict'],612,115,53,10,0.6290849673202614,0.7156862745098039,0.08660130718954248
20080926_obama_mccain,217,1,OBAMA,444,475,they have a $79 billion surplus,,['quantitative precise'],[],[],612,115,31,6,0.7254901960784313,0.7761437908496732,0.05065359477124183
20080926_obama_mccain,218,0,MCCAIN,6,49,we are sending $700 billion a year overseas,,['quantitative precise'],[],['international relations'],840,153,43,8,0.007142857142857143,0.058333333333333334,0.05119047619047619
20080926_obama_mccain,218,1,MCCAIN,93,159,Some of that money ends up in the hands of terrorist organizations,,['quantitative vague'],[],['terrorism'],840,153,66,12,0.11071428571428571,0.18928571428571428,0.07857142857142857
20080926_obama_mccain,218,2,MCCAIN,320,393,Senator Obama opposes both storing and reprocessing of spent nuclear fuel,,['non-quantitative fact'],['stance'],"['energy', 'environment']",840,153,73,11,0.38095238095238093,0.46785714285714286,0.0869047619047619
20080926_obama_mccain,218,3,MCCAIN,446,542,"we can create 700,000 jobs by building constructing 45 new nuclear power plants by the year 2030",,"['quantitative precise', 'forecast', 'temporal reference']",['stance'],"['energy', 'environment']",840,153,96,17,0.530952380952381,0.6452380952380953,0.11428571428571428
20080926_obama_mccain,218,4,MCCAIN,700,753,"An issue I have been involved in for many, many years",,['quantitative vague'],"['behavioral attribution', 'stance']",[],840,153,53,11,0.8333333333333334,0.8964285714285715,0.0630952380952381
20080926_obama_mccain,219,0,OBAMA,234,397,"that happened during the Great Depression when Roosevelt purchased a whole bunch of homes, over time, home values went back up and in fact government made a profit",,"['non-quantitative fact', 'temporal reference']",['behavioral attribution'],"['economy', 'housing']",1207,227,163,28,0.19386909693454846,0.32891466445733225,0.13504556752278377
20080926_obama_mccain,219,1,OBAMA,900,971,we are spending $300 billion on tax cuts for people who don’t need them,,['quantitative precise'],[],['economy'],1207,227,71,14,0.7456503728251864,0.8044739022369511,0.058823529411764705
20080926_obama_mccain,220,0,MCCAIN,98,183,which is basically what would ultimately happen with Senator Obama’s health care plan,,['forecast'],['stance'],['health/medicine'],1375,239,85,13,0.07127272727272728,0.1330909090909091,0.06181818181818182
20080926_obama_mccain,220,1,MCCAIN,330,359,I have fought to cut spending,,['non-quantitative fact'],"['behavioral attribution', 'stance']",[],1375,239,29,6,0.24,0.2610909090909091,0.02109090909090909
20080926_obama_mccain,220,2,MCCAIN,361,416,Senator Obama has $800 billion in new spending programs,,['quantitative precise'],"['behavioral attribution', 'stance']",[],1375,239,55,9,0.2625454545454545,0.30254545454545456,0.04
20080926_obama_mccain,220,3,MCCAIN,470,502,new spending program that he has,,['non-quantitative fact'],['behavioral attribution'],[],1375,239,32,6,0.3418181818181818,0.3650909090909091,0.02327272727272727
20080926_obama_mccain,220,4,MCCAIN,981,1006,We owe China $500 billion,,['quantitative precise'],[],"['economy', 'international relations']",1375,239,25,5,0.7134545454545455,0.7316363636363636,0.01818181818181818
20080926_obama_mccain,220,5,MCCAIN,1067,1124,I have fought against excessive spending my entire career,,['non-quantitative fact'],"['behavioral attribution', 'stance']",[],1375,239,57,9,0.776,0.8174545454545454,0.04145454545454545
20080926_obama_mccain,221,0,OBAMA,43,163,it’s been your president who you said you agreed with 90 percent of the time who presided over this increase in spending,,"['quantitative precise', 'non-quantitative fact']","['speech attribution', 'behavioral attribution']",['domestic politics'],528,98,120,22,0.08143939393939394,0.3087121212121212,0.22727272727272727
20080926_obama_mccain,221,1,OBAMA,430,476,over the last eight years that hasn’t happened,,"['non-quantitative fact', 'temporal reference']",[],[],528,98,46,8,0.8143939393939394,0.9015151515151515,0.08712121212121213
20080926_obama_mccain,222,0,MCCAIN,120,278,"I have opposed the president on spending, on climate change, on torture of prisoner, on – on Guantanamo Bay. On a — on the way that the Iraq War was conducted",,['non-quantitative fact'],"['behavioral attribution', 'stance']","['environment', 'domestic politics', 'war/conflict', 'justice']",482,91,158,31,0.24896265560165975,0.5767634854771784,0.3278008298755187
20080926_obama_mccain,223,0,MCCAIN,256,278,I went to Iraq in 2003,,"['non-quantitative fact', 'temporal reference']",['behavioral attribution'],['war/conflict'],709,126,22,6,0.3610719322990127,0.3921015514809591,0.031029619181946404
20080926_obama_mccain,223,1,MCCAIN,429,444,I fought for it,,['non-quantitative fact'],"['behavioral attribution', 'stance']",[],709,126,15,4,0.6050775740479548,0.6262341325811002,0.021156558533145273
20080926_obama_mccain,223,2,MCCAIN,559,581,we are winning in Iraq,,['non-quantitative fact'],[],['war/conflict'],709,126,22,5,0.7884344146685472,0.8194640338504936,0.031029619181946404
20080926_obama_mccain,224,0,MCCAIN,540,562,we are winning in Iraq,,['non-quantitative fact'],[],['war/conflict'],666,128,22,5,0.8108108108108109,0.8438438438438438,0.03303303303303303
20080926_obama_mccain,225,0,OBAMA,182,228,"six years ago, I stood up and opposed this war",,"['non-quantitative fact', 'temporal reference']","['behavioral attribution', 'stance']",['war/conflict'],1727,329,46,10,0.10538506079907353,0.13202084539664158,0.026635784597568036
20080926_obama_mccain,225,1,OBAMA,849,909,"We’ve spent over $600 billion so far, soon to be $1 trillion",,"['quantitative approximate', 'forecast']",[],[],1727,329,60,12,0.4916039374638101,0.5263462651997683,0.03474232773595831
20080926_obama_mccain,225,2,OBAMA,911,940,"We have lost over 4,000 lives",,['quantitative precise'],[],[],1727,329,29,6,0.527504342790967,0.5442964678633468,0.01679212507237985
20080926_obama_mccain,225,3,OBAMA,942,969,"We have seen 30,000 wounded",,['quantitative precise'],[],[],1727,329,27,5,0.5454545454545454,0.5610885929357267,0.01563404748118124
20080926_obama_mccain,225,4,OBAMA,1041,1104,"al Qaeda is resurgent, stronger now than at any time since 2001",,"['non-quantitative fact', 'temporal reference', 'ranking']",[],['terrorism'],1727,329,63,12,0.6027793862188766,0.6392588303416329,0.03647944412275622
20080926_obama_mccain,225,5,OBAMA,1160,1201,we are still spending $10 billion a month,,['quantitative precise'],[],[],1727,329,41,8,0.671685002895194,0.6954255935147655,0.02374059061957151
20080926_obama_mccain,225,6,OBAMA,1208,1239,they have a $79 billion surplus,,['quantitative precise'],[],[],1727,329,31,6,0.6994788650839606,0.7174290677475391,0.01795020266357846
20080926_obama_mccain,225,7,OBAMA,1370,1475,we are borrowing money from overseas to try to finance just some of the basic functions of our government,,['non-quantitative fact'],[],['domestic politics'],1727,329,105,19,0.7932831499710481,0.8540822235089751,0.06079907353792704
20080926_obama_mccain,226,0,MCCAIN,308,425,"Senator Obama said the surge could not work, said it would increase sectarian violence, said it was doomed to failure",,['non-quantitative fact'],['speech attribution'],['war/conflict'],739,134,117,20,0.4167794316644114,0.5751014884979703,0.15832205683355885
20080926_obama_mccain,226,1,MCCAIN,427,503,"Recently on a television program, he said it exceed our wildest expectations",,['non-quantitative fact'],['speech attribution'],[],739,134,76,12,0.577807848443843,0.6806495263870095,0.10284167794316644
20080926_obama_mccain,226,2,MCCAIN,536,617,he still says that he would oppose the surge if he had to decide that again today,,['non-quantitative fact'],"['speech attribution', 'stance']",['war/conflict'],739,134,81,17,0.7253044654939107,0.8349120433017592,0.10960757780784844
20080926_obama_mccain,226,3,MCCAIN,642,738,Senator Obama didn’t go to Iraq for 900 days and never asked for a meeting with General Petraeus,,"['quantitative precise', 'non-quantitative fact']",['behavioral attribution'],['war/conflict'],739,134,96,18,0.8687415426251691,0.9986468200270636,0.12990527740189445
20080926_obama_mccain,227,0,MCCAIN,0,90,Senator Obama is the chairperson of a committee that oversights NATO that’s in Afghanistan,,['non-quantitative fact'],[],"['international relations', 'war/conflict']",132,23,90,14,0.0,0.6818181818181818,0.6818181818181818
20080926_obama_mccain,227,1,MCCAIN,105,131,he has never had a hearing,,['non-quantitative fact'],['behavioral attribution'],[],132,23,26,6,0.7954545454545454,0.9924242424242424,0.19696969696969696
20080926_obama_mccain,230,0,OBAMA,174,327,"the issues of Afghanistan, the issues of Iraq, critical issues like that, don’t go through my subcommittee because they’re done as a committee as a whole",,['non-quantitative fact'],['behavioral attribution'],"['domestic politics', 'war/conflict']",1251,225,153,26,0.13908872901678657,0.26139088729016785,0.1223021582733813
20080926_obama_mccain,230,1,OBAMA,447,476,the violence has been reduced,,['trend/change'],[],['war/conflict'],1251,225,29,5,0.35731414868105515,0.38049560351718625,0.023181454836131096
20080926_obama_mccain,230,2,OBAMA,818,841,the war started in 2007,,"['non-quantitative fact', 'temporal reference']",[],['war/conflict'],1251,225,23,5,0.653876898481215,0.6722621902478018,0.01838529176658673
20080926_obama_mccain,230,3,OBAMA,869,892,The war started in 2003,,"['non-quantitative fact', 'temporal reference']",[],['war/conflict'],1251,225,23,5,0.6946442845723422,0.7130295763389288,0.01838529176658673
20080926_obama_mccain,230,4,OBAMA,898,974,"at the time when the war started, you said it was going to be quick and easy",,['non-quantitative fact'],['speech attribution'],['war/conflict'],1251,225,76,17,0.7178257394084733,0.7785771382893685,0.060751398880895285
20080926_obama_mccain,230,5,OBAMA,976,1035,You said we knew where the weapons of mass destruction were,,['non-quantitative fact'],"['speech attribution', 'epistemic']",['nuclear armament'],1251,225,59,11,0.78017585931255,0.8273381294964028,0.04716227018385292
20080926_obama_mccain,230,6,OBAMA,1053,1108,You said that we were going to be greeted as liberators,,['non-quantitative fact'],['speech attribution'],['war/conflict'],1251,225,55,11,0.841726618705036,0.885691446842526,0.04396482813749001
20080926_obama_mccain,230,7,OBAMA,1126,1195,You said that there was no history of violence between Shia and Sunni,,['non-quantitative fact'],['speech attribution'],['war/conflict'],1251,225,69,13,0.9000799360511591,0.9552358113509193,0.05515587529976019
20080926_obama_mccain,232,0,MCCAIN,134,174,two Fourths of July ago I was in Baghdad,,['temporal reference'],['behavioral attribution'],['international relations'],759,137,40,9,0.17654808959156784,0.22924901185770752,0.052700922266139656
20080926_obama_mccain,232,1,MCCAIN,176,388,"General Petraeus invited Senator Lindsey Graham and me to attend a ceremony where 688 brave young Americans, whose enlistment had expired, were reenlisting to stay and fight for Iraqi freedom and American freedom",,['non-quantitative fact'],['behavioral attribution'],"['international relations', 'war/conflict']",759,137,212,33,0.2318840579710145,0.5111989459815547,0.27931488801054016
20080926_obama_mccain,232,2,MCCAIN,676,692,they are winning,,['non-quantitative fact'],[],[],759,137,16,3,0.8906455862977603,0.9117259552042161,0.021080368906455864
20080926_obama_mccain,232,3,MCCAIN,736,758,we are winning in Iraq,,['non-quantitative fact'],[],['war/conflict'],759,137,22,5,0.9696969696969697,0.9986824769433466,0.028985507246376812
20080926_obama_mccain,238,0,MCCAIN,101,275,"Senator Obama, who after promising not to vote to cut off funds for the troops, did the incredible thing of voting to cut off the funds for the troops in Iraq and Afghanistan",,['non-quantitative fact'],"['speech attribution', 'behavioral attribution', 'stance']",['war/conflict'],276,51,174,33,0.36594202898550726,0.9963768115942029,0.6304347826086957
20080926_obama_mccain,239,0,OBAMA,175,294,"Senator McCain opposed funding for troops in legislation that had a timetable, because he didn’t believe in a timetable",,"['non-quantitative fact', 'causation']","['behavioral attribution', 'stance']","['domestic politics', 'war/conflict']",1914,342,119,19,0.09143155694879833,0.1536050156739812,0.062173458725182866
20080926_obama_mccain,239,1,OBAMA,296,402,"I opposed funding a mission that had no timetable, and was open-ended, giving a blank check to George Bush",,['non-quantitative fact'],"['behavioral attribution', 'stance']",['war/conflict'],1914,342,106,19,0.15464994775339602,0.21003134796238246,0.055381400208986416
20080926_obama_mccain,239,2,OBAMA,838,882,"We have seen Afghanistan worsen, deteriorate",,['trend/change'],[],[],1914,342,44,6,0.4378265412748171,0.4608150470219436,0.022988505747126436
20080926_obama_mccain,239,3,OBAMA,1116,1139,bin Laden was still out,,['non-quantitative fact'],[],['terrorism'],1914,342,23,5,0.5830721003134797,0.5950888192267503,0.012016718913270637
20080926_obama_mccain,239,4,OBAMA,1149,1181,they’ve reconstituted themselves,,['non-quantitative fact'],[],[],1914,342,32,3,0.6003134796238244,0.6170323928944619,0.01671891327063741
20080926_obama_mccain,239,5,OBAMA,1183,1307,Secretary of Defense Robert Gates himself acknowledges the war on terrorism started in Afghanistan and it needs to end there,,['non-quantitative fact'],['speech attribution'],"['defense/military', 'war/conflict']",1914,342,124,20,0.6180773249738767,0.6828631138975967,0.06478578892371996
20080926_obama_mccain,239,6,OBAMA,1709,1842,"the commanders in Afghanistan, as well as Admiral Mullen, have acknowledged that we don’t have enough troops to deal with Afghanistan",,['non-quantitative fact'],['speech attribution'],"['defense/military', 'war/conflict']",1914,342,133,21,0.8928944618599791,0.9623824451410659,0.06948798328108673
20080926_obama_mccain,239,7,OBAMA,1851,1913,we still have more troops in Iraq than we did before the surge,,"['comparison', 'temporal reference']",[],"['defense/military', 'war/conflict']",1914,342,62,13,0.9670846394984326,0.9994775339602926,0.03239289446185998
20080926_obama_mccain,240,0,MCCAIN,0,74,Admiral Mullen suggests that Senator Obama’s plan is dangerous for America,,['non-quantitative fact'],['speech attribution'],[],75,11,74,11,0.0,0.9866666666666667,0.9866666666666667
20080926_obama_mccain,246,0,MCCAIN,125,177,they both said that Iraq is the central battleground,,['non-quantitative fact'],['speech attribution'],['war/conflict'],570,101,52,9,0.21929824561403508,0.3105263157894737,0.0912280701754386
20080926_obama_mccain,246,1,MCCAIN,330,443,"Senator Obama’s original plan, they would have been out last spring before the surge ever had a chance to succeed",,"['non-quantitative fact', 'temporal reference']",['stance'],['war/conflict'],570,101,113,20,0.5789473684210527,0.7771929824561403,0.19824561403508772
20080926_obama_mccain,246,2,MCCAIN,476,569,Senator Obama was surprised and said that the surge succeeded beyond his wildest expectations,,['non-quantitative fact'],['speech attribution'],['war/conflict'],570,101,93,14,0.8350877192982457,0.9982456140350877,0.1631578947368421
20080926_obama_mccain,248,0,OBAMA,34,75,I’ve been saying that for over a year now,,['temporal reference'],"['speech attribution', 'stance']",[],2052,372,41,9,0.016569200779727095,0.03654970760233918,0.019980506822612085
20080926_obama_mccain,248,1,OBAMA,143,228,it’s been acknowledged by the commanders on the ground the situation is getting worse,,['non-quantitative fact'],['speech attribution'],"['defense/military', 'war/conflict']",2052,372,85,14,0.06968810916179337,0.1111111111111111,0.041423001949317736
20080926_obama_mccain,248,2,OBAMA,242,332,We had the highest fatalities among U.S. troops this past year than at any time since 2002,,"['temporal reference', 'ranking']",[],['defense/military'],2052,372,90,17,0.11793372319688109,0.1617933723196881,0.043859649122807015
20080926_obama_mccain,248,3,OBAMA,385,450,Al Qaida and Taliban crossing the border and attacking our troops,,['non-quantitative fact'],['behavioral attribution'],"['defense/military', 'terrorism']",2052,372,65,11,0.18762183235867447,0.21929824561403508,0.03167641325536062
20080926_obama_mccain,248,4,OBAMA,555,647,what our commanders have said is we don’t have the troops right now to deal with Afghanistan,,['non-quantitative fact'],['speech attribution'],"['defense/military', 'war/conflict']",2052,372,92,17,0.27046783625730997,0.3153021442495127,0.04483430799220273
20080926_obama_mccain,248,5,OBAMA,737,784,we have four times the number of troops in Iraq,,['comparison'],[],"['defense/military', 'war/conflict']",2052,372,47,10,0.3591617933723197,0.3820662768031189,0.02290448343079922
20080926_obama_mccain,248,6,OBAMA,786,845,where nobody had anything to do with 9/11 before we went in,,['non-quantitative fact'],['behavioral attribution'],['terrorism'],2052,372,59,12,0.3830409356725146,0.4117933723196881,0.028752436647173488
20080926_obama_mccain,248,7,OBAMA,863,902,there was no Al Qaida before we went in,,"['non-quantitative fact', 'temporal reference']",[],['terrorism'],2052,372,39,9,0.42056530214424953,0.4395711500974659,0.019005847953216373
20080926_obama_mccain,248,8,OBAMA,908,970,we have four times more troops there than we do in Afghanistan,,['comparison'],[],"['defense/military', 'war/conflict']",2052,372,62,12,0.442495126705653,0.4727095516569201,0.030214424951267055
20080926_obama_mccain,248,9,OBAMA,1128,1287,Secretary of Defense Gates acknowledged the central front — that the place where we have to deal with these folks is going to be in Afghanistan and in Pakistan,,['non-quantitative fact'],['speech attribution'],"['defense/military', 'war/conflict']",2052,372,159,29,0.5497076023391813,0.6271929824561403,0.07748538011695906
20080926_obama_mccain,248,10,OBAMA,1549,1616,a growing poppy trade that has exploded over the last several years,,['trend/change'],[],['narcotics'],2052,372,67,12,0.7548732943469786,0.7875243664717348,0.032651072124756333
20080926_obama_mccain,248,11,OBAMA,1673,1770,"Al Qaida and the Taliban have safe havens in Pakistan, across the border in the northwest regions",,['non-quantitative fact'],[],['terrorism'],2052,372,97,17,0.8153021442495126,0.8625730994152047,0.047270955165692005
20080926_obama_mccain,248,12,OBAMA,1796,1911,"under George Bush, with the support of Senator McCain, we’ve been giving them $10 billion over the last seven years",,"['quantitative precise', 'temporal reference']","['behavioral attribution', 'stance']",['domestic politics'],2052,372,115,20,0.8752436647173489,0.9312865497076024,0.05604288499025341
20080926_obama_mccain,249,0,MCCAIN,227,273,"the result over time was the Taliban, Al Qaida",,['causation'],[],['terrorism'],2581,478,46,9,0.08795040681906238,0.10577295621851995,0.017822549399457575
20080926_obama_mccain,249,1,MCCAIN,695,760,he has said that he would announce military strikes into Pakistan,,['non-quantitative fact'],"['speech attribution', 'stance']",['war/conflict'],2581,478,65,11,0.26927547462223944,0.29445951181712515,0.025184037194885704
20080926_obama_mccain,249,2,MCCAIN,823,882,He said that he would launch military strikes into Pakistan,,['non-quantitative fact'],"['speech attribution', 'stance']",['war/conflict'],2581,478,59,10,0.3188686555598605,0.34172801239829526,0.022859356838434715
20080926_obama_mccain,249,3,MCCAIN,1109,1192,this area on the border has not been governed since the days of Alexander the Great,,"['non-quantitative fact', 'temporal reference']",[],[],2581,478,83,16,0.4296784192173576,0.4618364974815963,0.032158078264238665
20080926_obama_mccain,249,4,MCCAIN,1256,1289,It’s ruled by a handful of tribes,,['non-quantitative fact'],[],[],2581,478,33,7,0.48663308795040683,0.49941882991088726,0.012785741960480435
20080926_obama_mccain,249,5,MCCAIN,1419,1444,that he condemned in Iraq,,['non-quantitative fact'],"['behavioral attribution', 'stance']",['war/conflict'],2581,478,25,5,0.5497869043006587,0.5594730724525377,0.009686168151879117
20080926_obama_mccain,249,6,MCCAIN,2238,2301,"there have been 20,000 additional troops, from 32,000 to 53,000",,"['quantitative precise', 'trend/change']",[],['defense/military'],2581,478,63,10,0.8671057729562185,0.8915149166989539,0.024409143742735374
20080926_obama_mccain,250,0,OBAMA,496,549,in the past has threatened extinction for North Korea,,['non-quantitative fact'],['speech attribution'],['international relations'],1602,282,53,9,0.3096129837702871,0.34269662921348315,0.033083645443196
20080926_obama_mccain,250,1,OBAMA,565,594,sung songs about bombing Iran,,['non-quantitative fact'],['behavioral attribution'],['war/conflict'],1602,282,29,5,0.35268414481897625,0.3707865168539326,0.018102372034956304
20080926_obama_mccain,250,2,OBAMA,775,815,cross-border attacks against U.S. troops,,['non-quantitative fact'],[],"['defense/military', 'war/conflict']",1602,282,40,5,0.4837702871410737,0.5087390761548065,0.024968789013732832
20080926_obama_mccain,250,3,OBAMA,1374,1394,We spent $10 billion,,['quantitative precise'],[],[],1602,282,20,4,0.8576779026217228,0.8701622971285893,0.012484394506866416
20080926_obama_mccain,250,4,OBAMA,1417,1450,they weren’t going after Al Qaida,,['non-quantitative fact'],['behavioral attribution'],['terrorism'],1602,282,33,6,0.8845193508114857,0.9051186017478152,0.020599250936329586
20080926_obama_mccain,250,5,OBAMA,1456,1537,they are more powerful now than at any time since we began the war in Afghanistan,,"['comparison', 'temporal reference']",[],['war/conflict'],1602,282,81,16,0.9088639200998752,0.9594257178526842,0.05056179775280899
20080926_obama_mccain,251,0,MCCAIN,459,509,"Ronald Reagan, wanted to send Marines into Lebanon",,['non-quantitative fact'],['stance'],"['defense/military', 'war/conflict']",2565,487,50,8,0.17894736842105263,0.19844054580896686,0.01949317738791423
20080926_obama_mccain,251,1,MCCAIN,572,592,I voted against that,,['non-quantitative fact'],"['behavioral attribution', 'stance']",[],2565,487,20,4,0.22300194931773878,0.23079922027290448,0.007797270955165692
20080926_obama_mccain,251,2,MCCAIN,750,816,Nearly 300 Marines lost their lives in the bombing of the barracks,,['quantitative approximate'],[],"['defense/military', 'war/conflict']",2565,487,66,12,0.29239766081871343,0.31812865497076026,0.025730994152046785
20080926_obama_mccain,251,3,MCCAIN,890,906,I supported that,,['non-quantitative fact'],"['behavioral attribution', 'stance']",[],2565,487,16,3,0.3469785575048733,0.3532163742690059,0.006237816764132553
20080926_obama_mccain,251,4,MCCAIN,908,940,I supported us going into Bosnia,,['non-quantitative fact'],"['behavioral attribution', 'stance']",['war/conflict'],2565,487,32,6,0.3539961013645224,0.3664717348927875,0.012475633528265107
20080926_obama_mccain,251,5,MCCAIN,947,1023,a number of my own party and colleagues was against that operation in Bosnia,,['quantitative vague'],['stance'],['war/conflict'],2565,487,76,14,0.36920077972709553,0.39883040935672515,0.02962962962962963
20080926_obama_mccain,251,6,MCCAIN,1127,1160,I supported what we did in Kosovo,,['non-quantitative fact'],"['behavioral attribution', 'stance']",['war/conflict'],2565,487,33,7,0.43937621832358675,0.4522417153996101,0.012865497076023392
20080926_obama_mccain,251,7,MCCAIN,1185,1237,ethnic cleansing and genocide was taking place there,,['non-quantitative fact'],[],"['war/conflict', 'ethnicity/race']",2565,487,52,8,0.4619883040935672,0.48226120857699806,0.0202729044834308
20080926_obama_mccain,251,8,MCCAIN,1274,1382,I opposed that we should turn — turn the force in Somalia from a peacekeeping force into a peacemaking force,,['non-quantitative fact'],"['behavioral attribution', 'stance']",[],2565,487,108,20,0.49668615984405456,0.5387914230019493,0.042105263157894736
20080926_obama_mccain,253,0,OBAMA,753,790,they are still sending out videotapes,,['non-quantitative fact'],['behavioral attribution'],[],1372,241,37,6,0.5488338192419825,0.575801749271137,0.02696793002915452
20080926_obama_mccain,253,1,OBAMA,1048,1130,"while you were focused on Iraq, you said well, we can “muddle through” Afghanistan",,['non-quantitative fact'],['speech attribution'],['war/conflict'],1372,241,82,14,0.7638483965014577,0.8236151603498543,0.0597667638483965
20080926_obama_mccain,254,0,MCCAIN,307,328,I visited Afghanistan,,['non-quantitative fact'],['behavioral attribution'],['international relations'],914,156,21,3,0.3358862144420131,0.3588621444201313,0.022975929978118162
20080926_obama_mccain,254,1,MCCAIN,333,357,I traveled to Waziristan,,['non-quantitative fact'],['behavioral attribution'],['international relations'],914,156,24,4,0.36433260393873085,0.39059080962800874,0.0262582056892779
20080926_obama_mccain,254,2,MCCAIN,629,668,which General Petraeus predicts we will,,['non-quantitative fact'],['speech attribution'],['defense/military'],914,156,39,6,0.688183807439825,0.7308533916849015,0.04266958424507659
20080926_obama_mccain,256,0,MCCAIN,538,623,The Russians are preventing significant action in the United Nations Security Council,,['non-quantitative fact'],['behavioral attribution'],['international relations'],2083,365,85,12,0.2582813250120019,0.29908785405664906,0.04080652904464714
20080926_obama_mccain,256,1,MCCAIN,1027,1061,they have significant oil revenues,,['quantitative vague'],[],"['economy', 'energy']",2083,365,34,5,0.4930388862217955,0.5093614978396543,0.01632261161785886
20080926_obama_mccain,256,2,MCCAIN,1281,1353,the Iranians continue on the path to the acquisition of a nuclear weapon,,['non-quantitative fact'],['behavioral attribution'],['nuclear armament'],2083,365,72,13,0.614978396543447,0.6495439270283245,0.03456553048487758
20080926_obama_mccain,256,3,MCCAIN,1472,1527,the Iranians are putting the most lethal IEDs into Iraq,,['ranking'],['behavioral attribution'],"['international relations', 'war/conflict']",2083,365,55,10,0.7066730676908305,0.7330772923667787,0.026404224675948152
20080926_obama_mccain,256,4,MCCAIN,1563,1642,there are special groups in Iran coming into Iraq and are being trained in Iran,,['non-quantitative fact'],[],"['international relations', 'war/conflict']",2083,365,79,15,0.7503600576092174,0.7882861257801248,0.037926068170907344
20080926_obama_mccain,256,5,MCCAIN,1683,1762,which Senator Kyl had an amendment in order to declare them a sponsor of terror,,['non-quantitative fact'],['behavioral attribution'],['terrorism'],2083,365,79,15,0.8079692750840134,0.8458953432549208,0.037926068170907344
20080926_obama_mccain,256,6,MCCAIN,1764,1808,Senator Obama said that would be provocative,,['non-quantitative fact'],['speech attribution'],[],2083,365,44,7,0.8468554968795007,0.8679788766202592,0.02112337974075852
20080926_obama_mccain,257,0,OBAMA,118,143,I’ve consistently said so,,['non-quantitative fact'],['speech attribution'],[],1855,328,25,4,0.06361185983827493,0.07708894878706199,0.013477088948787063
20080926_obama_mccain,257,1,OBAMA,291,387,the single thing that has strengthened Iran over the last several years has been the war in Iraq,,"['non-quantitative fact', 'causation']",[],"['international relations', 'war/conflict']",1855,328,96,18,0.1568733153638814,0.2086253369272237,0.05175202156334232
20080926_obama_mccain,257,2,OBAMA,516,542,They have funded Hezbollah,,['non-quantitative fact'],['behavioral attribution'],['terrorism'],1855,328,26,4,0.27816711590296495,0.2921832884097035,0.014016172506738544
20080926_obama_mccain,257,3,OBAMA,544,566,they have funded Hamas,,['non-quantitative fact'],['behavioral attribution'],['terrorism'],1855,328,22,4,0.29326145552560645,0.3051212938005391,0.011859838274932614
20080926_obama_mccain,257,4,OBAMA,568,653,"they have gone from zero centrifuges to 4,000 centrifuges to develop a nuclear weapon",,"['quantitative precise', 'trend/change']",['behavioral attribution'],['nuclear armament'],1855,328,85,14,0.30619946091644207,0.35202156334231804,0.04582210242587601
20080926_obama_mccain,257,5,OBAMA,1709,1796,our efforts at isolation have actually accelerated their efforts to get nuclear weapons,,"['trend/change', 'causation']",[],"['international relations', 'nuclear armament']",1855,328,87,13,0.9212938005390836,0.9681940700808626,0.04690026954177898
20080926_obama_mccain,258,0,MCCAIN,0,137,"Senator Obama twice said in debates he would sit down with Ahmadinejad, Chavez and Raul Castro without precondition. Without precondition",,['non-quantitative fact'],['speech attribution'],['international relations'],1254,201,137,20,0.0,0.10925039872408293,0.10925039872408293
20080926_obama_mccain,258,1,MCCAIN,200,308,"who is now in New York, talking about the extermination of the State of Israel, of wiping Israel off the map",,['non-quantitative fact'],['speech attribution'],['war/conflict'],1254,201,108,21,0.1594896331738437,0.24561403508771928,0.0861244019138756
20080926_obama_mccain,258,2,MCCAIN,436,494,that is espousing the extermination of the state of Israel,,['non-quantitative fact'],['speech attribution'],['war/conflict'],1254,201,58,10,0.34768740031897927,0.3939393939393939,0.046251993620414676
20080926_obama_mccain,258,3,MCCAIN,796,910,"who wouldn’t sit down with Brezhnev, Andropov or Chernenko until Gorbachev was ready with glasnost and perestroika",,['non-quantitative fact'],['behavioral attribution'],['international relations'],1254,201,114,17,0.6347687400318979,0.7256778309409888,0.09090909090909091
20080926_obama_mccain,258,4,MCCAIN,952,1016,"which was preceded by Henry Kissinger, many times before he went",,['quantitative vague'],['behavioral attribution'],['international relations'],1254,201,64,11,0.759170653907496,0.810207336523126,0.051036682615629984
20080926_obama_mccain,258,5,MCCAIN,1212,1253,"Senator Obama said, without preconditions",,['non-quantitative fact'],['speech attribution'],[],1254,201,41,5,0.9665071770334929,0.9992025518341308,0.03269537480063796
20080926_obama_mccain,259,0,OBAMA,40,91,Ahmadinejad is not the most powerful person in Iran,,['ranking'],[],[],413,79,51,9,0.09685230024213075,0.22033898305084745,0.1234866828087167
20080926_obama_mccain,260,0,OBAMA,69,194,"who, along with five recent secretaries of state, just said that we should meet with Iran — guess what — without precondition",,['quantitative precise'],['speech attribution'],['international relations'],2195,388,125,22,0.03143507972665148,0.08838268792710706,0.05694760820045558
20080926_obama_mccain,260,1,OBAMA,676,698,Iran is a rogue regime,,['non-quantitative fact'],[],[],2195,388,22,5,0.30797266514806376,0.31799544419134396,0.010022779043280182
20080926_obama_mccain,260,2,OBAMA,726,814,I was called naive when I suggested that we need to look at exploring contacts with Iran,,['non-quantitative fact'],['speech attribution'],['international relations'],2195,388,88,17,0.330751708428246,0.37084282460136675,0.04009111617312073
20080926_obama_mccain,260,3,OBAMA,835,975,"President Bush recently sent a senior ambassador, Bill Burns, to participate in talks with the Europeans around the issue of nuclear weapons",,['non-quantitative fact'],['behavioral attribution'],"['international relations', 'nuclear armament']",2195,388,140,22,0.3804100227790433,0.44419134396355353,0.06378132118451026
20080926_obama_mccain,260,4,OBAMA,1369,1407,they quadrupled their nuclear capacity,,['trend/change'],['behavioral attribution'],['nuclear armament'],2195,388,38,5,0.6236902050113895,0.6410022779043281,0.017312072892938495
20080926_obama_mccain,260,5,OBAMA,1409,1427,They tested a nuke,,['non-quantitative fact'],['behavioral attribution'],['nuclear armament'],2195,388,18,4,0.6419134396355353,0.650113895216401,0.008200455580865604
20080926_obama_mccain,260,6,OBAMA,1429,1449,They tested missiles,,['non-quantitative fact'],['behavioral attribution'],['defense/military'],2195,388,20,3,0.6510250569476081,0.6601366742596811,0.009111617312072893
20080926_obama_mccain,260,7,OBAMA,1451,1500,They pulled out of the nonproliferation agreement,,['non-quantitative fact'],['behavioral attribution'],['nuclear armament'],2195,388,49,7,0.6610478359908883,0.683371298405467,0.02232346241457859
20080926_obama_mccain,260,8,OBAMA,1506,1569,"they sent nuclear secrets, potentially, to countries like Syria",,['non-quantitative fact'],['behavioral attribution'],"['international relations', 'nuclear armament']",2195,388,63,9,0.6861047835990889,0.7148063781321184,0.028701594533029614
20080926_obama_mccain,260,9,OBAMA,1990,2084,He even said the other day that he would not meet potentially with the prime minister of Spain,,['non-quantitative fact'],['speech attribution'],['international relations'],2195,388,94,18,0.9066059225512528,0.9494305239179954,0.0428246013667426
20080926_obama_mccain,263,0,MCCAIN,134,285,Dr. Kissinger did not say that he would approve of face-to-face meetings between the president of the United States and the president — and Ahmadinejad,,['non-quantitative fact'],['speech attribution'],['international relations'],307,55,151,25,0.4364820846905538,0.9283387622149837,0.49185667752442996
20080926_obama_mccain,265,0,MCCAIN,0,68,He said that there could be secretary-level and lower level meetings,,['non-quantitative fact'],['speech attribution'],[],1174,200,68,11,0.0,0.05792163543441227,0.05792163543441227
20080926_obama_mccain,265,1,MCCAIN,70,97,I’ve always encouraged them,,['non-quantitative fact'],"['behavioral attribution', 'stance']",[],1174,200,27,4,0.059625212947189095,0.08262350936967632,0.022998296422487224
20080926_obama_mccain,265,2,MCCAIN,99,155,The Iranians have met with Ambassador Crocker in Baghdad,,['non-quantitative fact'],['behavioral attribution'],['international relations'],1174,200,56,9,0.08432708688245315,0.13202725724020442,0.04770017035775128
20080926_obama_mccain,265,3,MCCAIN,275,375,"who has called Israel a “stinking corpse,” and wants to destroy that country and wipe it off the map",,['non-quantitative fact'],"['speech attribution', 'stance']","['international relations', 'war/conflict']",1174,200,100,19,0.2342419080068143,0.3194207836456559,0.08517887563884156
20080926_obama_mccain,265,4,MCCAIN,557,620,"our secretary of state, Madeleine Albright, went to North Korea",,['non-quantitative fact'],['behavioral attribution'],['international relations'],1174,200,63,10,0.4744463373083475,0.5281090289608177,0.05366269165247019
20080926_obama_mccain,265,5,MCCAIN,634,698,"North Korea, most repressive and brutal regime probably on Earth",,['ranking'],[],[],1174,200,64,10,0.5400340715502555,0.5945485519591142,0.054514480408858604
20080926_obama_mccain,265,6,MCCAIN,700,777,The average South Korean is three inches taller than the average North Korean,,"['quantitative precise', 'comparison']",[],[],1174,200,77,13,0.596252129471891,0.661839863713799,0.065587734241908
20080926_obama_mccain,265,7,MCCAIN,884,955,the North Koreans have broken every agreement that they’ve entered into,,['quantitative vague'],['behavioral attribution'],['international relations'],1174,200,71,11,0.7529812606473595,0.813458262350937,0.06047700170357751
20080926_obama_mccain,265,8,MCCAIN,1110,1144,as Senator Obama said he did twice,,['non-quantitative fact'],['speech attribution'],[],1174,200,34,7,0.9454855195911414,0.9744463373083475,0.028960817717206135
20080926_obama_mccain,266,0,OBAMA,326,395,Henry Kissinger did say we should have contacts without preconditions,,['non-quantitative fact'],['speech attribution'],['international relations'],807,135,69,10,0.40396530359355637,0.48946716232961585,0.08550185873605948
20080926_obama_mccain,278,0,OBAMA,1395,1437,"They have not only 15,000 nuclear warheads",,['quantitative precise'],['behavioral attribution'],['nuclear armament'],2209,386,42,7,0.6315074694431869,0.650520597555455,0.019013128112267994
20080926_obama_mccain,278,1,OBAMA,1443,1484,"they’ve got enough to make another 40,000",,"['quantitative precise', 'forecast']",['behavioral attribution'],[],2209,386,41,7,0.6532367587143504,0.6717971933001358,0.018560434585785424
20080926_obama_mccain,278,2,OBAMA,1555,1755,"This is an area where I’ve led on in the Senate, working with a Republican ranking member of the Senate Foreign Relations Committee, Dick Lugar, to deal with the proliferation of loose nuclear weapons",,['non-quantitative fact'],"['behavioral attribution', 'stance']","['domestic politics', 'international relations', 'nuclear armament']",2209,386,200,34,0.7039384336803983,0.7944771389769126,0.09053870529651425
20080926_obama_mccain,279,0,MCCAIN,94,156,"His first statement was, “Both sides ought to show restraint.”",,['non-quantitative fact'],['speech attribution'],[],1212,205,62,10,0.07755775577557755,0.12871287128712872,0.05115511551155116
20080926_obama_mccain,279,1,MCCAIN,222,273,Russia committed serious aggression against Georgia,,['non-quantitative fact'],['behavioral attribution'],['war/conflict'],1212,205,51,6,0.18316831683168316,0.22524752475247525,0.04207920792079208
20080926_obama_mccain,279,2,MCCAIN,279,384,Russia has now become a nation fueled by petro-dollars that is basically a KGB apparatchik-run government,,['non-quantitative fact'],[],['energy'],1212,205,105,16,0.2301980198019802,0.31683168316831684,0.08663366336633663
20080926_obama_mccain,279,3,MCCAIN,788,864,There’s a pipeline that runs from the Caspian through Georgia through Turkey,,['non-quantitative fact'],[],"['energy', 'international relations']",1212,205,76,12,0.6501650165016502,0.7128712871287128,0.0627062706270627
20080926_obama_mccain,279,4,MCCAIN,895,951,the Russians control other sources of energy into Europe,,['non-quantitative fact'],['behavioral attribution'],"['energy', 'international relations']",1212,205,56,9,0.7384488448844885,0.7846534653465347,0.0462046204620462
20080926_obama_mccain,279,5,MCCAIN,1018,1116,"the presidents of Latvia, Estonia, Lithuania, Poland, and Ukraine flew to Georgia, flew to Tbilisi",,['non-quantitative fact'],['behavioral attribution'],['international relations'],1212,205,98,15,0.8399339933993399,0.9207920792079208,0.08085808580858085
20080926_obama_mccain,279,6,MCCAIN,1118,1211,"where I have spent significant amount of time with a great young president, Misha Saakashvili",,['non-quantitative fact'],['behavioral attribution'],['international relations'],1212,205,93,15,0.9224422442244224,0.9991749174917491,0.07673267326732673
20080926_obama_mccain,280,0,MCCAIN,79,189,the Russian threats to regain their status of the old Russian to regain their status of the old Russian empire,,['non-quantitative fact'],['behavioral attribution'],['international relations'],1511,267,110,20,0.05228325612177366,0.12508272667107875,0.07279947054930509
20080926_obama_mccain,280,1,MCCAIN,420,479,the Russians are in violation of their cease-fire agreement,,['non-quantitative fact'],['behavioral attribution'],['war/conflict'],1511,267,59,9,0.27796161482461945,0.3170086035737922,0.039046988749172735
20080926_obama_mccain,280,2,MCCAIN,481,548,They have stationed additional troops in Abkhazia and South Ossetia,,['non-quantitative fact'],['behavioral attribution'],['defense/military'],1511,267,67,10,0.3183322303110523,0.3626737260092654,0.04434149569821311
20080926_obama_mccain,280,3,MCCAIN,562,579,I went there once,,['non-quantitative fact'],['behavioral attribution'],[],1511,267,17,4,0.37193911317008604,0.3831899404367968,0.011250827266710787
20080926_obama_mccain,280,4,MCCAIN,689,777,"there was a huge poster of Vladimir Putin, and it said, “Vladimir Putin, our president.”",,['non-quantitative fact'],['anecdote'],[],1511,267,88,15,0.4559894109861019,0.514228987425546,0.05823957643944408
20080926_obama_mccain,280,5,MCCAIN,1238,1281,the base of the Russian fleet in Sevastopol,,['non-quantitative fact'],[],['defense/military'],1511,267,43,8,0.8193249503639973,0.8477829252150894,0.028457974851091992
20080926_obama_mccain,281,0,OBAMA,136,195,we did not forcefully object to Russians going into Georgia,,['non-quantitative fact'],"['behavioral attribution', 'stance']",['war/conflict'],2753,497,59,10,0.049400653832183075,0.07083181983290955,0.02143116600072648
20080926_obama_mccain,281,1,OBAMA,197,255,I immediately said that this was illegal and objectionable,,['non-quantitative fact'],['speech attribution'],['crime'],2753,497,58,9,0.071558300036324,0.09262622593534327,0.021067925899019253
20080926_obama_mccain,281,2,OBAMA,373,515,I was the first to say that we have to rebuild the Georgian economy and called for a billion dollars that has now gone in to help them rebuild,,"['non-quantitative fact', 'ranking']","['speech attribution', 'behavioral attribution', 'stance']",[],2753,497,142,29,0.13548855793679623,0.18706865237922266,0.05158009444242644
20080926_obama_mccain,281,3,OBAMA,859,957,"back in April, I warned the administration that you had Russian peacekeepers in Georgian territory",,"['non-quantitative fact', 'temporal reference']",['speech attribution'],"['domestic politics', 'war/conflict']",2753,497,98,15,0.31202324736650927,0.34762077733381763,0.03559752996730839
20080926_obama_mccain,281,4,OBAMA,1277,1359,Russia is in part resurgent and Putin is feeling powerful because of petro-dollars,,['causation'],[],['energy'],2753,497,82,13,0.46385760988013075,0.4936432982201235,0.029785688339992736
20080926_obama_mccain,281,5,OBAMA,1406,1480,"we, as one of the biggest consumers of oil — 25 percent of the world’s oil",,"['quantitative precise', 'ranking']",[],['energy'],2753,497,74,16,0.5107155830003632,0.5375953505266982,0.02687976752633491
20080926_obama_mccain,281,6,OBAMA,1570,1622,"the rogue states we’ve talked about, Iran, Venezuela",,['non-quantitative fact'],[],[],2753,497,52,8,0.5702869596803487,0.5891754449691246,0.01888848528877588
20080926_obama_mccain,281,7,OBAMA,1704,1754,we only have 3 percent of the world’s oil supplies,,['quantitative precise'],[],['energy'],2753,497,50,10,0.6189611333091173,0.6371231383944788,0.018162005085361425
20080926_obama_mccain,281,8,OBAMA,1759,1795,we use 25 percent of the world’s oil,,['quantitative precise'],[],['energy'],2753,497,36,8,0.6389393389030149,0.6520159825644751,0.013076643661460226
20080926_obama_mccain,281,9,OBAMA,2028,2117,I’ve got a plan for us to make a significant investment over the next 10 years to do that,,['non-quantitative fact'],['stance'],[],2753,497,89,19,0.7366509262622594,0.7689792953142027,0.032328369051943334
20080926_obama_mccain,281,10,OBAMA,2279,2387,"Over 26 years, Senator McCain voted 23 times against alternative energy, like solar, and wind, and biodiesel",,"['quantitative precise', 'temporal reference']","['behavioral attribution', 'stance']","['energy', 'environment']",2753,497,108,17,0.8278241917907737,0.8670541227751544,0.03922993098438068
20080926_obama_mccain,282,0,MCCAIN,42,133,"Senator Obama says he’s for nuclear, but he’s against reprocessing and he’s against storing",,['non-quantitative fact'],['stance'],"['energy', 'environment']",138,23,91,14,0.30434782608695654,0.9637681159420289,0.6594202898550725
20080926_obama_mccain,284,0,MCCAIN,138,258,"if we drill off-shore and exploit a lot of these reserves, it will help, at temporarily, relieve our energy requirements",,"['forecast', 'causation']",[],['energy'],339,64,120,20,0.40707964601769914,0.7610619469026548,0.35398230088495575
20080926_obama_mccain,288,0,MCCAIN,2,83,I supported Nunn-Lugar back in the early 1990s when a lot of my colleagues didn’t,,"['non-quantitative fact', 'temporal reference']","['behavioral attribution', 'stance']",['nuclear armament'],242,48,81,15,0.008264462809917356,0.34297520661157027,0.3347107438016529
20080926_obama_mccain,289,0,OBAMA,44,92,I have never said that I object to nuclear waste,,['non-quantitative fact'],"['speech attribution', 'stance']","['energy', 'environment']",199,41,48,10,0.22110552763819097,0.4623115577889447,0.24120603015075376
20080926_obama_mccain,289,1,OBAMA,94,143,What I’ve said is that we have to store it safely,,['non-quantitative fact'],['speech attribution'],[],199,41,49,11,0.4723618090452261,0.7185929648241206,0.24623115577889448
20080926_obama_mccain,292,0,MCCAIN,0,46,I have voted for alternate fuel all of my time,,['non-quantitative fact'],"['behavioral attribution', 'stance']","['energy', 'environment']",47,10,46,10,0.0,0.9787234042553191,0.9787234042553191
20080926_obama_mccain,297,0,MCCAIN,312,434,"after 9/11, Senator Joe Lieberman and I decided that we needed a commission, and that was a commission to investigate 9/11",,"['non-quantitative fact', 'temporal reference']",['behavioral attribution'],"['domestic politics', 'terrorism']",1968,368,122,21,0.15853658536585366,0.22052845528455284,0.061991869918699184
20080926_obama_mccain,297,1,MCCAIN,490,527,we were opposed by the administration,,['non-quantitative fact'],"['behavioral attribution', 'stance']",['domestic politics'],1968,368,37,6,0.24898373983739838,0.26778455284552843,0.018800813008130083
20080926_obama_mccain,297,2,MCCAIN,589,636,we were stymied until the families of 9/11 came,,['non-quantitative fact'],[],"['domestic politics', 'terrorism']",1968,368,47,9,0.2992886178861789,0.3231707317073171,0.023882113821138213
20080926_obama_mccain,297,3,MCCAIN,712,777,"there were a series of recommendations, as I recall, more than 40",,['quantitative approximate'],[],[],1968,368,65,12,0.3617886178861789,0.3948170731707317,0.033028455284552845
20080926_obama_mccain,297,4,MCCAIN,805,887,we’ve gotten written into law most of those reforms recommended by that commission,,['non-quantitative fact'],['behavioral attribution'],"['domestic politics', 'justice']",1968,368,82,13,0.4090447154471545,0.4507113821138211,0.041666666666666664
20080926_obama_mccain,297,5,MCCAIN,1653,1756,we’ve probably had the largest reorganization of government since we established the Defense Department,,['ranking'],[],"['domestic politics', 'defense/military']",1968,368,103,14,0.8399390243902439,0.8922764227642277,0.05233739837398374
20080926_obama_mccain,298,0,OBAMA,71,125,we’ve poured billions of dollars into airport security,,['quantitative approximate'],[],['defense/military'],1705,319,54,8,0.04164222873900293,0.07331378299120235,0.03167155425219941
20080926_obama_mccain,298,1,OBAMA,670,724,we are spending billions of dollars on missile defense,,['non-quantitative fact'],[],['defense/military'],1705,319,54,9,0.39296187683284456,0.424633431085044,0.03167155425219941
20080926_obama_mccain,298,2,OBAMA,790,876,Iran and North Korea and the potential for them to obtain or to launch nuclear weapons,,['non-quantitative fact'],[],"['international relations', 'nuclear armament']",1705,319,86,16,0.4633431085043988,0.513782991202346,0.05043988269794721
20080926_obama_mccain,298,3,OBAMA,908,983,we are only spending a few hundred million dollars on nuclear proliferation,,['quantitative approximate'],['behavioral attribution'],['nuclear armament'],1705,319,75,12,0.5325513196480939,0.5765395894428152,0.04398826979472141
20080926_obama_mccain,298,4,OBAMA,1077,1115,They are now operating in 60 countries,,['quantitative precise'],['behavioral attribution'],[],1705,319,38,7,0.6316715542521995,0.6539589442815249,0.022287390029325515
20080926_obama_mccain,300,0,MCCAIN,4,85,"in the case of missile defense, Senator Obama said it had to be, quote, “proven.”",,['non-quantitative fact'],['speech attribution'],['defense/military'],1240,223,81,15,0.0032258064516129032,0.06854838709677419,0.06532258064516129
20080926_obama_mccain,300,1,MCCAIN,86,144,That wasn’t proven when Ronald Reagan said we would do SDI,,"['non-quantitative fact', 'temporal reference']","['speech attribution', 'epistemic']",['defense/military'],1240,223,58,11,0.06935483870967742,0.11612903225806452,0.0467741935483871
20080926_obama_mccain,300,2,MCCAIN,176,247,it was major — a major factor in bringing about the end of the Cold War,,['causation'],[],['war/conflict'],1240,223,71,16,0.14193548387096774,0.19919354838709677,0.05725806451612903
20080926_obama_mccain,300,3,MCCAIN,489,651,"his plan of withdrawal and according to date certain, regardless of conditions, according to our military leaders, according to every expert, would lead to defeat","maybe stop at ""regardless of conditions"" to not include ""according to (...)""; problem is that military leaders saying that would lead to defeat is check-worthy even if guidelines exclude ""according to""",['forecast'],['stance'],['war/conflict'],1240,223,162,25,0.3943548387096774,0.525,0.13064516129032258
20080926_obama_mccain,300,4,MCCAIN,816,915,"Senator Obama’s plan to have specific dates with withdrawal, regardless of conditions on the ground",,['non-quantitative fact'],['stance'],['war/conflict'],1240,223,99,15,0.6580645161290323,0.7379032258064516,0.07983870967741935
20080926_obama_mccain,301,0,OBAMA,167,214,That has been where all our resources have gone,,['quantitative vague'],[],[],1860,326,47,9,0.08978494623655914,0.11505376344086021,0.025268817204301075
20080926_obama_mccain,301,1,OBAMA,233,299,bin Laden is still out there. He is not captured. He is not killed,,['non-quantitative fact'],[],['terrorism'],1860,326,66,14,0.12526881720430108,0.16075268817204302,0.035483870967741936
20080926_obama_mccain,301,2,OBAMA,301,322,Al Qaida is resurgent,,['non-quantitative fact'],[],['terrorism'],1860,326,21,4,0.16182795698924732,0.17311827956989248,0.01129032258064516
20080926_obama_mccain,301,3,OBAMA,388,430,where we are borrowing billions of dollars,,['quantitative approximate'],[],"['economy', 'international relations']",1860,326,42,7,0.2086021505376344,0.23118279569892472,0.02258064516129032
20080926_obama_mccain,301,4,OBAMA,432,483,They now hold a trillion dollars’ worth of our debt,,['non-quantitative fact'],[],['economy'],1860,326,51,10,0.23225806451612904,0.25967741935483873,0.027419354838709678
20080926_obama_mccain,301,5,OBAMA,489,576,"they are active in countries like — in regions like Latin America, and Asia, and Africa",,['non-quantitative fact'],[],[],1860,326,87,16,0.2629032258064516,0.3096774193548387,0.0467741935483871
20080926_obama_mccain,301,6,OBAMA,856,907,We are now spending $10 billion or more every month,,['quantitative approximate'],[],[],1860,326,51,10,0.46021505376344085,0.4876344086021505,0.027419354838709678
20080926_obama_mccain,302,0,MCCAIN,0,140,"I’ve been involved, as I mentioned to you before, in virtually every major national security challenge we’ve faced in the last 20-some years",,"['quantitative approximate', 'temporal reference']",['behavioral attribution'],['defense/military'],1412,259,140,23,0.0,0.09915014164305949,0.09915014164305949
20080926_obama_mccain,304,0,MCCAIN,104,156,I embarked on an effort to resolve the POW-MIA issue,,['non-quantitative fact'],['behavioral attribution'],['war/conflict'],491,95,52,10,0.21181262729124237,0.31771894093686354,0.10590631364562118
20080926_obama_mccain,304,1,MCCAIN,205,269,I worked on normalization of relations between our two countries,,['non-quantitative fact'],['behavioral attribution'],['international relations'],491,95,64,10,0.4175152749490835,0.5478615071283096,0.13034623217922606
20121003_obama_romney,305,0,OBAMA,492,576,four years ago we went through the worst financial crisis since the Great Depression,,"['temporal reference', 'ranking']",[],['economy'],2057,382,84,14,0.23918327661643168,0.2800194457948469,0.04083616917841517
20121003_obama_romney,305,1,OBAMA,578,604,Millions of jobs were lost,,['quantitative precise'],[],['economy'],2057,382,26,5,0.2809917355371901,0.29363150218765194,0.012639766650461837
20121003_obama_romney,305,2,OBAMA,801,881,"Over the last 30 months, we've seen 5 million jobs in the private sector created",,"['quantitative precise', 'temporal reference']",[],['economy'],2057,382,80,15,0.38940204180845894,0.42829363150218763,0.03889158969372873
20121003_obama_romney,305,3,OBAMA,928,953,housing has begun to rise,,['trend/change'],[],['housing'],2057,382,25,5,0.45114244044725327,0.4632960622265435,0.012153621779290228
20121003_obama_romney,306,0,ROMNEY,1217,1250,That creates about 4 million jobs,,"['quantitative approximate', 'forecast']",[],['economy'],1809,334,33,6,0.6727473742399116,0.6909894969596462,0.01824212271973466
20121003_obama_romney,306,1,ROMNEY,1761,1808,new business startups are down to a 30-year low,,"['temporal reference', 'ranking']",[],['economy'],1809,334,47,9,0.9734660033167496,0.9994472084024323,0.025981205085682697
20121003_obama_romney,308,0,OBAMA,933,1015,loopholes that are giving incentives for companies that are shipping jobs overseas,,['non-quantitative fact'],[],['economy'],1420,256,82,12,0.6570422535211268,0.7147887323943662,0.057746478873239436
20121003_obama_romney,308,1,OBAMA,1210,1278,oil and natural gas production are higher than they've been in years,,['comparison'],[],['energy'],1420,256,68,12,0.852112676056338,0.9,0.04788732394366197
20121003_obama_romney,309,0,OBAMA,380,582,Governor Romney's central economic plan calls for a $5 trillion tax cut — on top of the extension of the Bush tax cuts — that's another trillion dollars — and $2 trillion in additional military spending,,['quantitative precise'],['stance'],"['economy', 'defense/military']",841,156,202,36,0.4518430439952438,0.6920332936979786,0.24019024970273484
20121003_obama_romney,309,1,OBAMA,619,637,That's $8 trillion,,['quantitative precise'],[],[],841,156,18,3,0.7360285374554102,0.7574316290130797,0.02140309155766944
20121003_obama_romney,310,0,ROMNEY,92,126,I don't have a $5 trillion tax cut,,['quantitative precise'],['stance'],['economy'],994,179,34,8,0.0925553319919517,0.1267605633802817,0.03420523138832998
20121003_obama_romney,310,1,ROMNEY,271,340,I'm not going to reduce the share of taxes paid by high-income people,,['non-quantitative fact'],['stance'],['economy'],994,179,69,13,0.272635814889336,0.3420523138832998,0.06941649899396378
20121003_obama_romney,310,2,ROMNEY,629,695,"Middle-income Americans have seen their income come down by $4,300",,"['quantitative precise', 'trend/change']",[],['economy'],994,179,66,10,0.6327967806841046,0.6991951710261569,0.06639839034205232
20121003_obama_romney,310,3,ROMNEY,809,857,gasoline prices have doubled under the president,,"['quantitative precise', 'temporal reference', 'trend/change']",[],['energy'],994,179,48,7,0.8138832997987927,0.8621730382293763,0.0482897384305835
20121003_obama_romney,310,4,ROMNEY,859,880,Electric rates are up,,['trend/change'],[],['energy'],994,179,21,4,0.864185110663984,0.8853118712273642,0.02112676056338028
20121003_obama_romney,310,5,ROMNEY,882,900,Food prices are up,,['non-quantitative fact'],[],['economy'],994,179,18,4,0.8873239436619719,0.9054325955734407,0.018108651911468814
20121003_obama_romney,310,6,ROMNEY,902,951,"Health care costs have gone up by $2,500 a family",,"['quantitative precise', 'trend/change']",[],['health/medicine'],994,179,49,10,0.9074446680080482,0.9567404426559356,0.04929577464788732
20121003_obama_romney,311,0,ROMNEY,419,512,"we've got 47 of them, housed in the federal government, reporting to eight different agencies",,['quantitative precise'],[],['domestic politics'],2359,432,93,15,0.17761763459092836,0.21704111911827045,0.039423484527342095
20121003_obama_romney,311,1,ROMNEY,1143,1241,production of oil and gas in the U.S. is up. But not due to his policies. In spite of his policies,,"['trend/change', 'causation']",['behavioral attribution'],[],2359,432,98,21,0.4845273420941077,0.5260703688003391,0.04154302670623145
20121003_obama_romney,311,2,ROMNEY,1258,1353,"all of the increase in natural gas and oil has happened on private land, not on government land",,['non-quantitative fact'],[],['energy'],2359,432,95,18,0.5332768122085629,0.5735481136074608,0.04027130139889784
20121003_obama_romney,311,3,ROMNEY,1355,1445,"On government land, your administration has cut the number of permits and licenses in half",,['non-quantitative fact'],['behavioral attribution'],['domestic politics'],2359,432,90,15,0.5743959304790165,0.612547689699025,0.03815175922000848
20121003_obama_romney,312,0,OBAMA,79,178,"four years ago, when I stood on this stage, I said that I would cut taxes for middle-class families",,['temporal reference'],['speech attribution'],['economy'],1223,222,99,19,0.06459525756336877,0.1455437448896157,0.08094848732624693
20121003_obama_romney,312,1,OBAMA,211,265,"We cut taxes for middle-class families by about $3,600",,['quantitative approximate'],['behavioral attribution'],['economy'],1223,222,54,9,0.17252657399836469,0.21668029435813574,0.044153720359771054
20121003_obama_romney,312,2,OBAMA,778,940,"Governor Romney's proposal that he has been promoting for 18 months calls for a $5 trillion tax cut, on top of $2 trillion of additional spending for our military",,['temporal reference'],['stance'],"['economy', 'defense/military']",1223,222,162,29,0.6361406377759607,0.7686017988552739,0.13246116107931316
20121003_obama_romney,312,3,OBAMA,946,1025,he is saying that he is going to pay for it by closing loopholes and deductions,,['non-quantitative fact'],['speech attribution'],['economy'],1223,222,79,16,0.7735077677841373,0.8381030253475061,0.06459525756336877
20121003_obama_romney,312,4,OBAMA,1134,1170,he hasn't been able to identify them,,['non-quantitative fact'],['behavioral attribution'],[],1223,222,36,7,0.9272281275551921,0.9566639411283728,0.029435813573180702
20121003_obama_romney,313,0,OBAMA,0,251,"When you add up all the loopholes and deductions that upper-income individuals can — are currently taking advantage of, you take those all away, you don't come close to paying for $5 trillion in tax cuts and $2 trillion in additional military spending",,"['quantitative precise', 'comparison']",[],"['economy', 'defense/military']",252,43,251,43,0.0,0.996031746031746,0.996031746031746
20121003_obama_romney,314,0,OBAMA,208,281,"The average middle-class family with children would pay about $2,000 more",,"['quantitative approximate', 'forecast']",[],['economy'],640,111,73,11,0.325,0.4390625,0.1140625
20121003_obama_romney,314,1,OBAMA,462,530,"the average person making $3 million is getting a $250,000 tax break",,['quantitative precise'],[],['economy'],640,111,68,12,0.721875,0.828125,0.10625
20121003_obama_romney,316,0,ROMNEY,96,137,I'm not looking for a $5 trillion tax cut,,['quantitative precise'],['stance'],['economy'],1522,291,41,9,0.06307490144546649,0.0900131406044678,0.026938239159001315
20121003_obama_romney,316,1,ROMNEY,139,212,What I've said is I won't put in place a tax cut that adds to the deficit,,['non-quantitative fact'],"['speech attribution', 'stance']",['economy'],1522,291,73,17,0.09132720105124836,0.1392904073587385,0.047963206307490146
20121003_obama_romney,316,2,ROMNEY,268,307,Mitt Romney's tax plan adds $5 trillion,,"['quantitative precise', 'forecast']",['stance'],['economy'],1522,291,39,7,0.17608409986859397,0.20170827858081472,0.025624178712220762
20121003_obama_romney,316,3,ROMNEY,311,363,I say I will not add to the deficit with my tax plan,,['non-quantitative fact'],"['speech attribution', 'stance']",['economy'],1522,291,52,13,0.20433639947437582,0.23850197109067017,0.03416557161629435
20121003_obama_romney,316,4,ROMNEY,377,436,I will not reduce the share paid by high-income individuals,,['non-quantitative fact'],['stance'],['economy'],1522,291,59,10,0.24770039421813403,0.2864651773981603,0.03876478318002628
20121003_obama_romney,316,5,ROMNEY,781,838,I will not reduce the taxes paid by high-income Americans,,['non-quantitative fact'],['stance'],['economy'],1522,291,57,10,0.5131406044678055,0.5505913272010512,0.03745072273324573
20121003_obama_romney,316,6,ROMNEY,858,930,I will not under any circumstances raise taxes on middle-income families,,['non-quantitative fact'],['stance'],['economy'],1522,291,72,11,0.5637319316688568,0.6110381077529566,0.04730617608409987
20121003_obama_romney,316,7,ROMNEY,932,976,I will lower taxes on middle-income families,,['non-quantitative fact'],['stance'],['economy'],1522,291,44,7,0.6123521681997371,0.6412614980289093,0.02890932982917214
20121003_obama_romney,316,8,ROMNEY,1001,1096,There are six other studies that looked at the study you describe and say it's completely wrong,,['quantitative precise'],['epistemic'],[],1522,291,95,17,0.6576872536136662,0.7201051248357424,0.06241787122207622
20121003_obama_romney,316,9,ROMNEY,1142,1215,"you're going to raise taxes by $3,000 to $4,000 on middle-income families",,"['quantitative approximate', 'forecast']",['stance'],['economy'],1522,291,73,12,0.7503285151116952,0.7982917214191853,0.047963206307490146
20121003_obama_romney,317,0,ROMNEY,68,195,"54 percent of America's workers work in businesses that are taxed not at the corporate tax rate, but at the individual tax rate",,['quantitative precise'],[],['economy'],354,64,127,23,0.192090395480226,0.5508474576271186,0.3587570621468927
20121003_obama_romney,318,0,OBAMA,172,413,"if you are lowering the rates the way you described, Governor, then it is not possible to come up with enough deductions and loopholes that only affect high-income individuals to avoid either raising the deficit or burdening the middle class",,"['non-quantitative fact', 'forecast', 'causation']",['stance'],['economy'],1301,235,241,40,0.13220599538816294,0.31744811683320523,0.18524212144504226
20121003_obama_romney,318,1,OBAMA,565,629,my tax plan has already lowered taxes for 98 percent of families,,"['quantitative precise', 'trend/change']","['behavioral attribution', 'stance']",['economy'],1301,235,64,12,0.4342813220599539,0.48347425057647964,0.04919292851652575
20121003_obama_romney,318,2,OBAMA,631,681,I also lowered taxes for small businesses 18 times,,"['quantitative precise', 'trend/change']",['behavioral attribution'],['economy'],1301,235,50,9,0.48501152959262106,0.5234435049961568,0.03843197540353574
20121003_obama_romney,318,3,OBAMA,940,1046,"when we created 23 million new jobs, went from deficit to surplus, and created a whole lot of millionaires",,"['quantitative precise', 'quantitative vague', 'trend/change']",[],['economy'],1301,235,106,19,0.722521137586472,0.8039969254419678,0.08147578785549578
20121003_obama_romney,319,0,OBAMA,93,177,"under my plan, 97 percent of small businesses would not see their income taxes go up",,"['quantitative precise', 'forecast']",['stance'],[],968,169,84,16,0.09607438016528926,0.1828512396694215,0.08677685950413223
20121003_obama_romney,319,1,OBAMA,278,395,"under Governor Romney's definition, there are a whole bunch of millionaires and billionaires who are small businesses",,['quantitative vague'],['stance'],['economy'],968,169,117,17,0.2871900826446281,0.4080578512396694,0.12086776859504132
20121003_obama_romney,319,2,OBAMA,665,808,the only way to pay for it without either burdening the middle class or blowing up our deficit is to make drastic cuts in things like education,,['non-quantitative fact'],[],"['economy', 'education']",968,169,143,27,0.6869834710743802,0.8347107438016529,0.14772727272727273
20121003_obama_romney,323,0,ROMNEY,106,212,"97 percent of the businesses are not — not taxed at the 35 percent tax rate, they're taxed at a lower rate",,['quantitative precise'],[],['economy'],1535,279,106,22,0.06905537459283388,0.13811074918566776,0.06905537459283388
20121003_obama_romney,323,1,ROMNEY,218,353,those businesses that are in the last 3 percent of businesses happen to employ half — half of all the people who work in small business,,['quantitative precise'],[],['economy'],1535,279,135,26,0.14201954397394137,0.22996742671009773,0.08794788273615635
20121003_obama_romney,323,2,ROMNEY,355,433,Those are the businesses that employ one-quarter of all the workers in America,,['quantitative precise'],[],['economy'],1535,279,78,13,0.23127035830618892,0.2820846905537459,0.050814332247557006
20121003_obama_romney,323,3,ROMNEY,439,504,your plan is to take their tax rate from 35 percent to 40 percent,,['quantitative precise'],['stance'],['economy'],1535,279,65,14,0.28599348534201957,0.3283387622149837,0.04234527687296417
20121003_obama_romney,323,4,ROMNEY,820,875,It added up to well over 50 percent of what they earned,,['quantitative approximate'],['anecdote'],['economy'],1535,279,55,12,0.5342019543973942,0.5700325732899023,0.035830618892508145
20121003_obama_romney,323,5,ROMNEY,881,975,your plan is to take the tax rate on successful small businesses from 35 percent to 40 percent,,['quantitative precise'],['stance'],['economy'],1535,279,94,18,0.5739413680781759,0.6351791530944625,0.06123778501628664
20121003_obama_romney,323,6,ROMNEY,977,1063,"The National Federation of Independent Businesses has said that will cost 700,000 jobs",,"['quantitative precise', 'forecast']",['speech attribution'],['economy'],1535,279,86,13,0.6364820846905538,0.6925081433224756,0.056026058631921824
20121003_obama_romney,324,0,OBAMA,276,333,"over 10 years, that's more than our entire defense budget",,"['comparison', 'temporal reference']",[],['defense/military'],938,176,57,10,0.2942430703624733,0.35501066098081024,0.060767590618336885
20121003_obama_romney,324,1,OBAMA,761,812,we ended up with the slowest job growth in 50 years,,"['temporal reference', 'ranking', 'causation']",[],['economy'],938,176,51,11,0.8113006396588486,0.8656716417910447,0.054371002132196165
20121003_obama_romney,324,2,OBAMA,814,857,we ended up moving from surplus to deficits,,"['non-quantitative fact', 'causation']",[],[],938,176,43,8,0.8678038379530917,0.9136460554371002,0.04584221748400853
20121003_obama_romney,324,3,OBAMA,863,937,it all culminated in the worst financial crisis since the Great Depression,,"['non-quantitative fact', 'ranking', 'causation']",[],['economy'],938,176,74,12,0.920042643923241,0.9989339019189766,0.07889125799573561
20121003_obama_romney,325,0,OBAMA,56,86,We created 23 million new jobs,,['quantitative precise'],[],['economy'],601,108,30,6,0.09317803660565724,0.14309484193011648,0.04991680532445923
20121003_obama_romney,325,1,OBAMA,88,119,We went from deficit to surplus,,['non-quantitative fact'],[],['economy'],601,108,31,6,0.1464226289517471,0.19800332778702162,0.051580698835274545
20121003_obama_romney,328,0,ROMNEY,74,115,I'm not in favor of a $5 trillion tax cut,,['quantitative precise'],['stance'],['economy'],1196,231,41,10,0.061872909698996656,0.09615384615384616,0.034280936454849496
20121003_obama_romney,328,1,ROMNEY,137,208,My plan is not to put in place any tax cut that will add to the deficit,,['non-quantitative fact'],['stance'],['economy'],1196,231,71,17,0.11454849498327759,0.17391304347826086,0.05936454849498328
20121003_obama_romney,328,2,ROMNEY,345,398,My plan is not like anything that's been tried before,,['non-quantitative fact'],['stance'],[],1196,231,53,10,0.28846153846153844,0.33277591973244147,0.04431438127090301
20121003_obama_romney,328,3,ROMNEY,400,506,"My plan is to bring down rates, but also bring down deductions and exemptions and credits at the same time",,['non-quantitative fact'],['stance'],[],1196,231,106,20,0.33444816053511706,0.4230769230769231,0.08862876254180602
20121003_obama_romney,328,4,ROMNEY,783,866,We've got 23 million people out of work or stopped looking for work in this country,,['quantitative precise'],[],['economy'],1196,231,83,16,0.6546822742474916,0.7240802675585284,0.06939799331103678
20121003_obama_romney,328,5,ROMNEY,899,996,"when the president took office, 32 million people on food stamps; 47 million on food stamps today",,"['quantitative precise', 'temporal reference', 'trend/change']",[],['economy'],1196,231,97,17,0.7516722408026756,0.8327759197324415,0.08110367892976589
20121003_obama_romney,328,6,ROMNEY,998,1088,"economic growth this year slower than last year, and last year slower than the year before",,"['temporal reference', 'trend/change']",[],['economy'],1196,231,90,16,0.8344481605351171,0.9096989966555183,0.07525083612040134
20121003_obama_romney,329,0,ROMNEY,391,444,"the amount of debt we're adding, at a trillion a year",,['quantitative precise'],[],['economy'],1377,261,53,11,0.2839506172839506,0.3224400871459695,0.03848946986201888
20121003_obama_romney,329,1,ROMNEY,891,923,it slows down the rate of growth,,"['non-quantitative fact', 'causation']",[],['economy'],1377,261,32,7,0.6470588235294118,0.6702977487291213,0.023238925199709513
20121003_obama_romney,329,2,ROMNEY,1206,1246,borrowing money from China to pay for it,,['non-quantitative fact'],[],"['economy', 'international relations']",1377,261,40,8,0.8758169934640523,0.9048656499636892,0.029048656499636893
20121003_obama_romney,331,0,ROMNEY,228,290,spending money on things to borrow money from China to pay for,,['non-quantitative fact'],[],"['economy', 'international relations']",463,92,62,12,0.4924406047516199,0.6263498920086393,0.13390928725701945
20121003_obama_romney,332,0,ROMNEY,260,307,The president said he'd cut the deficit in half,,['quantitative precise'],['speech attribution'],['economy'],515,89,47,9,0.5048543689320388,0.596116504854369,0.0912621359223301
20121003_obama_romney,332,1,ROMNEY,324,337,he doubled it,,['quantitative precise'],['behavioral attribution'],[],515,89,13,3,0.629126213592233,0.654368932038835,0.02524271844660194
20121003_obama_romney,332,2,ROMNEY,339,387,Trillion-dollar deficits for the last four years,,['temporal reference'],[],['economy'],515,89,48,7,0.658252427184466,0.7514563106796116,0.09320388349514563
20121003_obama_romney,332,3,ROMNEY,389,514,The president's put it in place as much public debt — almost as much debt held by the public as all prior presidents combined,,"['quantitative approximate', 'comparison']",['behavioral attribution'],"['economy', 'domestic politics']",515,89,125,24,0.7553398058252427,0.9980582524271845,0.24271844660194175
20121003_obama_romney,333,0,OBAMA,0,77,"When I walked into the Oval Office, I had more than a trillion-dollar deficit",,"['quantitative approximate', 'temporal reference']",[],['economy'],2380,422,77,14,0.0,0.03235294117647059,0.03235294117647059
20121003_obama_romney,333,1,OBAMA,779,831,we went after medical fraud in Medicare and Medicaid,,['non-quantitative fact'],['behavioral attribution'],['health/medicine'],2380,422,52,9,0.3273109243697479,0.3491596638655462,0.021848739495798318
20121003_obama_romney,333,2,OBAMA,891,975,"have saved tens of billions of dollars, $50 billion of waste taken out of the system",,"['quantitative precise', 'quantitative approximate']",[],['economy'],2380,422,84,16,0.37436974789915967,0.4096638655462185,0.03529411764705882
20121003_obama_romney,333,3,OBAMA,981,1087,I worked with Democrats and Republicans to cut a trillion dollars out of our discretionary domestic budget,,['quantitative precise'],['behavioral attribution'],"['economy', 'domestic politics']",2380,422,106,17,0.4121848739495798,0.45672268907563024,0.04453781512605042
20121003_obama_romney,333,4,OBAMA,1089,1172,That's the largest cut in the discretionary domestic budget since Dwight Eisenhower,,"['temporal reference', 'ranking']",[],['economy'],2380,422,83,12,0.457563025210084,0.492436974789916,0.034873949579831934
20121003_obama_romney,333,5,OBAMA,1225,1287,I've put forward a specific $4 trillion deficit reduction plan,,['quantitative precise'],['stance'],['economy'],2380,422,62,10,0.5147058823529411,0.5407563025210084,0.026050420168067228
20121003_obama_romney,333,6,OBAMA,1690,1811,that's how the commission — bipartisan commission that talked about how we should move forward suggested we have to do it,,['non-quantitative fact'],['behavioral attribution'],['domestic politics'],2380,422,121,21,0.7100840336134454,0.7609243697478991,0.05084033613445378
20121003_obama_romney,333,7,OBAMA,2022,2204,"when Governor Romney stood on a stage with other Republican candidates for the nomination and he was asked, would you take $10 of spending cuts for just $1 of revenue? And he said no",,"['non-quantitative fact', 'temporal reference']","['speech attribution', 'stance']","['economy', 'domestic politics']",2380,422,182,34,0.8495798319327731,0.9260504201680673,0.07647058823529412
20121003_obama_romney,334,0,OBAMA,85,216,"this means a 30 percent cut in the primary program we help for seniors who are in nursing homes, for kids who are with disabilities",,"['quantitative precise', 'causation']",[],['health/medicine'],217,41,131,25,0.391705069124424,0.9953917050691244,0.6036866359447005
20121003_obama_romney,339,0,OBAMA,57,127,"we're putting it forward before Congress right now, a $4 trillion plan",,['quantitative precise'],['behavioral attribution'],"['economy', 'domestic politics']",128,22,70,12,0.4453125,0.9921875,0.546875
20121003_obama_romney,341,0,ROMNEY,34,72,You said you'd cut the deficit in half,,['quantitative precise'],['speech attribution'],['economy'],278,46,38,8,0.1223021582733813,0.2589928057553957,0.1366906474820144
20121003_obama_romney,341,1,ROMNEY,101,139,We still have trillion-dollar deficits,,['quantitative precise'],[],['economy'],278,46,38,5,0.36330935251798563,0.5,0.1366906474820144
20121003_obama_romney,341,2,ROMNEY,141,277,"The CBO says we'll have a trillion-dollar deficit each of the next four years. If you're re-elected, we'll get to a trillion-dollar debt",,"['quantitative precise', 'forecast']",['speech attribution'],"['economy', 'domestic politics']",278,46,136,23,0.5071942446043165,0.9964028776978417,0.4892086330935252
20121003_obama_romney,342,0,ROMNEY,8,58,you have said before you'd cut the deficit in half,,['quantitative precise'],['speech attribution'],['economy'],1345,247,50,10,0.005947955390334572,0.04312267657992565,0.03717472118959108
20121003_obama_romney,342,1,ROMNEY,198,247,we still show trillion-dollar deficits every year,,['quantitative precise'],[],['economy'],1345,247,49,7,0.14721189591078068,0.18364312267657992,0.036431226765799254
20121003_obama_romney,342,2,ROMNEY,407,659,"you said it back in 2010. You said, “Look, I'm going to extend the tax policies that we have now; I'm not going to raise taxes on anyone, because when the economy is growing slow like this, when we're in recession, you shouldn't raise taxes on anyone.”",,"['non-quantitative fact', 'temporal reference']",['speech attribution'],['economy'],1345,247,252,47,0.3026022304832714,0.4899628252788104,0.18736059479553904
20121003_obama_romney,342,3,ROMNEY,666,699,the economy is still growing slow,,['quantitative vague'],[],['economy'],1345,247,33,6,0.49516728624535317,0.5197026022304833,0.02453531598513011
20121003_obama_romney,342,4,ROMNEY,722,789,it's growing much more slowly now than when you made that statement,,"['quantitative vague', 'comparison']",[],['economy'],1345,247,67,12,0.5368029739776952,0.5866171003717472,0.04981412639405204
20121003_obama_romney,342,5,ROMNEY,995,1070,It's all those businesses that employ one-quarter of the workers in America,,['quantitative precise'],[],['economy'],1345,247,75,12,0.7397769516728625,0.7955390334572491,0.055762081784386616
20121003_obama_romney,342,6,ROMNEY,1078,1124,small businesses that are taxed as individuals,,['non-quantitative fact'],[],['economy'],1345,247,46,7,0.8014869888475836,0.8356877323420074,0.03420074349442379
20121003_obama_romney,342,7,ROMNEY,1172,1259,"the National Federation of Independent Businesses said your plan will kill 700,000 jobs",,"['quantitative precise', 'forecast']",['speech attribution'],['economy'],1345,247,87,13,0.8713754646840148,0.9360594795539033,0.06468401486988848
20121003_obama_romney,347,0,ROMNEY,297,357,Spain spends 42 percent of their total economy on government,,['quantitative precise'],['behavioral attribution'],['economy'],577,106,60,10,0.5147313691507799,0.6187175043327556,0.10398613518197573
20121003_obama_romney,347,1,ROMNEY,359,417,We're now spending 42 percent of our economy on government,,['quantitative precise'],[],['economy'],577,106,58,10,0.6221837088388215,0.7227036395147314,0.10051993067590988
20121003_obama_romney,348,0,OBAMA,292,352,The oil industry gets $4 billion a year in corporate welfare,,['quantitative precise'],[],"['economy', 'energy']",1563,283,60,11,0.18682021753039027,0.2252079334612924,0.03838771593090211
20121003_obama_romney,348,1,OBAMA,365,459,"they get deductions that those small businesses that Governor Romney refers to, they don't get",,['non-quantitative fact'],[],['economy'],1563,283,94,15,0.23352527191298783,0.29366602687140114,0.060140754958413305
20121003_obama_romney,348,2,OBAMA,648,677,tax breaks for corporate jets,,['non-quantitative fact'],[],['economy'],1563,283,29,5,0.4145873320537428,0.4331413947536788,0.018554062699936022
20121003_obama_romney,348,3,OBAMA,834,1017,"Governor Romney has said he wants to, in a revenue neutral way, close loopholes, deductions — he hasn't identified which ones they are — but that thereby bring down the corporate rate",,['non-quantitative fact'],"['speech attribution', 'stance']",['economy'],1563,283,183,32,0.5335892514395394,0.6506717850287908,0.11708253358925144
20121003_obama_romney,348,4,OBAMA,1147,1202,tax breaks to companies that are shipping jobs overseas,,['non-quantitative fact'],[],['economy'],1563,283,55,9,0.7338451695457454,0.7690339091490723,0.035188739603326934
20121003_obama_romney,348,5,OBAMA,1215,1276,you can actually take a deduction for moving a plant overseas,,['non-quantitative fact'],[],['economy'],1563,283,61,11,0.7773512476007678,0.8163787587971849,0.03902751119641715
20121003_obama_romney,349,0,OBAMA,129,232,"The first two weeks she's got them, some of them sitting on the floor until finally they get reassigned",,['non-quantitative fact'],['anecdote'],['education'],1302,243,103,19,0.09907834101382489,0.1781874039938556,0.07910906298003072
20121003_obama_romney,349,1,OBAMA,234,280,They're using text books that are 10 years old,,"['non-quantitative fact', 'temporal reference']",['anecdote'],['education'],1302,243,46,9,0.17972350230414746,0.21505376344086022,0.03533026113671275
20121003_obama_romney,349,2,OBAMA,785,862,we're talking about potentially a 30 — a 30 percent cut in Medicaid over time,,"['quantitative precise', 'forecast']",[],['health/medicine'],1302,243,77,15,0.6029185867895546,0.6620583717357911,0.05913978494623656
20121003_obama_romney,351,0,ROMNEY,107,195,the Department of Energy has said the tax break for oil companies is $2.8 billion a year,,['quantitative precise'],['speech attribution'],"['economy', 'energy']",299,56,88,17,0.35785953177257523,0.6521739130434783,0.29431438127090304
20121003_obama_romney,351,1,ROMNEY,201,293,"it's actually an accounting treatment, as you know, that's been in place for a hundred years",,"['non-quantitative fact', 'temporal reference']",[],['economy'],299,56,92,16,0.6722408026755853,0.979933110367893,0.3076923076923077
20121003_obama_romney,353,0,ROMNEY,4,77,"in one year, you provided $90 billion in breaks to the green energy world",,['quantitative precise'],['behavioral attribution'],"['economy', 'energy', 'environment']",301,55,73,14,0.013289036544850499,0.2558139534883721,0.2425249169435216
20121003_obama_romney,353,1,ROMNEY,117,174,that's about 50 years' worth of what oil and gas receives,,"['comparison', 'temporal reference']",[],['energy'],301,55,57,11,0.38870431893687707,0.5780730897009967,0.1893687707641196
20121003_obama_romney,353,2,ROMNEY,215,287,"this $2.8 billion goes largely to small companies, to drilling operators",,"['quantitative precise', 'quantitative vague']",[],['energy'],301,55,72,11,0.7142857142857143,0.9534883720930233,0.23920265780730898
20121003_obama_romney,354,0,ROMNEY,236,360,"you put $90 billion, like 50 years' worth of breaks, into — into solar and wind, to Solyndra and Fisker and Tester and Ener1",,"['quantitative precise', 'quantitative approximate', 'comparison', 'temporal reference']",['behavioral attribution'],"['economy', 'energy', 'environment']",790,159,124,24,0.29873417721518986,0.45569620253164556,0.1569620253164557
20121003_obama_romney,354,1,ROMNEY,620,667,you get a deduction for taking a plant overseas,,['non-quantitative fact'],[],[],790,159,47,9,0.7848101265822784,0.8443037974683544,0.05949367088607595
20121003_obama_romney,355,0,ROMNEY,24,66,you get a break for shipping jobs overseas,,['non-quantitative fact'],[],['economy'],102,20,42,8,0.23529411764705882,0.6470588235294118,0.4117647058823529
20121003_obama_romney,356,0,ROMNEY,471,587,"when this idea was floated by Tommy Thompson, the governors — Republican and Democrats — said, please let us do that",,['non-quantitative fact'],"['speech attribution', 'stance']",['domestic politics'],1137,222,116,21,0.41424802110817943,0.5162708883025505,0.10202286719437115
20121003_obama_romney,359,0,OBAMA,394,441,that's the big driver of our deficits right now,,['quantitative vague'],[],['economy'],1348,241,47,9,0.2922848664688427,0.3271513353115727,0.034866468842729974
20121003_obama_romney,360,0,OBAMA,277,432,$716 billion we were able to save from the Medicare program by no longer overpaying insurance companies by making sure that we weren't overpaying providers,,['quantitative precise'],['behavioral attribution'],['health/medicine'],957,179,155,25,0.2894461859979101,0.45141065830721006,0.1619644723092999
20121003_obama_romney,360,1,OBAMA,456,544,we were actually able to lower prescription drug costs for seniors by an average of $600,,['quantitative precise'],['behavioral attribution'],['health/medicine'],957,179,88,16,0.47648902821316613,0.5684430512016719,0.09195402298850575
20121003_obama_romney,361,0,ROMNEY,732,796,"for current retirees, he's cutting $716 billion from the program",,['quantitative precise'],['stance'],[],2149,378,64,10,0.3406235458352722,0.3704048394602141,0.029781293624941835
20121003_obama_romney,361,1,ROMNEY,1098,1205,15 percent of hospitals and nursing homes say they won't take anymore Medicare patients under that scenario,,['quantitative approximate'],[],['health/medicine'],2149,378,107,17,0.5109353187529083,0.560725919032108,0.049790600279199626
20121003_obama_romney,361,2,ROMNEY,1220,1288,50 percent of doctors who say they won't take more Medicare patients,,['quantitative precise'],[],['health/medicine'],2149,378,68,12,0.5677059097254537,0.5993485342019544,0.0316426244765007
20121003_obama_romney,361,3,ROMNEY,1297,1415,we have 4 million people on Medicare Advantage that will lose Medicare Advantage because of those $716 billion in cuts,,"['quantitative precise', 'forecast']",[],['health/medicine'],2149,378,118,20,0.6035365286179618,0.6584457887389483,0.05490926012098651
20121003_obama_romney,361,4,ROMNEY,1448,1508,cut Medicare $716 billion for current recipients of Medicare,,['quantitative precise'],[],['health/medicine'],2149,378,60,9,0.6738017682643089,0.701721731037692,0.02791996277338297
20121003_obama_romney,361,5,ROMNEY,1612,1658,That's $1 — that's $1 for every $15 you've cut,,['quantitative precise'],[],[],2149,378,46,10,0.7501163331782225,0.7715216379711494,0.021405304792926943
20121003_obama_romney,361,6,ROMNEY,1881,1970,cutting $716 billion from Medicare to be able to balance the additional cost of Obamacare,,['quantitative precise'],[],['health/medicine'],2149,378,89,15,0.8752908329455561,0.9167054443927408,0.04141461144718474
20121003_obama_romney,362,0,OBAMA,165,285,"you would turn Medicare into a voucher program. It's called premium support, but it's understood to be a voucher program",,['non-quantitative fact'],['stance'],['health/medicine'],304,55,120,20,0.5427631578947368,0.9375,0.39473684210526316
20121003_obama_romney,367,0,OBAMA,102,309,"The idea, which was originally presented by Congressman Ryan, your running mate, is that we would give a voucher to seniors and they could go out in the private marketplace and buy their own health insurance",,['non-quantitative fact'],"['behavioral attribution', 'stance']","['health/medicine', 'domestic politics']",944,160,207,36,0.10805084745762712,0.3273305084745763,0.21927966101694915
20121003_obama_romney,367,1,OBAMA,331,484,"because the voucher wouldn't necessarily keep up with health care inflation, it was estimated that this would cost the average senior about $6,000 a year",,"['quantitative approximate', 'forecast', 'causation']",[],"['economy', 'health/medicine']",944,160,153,25,0.350635593220339,0.5127118644067796,0.1620762711864407
20121003_obama_romney,367,2,OBAMA,504,589,what Governor Romney has now said is he'll maintain traditional Medicare alongside it,,['non-quantitative fact'],"['speech attribution', 'stance']",['health/medicine'],944,160,85,13,0.5338983050847458,0.6239406779661016,0.09004237288135593
20121003_obama_romney,367,3,OBAMA,748,812,"They recruit them, leaving the older, sicker seniors in Medicare",,['non-quantitative fact'],['behavioral attribution'],['health/medicine'],944,160,64,10,0.7923728813559322,0.8601694915254238,0.06779661016949153
20121003_obama_romney,367,4,OBAMA,869,943,"over time, what'll happen is the traditional Medicare system will collapse",,['forecast'],[],['health/medicine'],944,160,74,11,0.9205508474576272,0.9989406779661016,0.07838983050847458
20121003_obama_romney,368,0,OBAMA,265,398,"AARP thinks that the — the savings that we obtained from Medicare bolster the system, lengthen the Medicare trust fund by eight years",,"['non-quantitative fact', 'temporal reference']","['speech attribution', 'stance']",['health/medicine'],1019,183,133,23,0.26005888125613347,0.39057899901864573,0.13052011776251227
20121003_obama_romney,368,1,OBAMA,400,433,Benefits were not affected at all,,['non-quantitative fact'],[],[],1019,183,33,6,0.39254170755642787,0.42492639842983315,0.0323846908734053
20121003_obama_romney,368,2,OBAMA,526,638,"if you repeal it, what happens is those seniors right away are going to be paying $600 more in prescription care",,"['quantitative precise', 'forecast', 'causation']",[],['economy'],1019,183,112,21,0.5161923454367027,0.6261040235525025,0.1099116781157998
20121003_obama_romney,368,3,OBAMA,640,704,They're now going to have to be paying copays for basic checkups,,['non-quantitative fact'],[],['health/medicine'],1019,183,64,12,0.6280667320902846,0.6908734052993131,0.06280667320902845
20121003_obama_romney,368,4,OBAMA,739,853,the primary beneficiary of that repeal are insurance companies that are estimated to gain billions of dollars back,,"['quantitative approximate', 'forecast']",[],['health/medicine'],1019,183,114,18,0.7252208047105005,0.8370951913640824,0.11187438665358194
20121003_obama_romney,369,0,ROMNEY,0,78,What I support is no change for current retirees and near-retirees to Medicare,,['non-quantitative fact'],['stance'],['health/medicine'],147,24,78,13,0.0,0.5306122448979592,0.5306122448979592
20121003_obama_romney,369,1,ROMNEY,84,146,the president supports taking $716 billion out of that program,,['quantitative precise'],['stance'],['health/medicine'],147,24,62,10,0.5714285714285714,0.9931972789115646,0.4217687074829932
20121003_obama_romney,370,0,ROMNEY,273,345,they'll have at least two plans that will be entirely at no cost to them,,"['non-quantitative fact', 'forecast']",[],['health/medicine'],473,91,72,15,0.5771670190274841,0.7293868921775899,0.1522198731501057
20121003_obama_romney,370,1,ROMNEY,350,411,"they don't have to pay additional money, no additional $6,000",,['quantitative precise'],[],[],473,91,61,10,0.7399577167019028,0.86892177589852,0.12896405919661733
20121003_obama_romney,370,2,ROMNEY,441,472,They'll have at least two plans,,"['non-quantitative fact', 'forecast']",[],['health/medicine'],473,91,31,6,0.9323467230443975,0.9978858350951374,0.06553911205073996
20121003_obama_romney,371,0,ROMNEY,304,360,the government telling me what kind of health care I get,,['non-quantitative fact'],[],['health/medicine'],1271,248,56,11,0.23918174665617625,0.2832415420928403,0.044059795436664044
20121003_obama_romney,371,1,ROMNEY,840,968,"the idea came not even from Paul Ryan or — or Senator Wyden, who's the co-author of the bill with — with Paul Ryan in the Senate",,['non-quantitative fact'],"['behavioral attribution', 'stance']",['domestic politics'],1271,248,128,27,0.6608969315499607,0.7616050354051928,0.1007081038552321
20121003_obama_romney,371,2,ROMNEY,979,1028,it came from Bill — Bill Clinton's chief of staff,,['non-quantitative fact'],"['behavioral attribution', 'stance']",['domestic politics'],1271,248,49,10,0.7702596380802518,0.8088119590873328,0.03855232100708104
20121003_obama_romney,372,0,OBAMA,89,156,Medicare has lower administrative costs than private insurance does,,['comparison'],[],['health/medicine'],993,179,67,9,0.08962739174219536,0.15709969788519637,0.06747230614300101
20121003_obama_romney,372,1,OBAMA,312,378,"you've got higher administrative costs, plus profit on top of that",,['comparison'],[],[],993,179,66,11,0.31419939577039274,0.3806646525679758,0.06646525679758308
20121003_obama_romney,372,2,OBAMA,751,815,AARP has said that your plan would weaken Medicare substantially,,['non-quantitative fact'],['speech attribution'],['health/medicine'],993,179,64,10,0.756294058408862,0.8207452165156093,0.06445115810674723
20121003_obama_romney,372,3,OBAMA,832,881,they were supportive of the approach that we took,,['non-quantitative fact'],['stance'],[],993,179,49,9,0.837865055387714,0.8872104733131924,0.04934541792547835
20121003_obama_romney,380,0,ROMNEY,0,97,The president said that the government can provide the service at lower cost and without a profit,,['non-quantitative fact'],['speech attribution'],['domestic politics'],98,17,97,17,0.0,0.9897959183673469,0.9897959183673469
20121003_obama_romney,382,0,ROMNEY,34,114,the private sector typically is able to provide a better product at a lower cost,,['comparison'],[],[],115,21,80,15,0.2956521739130435,0.991304347826087,0.6956521739130435
20121003_obama_romney,388,0,ROMNEY,394,506,"it designates a number of banks as too big to fail, and they're effectively guaranteed by the federal government",,['non-quantitative fact'],[],"['economy', 'domestic politics']",753,130,112,19,0.5232403718459495,0.6719787516600265,0.14873837981407703
20121003_obama_romney,388,1,ROMNEY,625,697,There've been 122 community and small banks have closed since Dodd-Frank,,"['quantitative precise', 'temporal reference']",[],['economy'],753,130,72,11,0.8300132802124834,0.9256308100929614,0.09561752988047809
20121003_obama_romney,391,0,OBAMA,188,317,"loan officers were — that were giving loans and mortgages that really shouldn't have been given, because the folks didn't qualify",,['non-quantitative fact'],['behavioral attribution'],"['economy', 'housing']",1141,208,129,21,0.16476774758983348,0.2778264680105171,0.11305872042068361
20121003_obama_romney,391,1,OBAMA,334,399,who were borrowing money to buy a house that they couldn't afford,,['non-quantitative fact'],[],"['economy', 'housing']",1141,208,65,12,0.2927256792287467,0.3496932515337423,0.05696757230499562
20121003_obama_romney,391,2,OBAMA,409,491,credit agencies that were stamping these as A1 great investments when they weren't,,['non-quantitative fact'],['behavioral attribution'],['economy'],1141,208,82,13,0.3584574934268186,0.4303242769500438,0.07186678352322524
20121003_obama_romney,391,3,OBAMA,723,796,We stepped in and had the toughest reforms on Wall Street since the 1930s,,"['temporal reference', 'ranking']",['behavioral attribution'],['economy'],1141,208,73,14,0.6336546888694128,0.6976336546888694,0.06397896581945661
20121003_obama_romney,392,0,OBAMA,52,140,"all the help that we provided those banks was paid back every single dime, with interest",,['quantitative vague'],[],['economy'],656,120,88,16,0.07926829268292683,0.21341463414634146,0.13414634146341464
20121003_obama_romney,392,1,OBAMA,147,201,Governor Romney has said he wants to repeal Dodd-Frank,,['non-quantitative fact'],"['speech attribution', 'stance']",['economy'],656,120,54,9,0.22408536585365854,0.30640243902439024,0.08231707317073171
20121003_obama_romney,392,2,OBAMA,344,416,"Governor Romney has said he just want to repeal Dodd-Frank, roll it back",,['non-quantitative fact'],"['speech attribution', 'stance']",['economy'],656,120,72,13,0.524390243902439,0.6341463414634146,0.10975609756097561
20121003_obama_romney,393,0,ROMNEY,152,276,designate five banks as too big to fail and give them a blank check. That's one of the unintended consequences of Dodd-Frank,,"['non-quantitative fact', 'causation']",[],['economy'],1389,240,124,22,0.10943124550035997,0.19870410367170627,0.0892728581713463
20121003_obama_romney,393,1,ROMNEY,359,396,it's killing regional and small banks,,['non-quantitative fact'],[],['economy'],1389,240,37,6,0.2584593232541397,0.28509719222462204,0.02663786897048236
20121003_obama_romney,393,2,ROMNEY,477,533,we were giving mortgages to people who weren't qualified,,['non-quantitative fact'],['behavioral attribution'],['housing'],1389,240,56,9,0.3434125269978402,0.38372930165586755,0.040316774658027354
20121003_obama_romney,393,3,ROMNEY,557,620,It's one of the reasons for the great financial calamity we had,,"['non-quantitative fact', 'causation']",[],[],1389,240,63,12,0.4010079193664507,0.44636429085673146,0.04535637149028078
20121003_obama_romney,393,4,ROMNEY,773,836,they didn't ever go on and define what a qualified mortgage was,,['non-quantitative fact'],['behavioral attribution'],"['economy', 'housing']",1389,240,63,12,0.556515478761699,0.6018718502519799,0.04535637149028078
20121003_obama_romney,394,0,ROMNEY,566,665,"the Congressional Budget Office has said it will cost $2,500 a year more than traditional insurance",,"['quantitative precise', 'forecast']",['speech attribution'],['health/medicine'],2046,375,99,16,0.27663734115347016,0.3250244379276637,0.04838709677419355
20121003_obama_romney,394,1,ROMNEY,716,862,"when the president ran for office, he said that, by this year, he would have brought down the cost of insurance for each family by $2,500 a family",,"['quantitative precise', 'temporal reference']",['speech attribution'],['health/medicine'],2046,375,146,28,0.34995112414467255,0.42130987292277616,0.07135874877810362
20121003_obama_romney,394,2,ROMNEY,873,900,it's gone up by that amount,,['trend/change'],[],[],2046,375,27,6,0.42668621700879766,0.4398826979472141,0.013196480938416423
20121003_obama_romney,394,3,ROMNEY,1006,1054,it cuts $716 billion from Medicare to pay for it,,['quantitative precise'],[],['health/medicine'],2046,375,48,10,0.4916911045943304,0.5151515151515151,0.02346041055718475
20121003_obama_romney,394,4,ROMNEY,1129,1241,it puts in place an unelected board that's going to tell people ultimately what kind of treatments they can have,,['non-quantitative fact'],['conspiracy'],['health/medicine'],2046,375,112,20,0.5518084066471163,0.6065493646138808,0.05474095796676442
20121003_obama_romney,394,5,ROMNEY,1407,1473,three-quarters of them said it makes us less likely to hire people,,['quantitative precise'],[],['economy'],2046,375,66,12,0.6876832844574781,0.7199413489736071,0.03225806451612903
20121003_obama_romney,394,6,ROMNEY,1522,1617,"come into office, facing 23 million people out of work, rising unemployment, an economic crisis",,"['quantitative precise', 'trend/change']",[],['economy'],2046,375,95,15,0.7438905180840665,0.7903225806451613,0.04643206256109482
20121003_obama_romney,394,7,ROMNEY,2000,2045,"raising it with the $2,500 additional premium",,['quantitative precise'],[],['health/medicine'],2046,375,45,7,0.9775171065493646,0.9995112414467253,0.021994134897360705
20121003_obama_romney,395,0,OBAMA,170,214,small businesses were seeing costs skyrocket,,['trend/change'],[],['economy'],1891,324,44,6,0.0898995240613432,0.11316763617133792,0.023268112109994712
20121003_obama_romney,395,1,OBAMA,219,309,they couldn't get affordable coverage even if they wanted to provide it to their employees,,['non-quantitative fact'],[],['health/medicine'],1891,324,90,15,0.11581173982020095,0.1634056054997356,0.047593865679534636
20121003_obama_romney,395,2,OBAMA,331,412,"this was the biggest driver of our federal deficit, our overall health care costs",,['ranking'],[],"['economy', 'health/medicine']",1891,324,81,14,0.17503966155473294,0.2178741406663141,0.04283447911158118
20121003_obama_romney,395,3,OBAMA,536,619,"If they had a pre-existing condition, they might not be able to get coverage at all",,"['non-quantitative fact', 'causation']",[],['health/medicine'],1891,324,83,16,0.2834479111581174,0.3273400317292438,0.04389212057112639
20121003_obama_romney,395,4,OBAMA,648,699,insurance companies might impose an arbitrary limit,,['non-quantitative fact'],['behavioral attribution'],['health/medicine'],1891,324,51,7,0.3426758328926494,0.36964569011105236,0.026969857218402962
20121003_obama_romney,395,5,OBAMA,1297,1340,They can't impose arbitrary lifetime limits,,['non-quantitative fact'],[],['health/medicine'],1891,324,43,6,0.6858804865150714,0.7086197778952935,0.022739291380222106
20121003_obama_romney,395,6,OBAMA,1342,1443,They have to let you keep your kid on their insurance — your insurance plan until you're 26 years old,,['non-quantitative fact'],[],['health/medicine'],1891,324,101,20,0.7096774193548387,0.763088313061872,0.053410893707033315
20121003_obama_romney,395,7,OBAMA,1506,1608,insurance companies are spending more on administrative costs and profits than they are on actual care,,['comparison'],['behavioral attribution'],"['economy', 'health/medicine']",1891,324,102,16,0.7964040190375463,0.8503437334743522,0.053939714436805924
20121003_obama_romney,395,8,OBAMA,1687,1853,a group plan that allows you to benefit from group rates that are typically 18 percent lower than if you're out there trying to get insurance on the individual market,,"['quantitative precise', 'comparison']",[],['health/medicine'],1891,324,166,30,0.8921205711263882,0.9799048122686409,0.08778424114225278
20121003_obama_romney,396,0,OBAMA,329,353,It hasn't destroyed jobs,,['non-quantitative fact'],[],['economy'],523,95,24,4,0.6290630975143403,0.6749521988527725,0.045889101338432124
20121003_obama_romney,398,0,ROMNEY,157,237,What you did instead was to push through a plan without a single Republican vote,,['non-quantitative fact'],['behavioral attribution'],['domestic politics'],1003,172,80,15,0.15653040877367896,0.23629112662013957,0.07976071784646062
20121003_obama_romney,398,1,ROMNEY,260,391,"when Massachusetts did something quite extraordinary — elected a Republican senator to stop Obamacare, you pushed it through anyway","unsure about ""when... Obamacare""",['non-quantitative fact'],['behavioral attribution'],"['health/medicine', 'domestic politics']",1003,172,131,19,0.259222333000997,0.3898305084745763,0.13060817547357925
20121003_obama_romney,398,2,ROMNEY,512,630,you pushed through something that you and Nancy Pelosi and Harry Reid thought was the best answer and drove it through,,['non-quantitative fact'],['behavioral attribution'],['domestic politics'],1003,172,118,21,0.5104685942173479,0.6281156530408774,0.11764705882352941
20121003_obama_romney,398,3,ROMNEY,647,680,a legislature 87 percent Democrat,,['quantitative precise'],[],['domestic politics'],1003,172,33,5,0.6450648055832503,0.6779661016949152,0.03290129611166501
20121003_obama_romney,398,4,ROMNEY,737,797,only two voted against the plan by the time we were finished,,['quantitative precise'],"['behavioral attribution', 'stance']",['domestic politics'],1003,172,60,12,0.7347956131605184,0.7946161515453639,0.05982053838484546
20121003_obama_romney,398,5,ROMNEY,827,848,We didn't raise taxes,,['non-quantitative fact'],['behavioral attribution'],['economy'],1003,172,21,4,0.8245264207377866,0.8454636091724825,0.020937188434695914
20121003_obama_romney,398,6,ROMNEY,850,899,You've raised them by $1 trillion under Obamacare,,['quantitative precise'],['behavioral attribution'],"['economy', 'health/medicine']",1003,172,49,8,0.847457627118644,0.8963110667996012,0.04885343968095713
20121003_obama_romney,398,7,ROMNEY,901,923,We didn't cut Medicare,,['non-quantitative fact'],['behavioral attribution'],['health/medicine'],1003,172,22,4,0.8983050847457628,0.9202392821535393,0.02193419740777667
20121003_obama_romney,398,8,ROMNEY,964,1002,we didn't cut Medicare by $716 billion,,['quantitative precise'],['behavioral attribution'],['health/medicine'],1003,172,38,7,0.9611166500498505,0.9990029910269193,0.03788634097706879
20121003_obama_romney,399,0,ROMNEY,23,103,a board that can tell people ultimately what treatments they're going to receive,,['non-quantitative fact'],['conspiracy'],['health/medicine'],1115,200,80,13,0.02062780269058296,0.09237668161434978,0.07174887892376682
20121003_obama_romney,399,1,ROMNEY,315,417,the CBO says up to 20 million people will lose their insurance as Obamacare goes into effect next year,,"['quantitative precise', 'forecast']",['speech attribution'],['health/medicine'],1115,200,102,19,0.2825112107623318,0.3739910313901345,0.09147982062780269
20121003_obama_romney,399,2,ROMNEY,433,558,a study by McKinsey and Company of American businesses said 30 percent of them are anticipating dropping people from coverage,,"['quantitative precise', 'forecast']","['speech attribution', 'epistemic']","['economy', 'health/medicine']",1115,200,125,20,0.3883408071748879,0.5004484304932736,0.11210762331838565
20121003_obama_romney,399,3,ROMNEY,823,902,"They put a plan out. They put out a plan, a bipartisan plan. It was swept aside",,['non-quantitative fact'],['behavioral attribution'],['domestic politics'],1115,200,79,17,0.7381165919282511,0.8089686098654708,0.07085201793721974
20121003_obama_romney,400,0,OBAMA,64,90,This was a bipartisan idea,,['non-quantitative fact'],"['behavioral attribution', 'stance']",['domestic politics'],2667,487,26,5,0.023997000374953132,0.03374578177727784,0.00974878140232471
20121003_obama_romney,400,1,OBAMA,101,125,it was a Republican idea,,['non-quantitative fact'],"['behavioral attribution', 'stance']",['domestic politics'],2667,487,24,5,0.03787026621672291,0.046869141357330335,0.008998875140607425
20121003_obama_romney,400,2,OBAMA,131,254,Governor Romney at the beginning of this debate wrote and said what we did in Massachusetts could be a model for the nation,,['non-quantitative fact'],['speech attribution'],[],2667,487,123,23,0.04911886014248219,0.09523809523809523,0.04611923509561305
20121003_obama_romney,400,3,OBAMA,428,453,we used the same advisers,,['non-quantitative fact'],['behavioral attribution'],[],2667,487,25,5,0.16047994000749907,0.16985376827896512,0.009373828271466067
20121003_obama_romney,400,4,OBAMA,459,486,they say it's the same plan,,['non-quantitative fact'],['speech attribution'],[],2667,487,27,6,0.172103487064117,0.18222722159730034,0.010123734533183352
20121003_obama_romney,400,5,OBAMA,587,643,"what this is, is a group of health care experts, doctors",,['non-quantitative fact'],[],['health/medicine'],2667,487,56,11,0.22009748781402325,0.24109486314210724,0.02099737532808399
20121003_obama_romney,400,6,OBAMA,1053,1079,that's been the trend line,,['trend/change'],[],[],2667,487,26,5,0.3948256467941507,0.40457442819647543,0.00974878140232471
20121003_obama_romney,400,7,OBAMA,1273,1326,they actually provide great care cheaper than average,,['comparison'],[],['health/medicine'],2667,487,53,8,0.4773153355830521,0.49718785151856015,0.01987251593550806
20121003_obama_romney,400,8,OBAMA,2021,2123,"when Obamacare is fully implemented, we're going to be in a position to show that costs are going down",,['forecast'],[],['health/medicine'],2667,487,102,19,0.7577802774653168,0.7960254968128984,0.03824521934758155
20121003_obama_romney,400,9,OBAMA,2129,2187,"over the last two years, health care premiums have gone up",,"['temporal reference', 'trend/change']",[],['health/medicine'],2667,487,58,11,0.7982752155980503,0.8200224971878515,0.021747281589801274
20121003_obama_romney,400,10,OBAMA,2206,2263,they've gone up slower than any time in the last 50 years,,"['temporal reference', 'trend/change', 'ranking']",[],[],2667,487,57,12,0.8271466066741657,0.8485189351331084,0.021372328458942633
20121003_obama_romney,400,11,OBAMA,2419,2490,"Governor Romney says, we should replace it, I'm just going to repeal it",,['non-quantitative fact'],"['speech attribution', 'stance']",[],2667,487,71,13,0.9070116235470567,0.9336332958380202,0.02662167229096363
20121003_obama_romney,400,12,OBAMA,2556,2666,"he hasn't described what exactly we'd replace it with, other than saying we're going to leave it to the states",,['non-quantitative fact'],"['speech attribution', 'behavioral attribution']",[],2667,487,110,20,0.9583802024746907,0.9996250468691413,0.0412448443944507
20121003_obama_romney,401,0,OBAMA,131,264,there's no indication that that somehow is going to help somebody who's got a pre-existing condition be able to finally buy insurance,,['forecast'],['epistemic'],['health/medicine'],379,62,133,22,0.34564643799472294,0.6965699208443272,0.35092348284960423
20121003_obama_romney,401,1,OBAMA,275,378,"it's estimated that by repealing Obamacare, you're looking at 50 million people losing health insurance",,"['quantitative precise', 'forecast']",[],['health/medicine'],379,62,103,15,0.7255936675461742,0.9973614775725593,0.2717678100263852
20121003_obama_romney,404,0,ROMNEY,74,122,preexisting conditions are covered under my plan,,['non-quantitative fact'],['stance'],['health/medicine'],672,122,48,7,0.11011904761904762,0.18154761904761904,0.07142857142857142
20121003_obama_romney,404,1,ROMNEY,136,186,young people are able to stay on their family plan,,['non-quantitative fact'],[],['health/medicine'],672,122,50,10,0.20238095238095238,0.2767857142857143,0.0744047619047619
20121003_obama_romney,404,2,ROMNEY,188,237,That's already offered in the private marketplace,,['non-quantitative fact'],[],[],672,122,49,7,0.27976190476190477,0.35267857142857145,0.07291666666666667
20121003_obama_romney,404,3,ROMNEY,488,659,"he has as a model for doing that a board of people at the government, an unelected board, appointed board, who are going to decide what kind of treatment you ought to have",,['non-quantitative fact'],['conspiracy'],"['health/medicine', 'domestic politics']",672,122,171,33,0.7261904761904762,0.9806547619047619,0.2544642857142857
20121003_obama_romney,405,0,ROMNEY,766,837,a board of 15 people telling us what kinds of treatments we should have,,"['quantitative precise', 'non-quantitative fact']",['conspiracy'],['health/medicine'],1168,205,71,14,0.6558219178082192,0.7166095890410958,0.06078767123287671
20121003_obama_romney,406,0,ROMNEY,134,201,telling a patient and a doctor what kind of treatment they can have,,['non-quantitative fact'],['conspiracy'],['health/medicine'],297,51,67,13,0.4511784511784512,0.6767676767676768,0.2255892255892256
20121003_obama_romney,407,0,OBAMA,35,164,this board that we're talking about can't make decisions about what treatments are given. That's explicitly prohibited in the law,,['non-quantitative fact'],[],"['health/medicine', 'justice']",1300,227,129,20,0.026923076923076925,0.12615384615384614,0.09923076923076923
20121003_obama_romney,407,1,OBAMA,224,300,"under his plan, he would be able to cover people with preexisting conditions",,['non-quantitative fact'],['stance'],['health/medicine'],1300,227,76,13,0.1723076923076923,0.23076923076923078,0.05846153846153846
20121003_obama_romney,407,2,OBAMA,359,637,"What your plan does is to duplicate what's already the law, which says if you are out of health insurance for three months, then you can end up getting continuous coverage and an insurance company can't deny you if you've — if it's been under 90 days. But that's already the law",,['non-quantitative fact'],['stance'],"['health/medicine', 'justice']",1300,227,278,52,0.27615384615384614,0.49,0.21384615384615385
20121003_obama_romney,407,3,OBAMA,660,720,the millions of people out there with preexisting conditions,,['quantitative approximate'],[],['health/medicine'],1300,227,60,9,0.5076923076923077,0.5538461538461539,0.046153846153846156
20121003_obama_romney,407,4,OBAMA,853,902,It was the largest expansion of private insurance,,['ranking'],[],['health/medicine'],1300,227,49,8,0.6561538461538462,0.6938461538461539,0.03769230769230769
20121003_obama_romney,407,5,OBAMA,1044,1151,"Governor Romney says that he'll replace it with something, but can't detail how it will be in fact replaced",,['non-quantitative fact'],"['speech attribution', 'behavioral attribution', 'stance']",[],1300,227,107,19,0.803076923076923,0.8853846153846154,0.0823076923076923
20121003_obama_romney,408,0,OBAMA,33,107,he says that he's going to close deductions and loopholes for his tax plan,,['non-quantitative fact'],"['speech attribution', 'stance']",['economy'],1029,187,74,14,0.03206997084548105,0.10398445092322643,0.07191448007774538
20121003_obama_romney,408,1,OBAMA,151,176,we don't know the details,,['non-quantitative fact'],['epistemic'],[],1029,187,25,5,0.1467444120505345,0.17103984450923226,0.024295432458697766
20121003_obama_romney,408,2,OBAMA,178,243,"He says that he's going to replace Dodd-Frank, Wall Street reform",,['non-quantitative fact'],"['speech attribution', 'stance']",['economy'],1029,187,65,11,0.1729834791059281,0.23615160349854228,0.06316812439261418
20121003_obama_romney,408,3,OBAMA,249,281,we don't know exactly which ones,,['non-quantitative fact'],['epistemic'],[],1029,187,32,6,0.24198250728862974,0.2730806608357629,0.031098153547133137
20121003_obama_romney,408,4,OBAMA,301,344,He now says he's going to replace Obamacare,,['non-quantitative fact'],"['speech attribution', 'stance']",['health/medicine'],1029,187,43,8,0.2925170068027211,0.33430515063168126,0.04178814382896016
20121003_obama_romney,408,5,OBAMA,540,600,Governor Romney is keeping all these plans to replace secret,,['non-quantitative fact'],"['behavioral attribution', 'stance', 'conspiracy']",[],1029,187,60,10,0.5247813411078717,0.5830903790087464,0.05830903790087463
20121003_obama_romney,410,0,ROMNEY,200,260,Tip O'Neill and Ronald Reagan worked together some years ago,,['non-quantitative fact'],['behavioral attribution'],['domestic politics'],1845,338,60,10,0.10840108401084012,0.14092140921409213,0.032520325203252036
20121003_obama_romney,410,1,ROMNEY,353,392,He said he was going to lower tax rates,,['non-quantitative fact'],"['speech attribution', 'stance']",['economy'],1845,338,39,9,0.1913279132791328,0.21246612466124662,0.02113821138211382
20121003_obama_romney,410,2,ROMNEY,436,501,"You've said the same thing, you're going to simplify the tax code",,['non-quantitative fact'],"['speech attribution', 'stance']",['economy'],1845,338,65,12,0.23631436314363144,0.27154471544715447,0.03523035230352303
20121003_obama_romney,410,3,ROMNEY,1398,1466,I do have a plan that deals with people with pre-existing conditions,,['non-quantitative fact'],['stance'],['health/medicine'],1845,338,68,12,0.7577235772357723,0.794579945799458,0.03685636856368564
20121003_obama_romney,410,4,ROMNEY,1583,1607,I said that at that time,,['non-quantitative fact'],['speech attribution'],[],1845,338,24,6,0.8579945799457994,0.8710027100271003,0.013008130081300813
20121003_obama_romney,410,5,ROMNEY,1717,1772,which gives states the rights for these kinds of things,,['non-quantitative fact'],[],['justice'],1845,338,55,10,0.9306233062330623,0.9604336043360434,0.02981029810298103
20121003_obama_romney,413,0,OBAMA,89,273,"in the middle of the Civil War, Abraham Lincoln said, let's help to finance the Transcontinental Railroad, let's start the National Academy of Sciences, let's start land grant colleges",,"['non-quantitative fact', 'temporal reference']","['behavioral attribution', 'stance']","['science/research', 'education']",1608,279,184,29,0.05534825870646766,0.16977611940298507,0.11442786069651742
20121003_obama_romney,413,1,OBAMA,856,916,46 states around the country who have made a real difference,,['quantitative precise'],[],[],1608,279,60,11,0.5323383084577115,0.5696517412935324,0.03731343283582089
20121003_obama_romney,413,2,OBAMA,1155,1238,we've seen layoffs of hundreds of thousands of teachers over the last several years,,['quantitative approximate'],[],"['economy', 'education']",1608,279,83,14,0.7182835820895522,0.7699004975124378,0.05161691542288557
20121003_obama_romney,413,3,OBAMA,1244,1295,Governor Romney doesn't think we need more teachers,,['non-quantitative fact'],['stance'],['education'],1608,279,51,8,0.7736318407960199,0.8053482587064676,0.03171641791044776
20121003_obama_romney,414,0,ROMNEY,50,100,our schools are ranked number one of all 50 states,,['ranking'],[],['education'],478,80,50,10,0.10460251046025104,0.20920502092050208,0.10460251046025104
20121003_obama_romney,415,0,ROMNEY,142,182,I do not believe in cutting our military,,['non-quantitative fact'],['stance'],['defense/military'],1689,306,40,8,0.08407341622261694,0.10775606867969213,0.023682652457075192
20121003_obama_romney,415,1,ROMNEY,1430,1459,23 million people out of work,,['quantitative precise'],[],['economy'],1689,306,29,6,0.8466548253404381,0.8638247483718177,0.017169923031379514
20121003_obama_romney,415,2,ROMNEY,1482,1510,1 out of 6 people in poverty,,['quantitative precise'],[],['economy'],1689,306,28,7,0.8774422735346359,0.8940201302545885,0.016577856719952634
20121003_obama_romney,415,3,ROMNEY,1533,1603,we've gone from 32 million on food stamps to 47 million on food stamps,,"['quantitative precise', 'trend/change']",[],['economy'],1689,306,70,14,0.9076376554174067,0.9490822972172883,0.04144464179988159
20121003_obama_romney,415,4,ROMNEY,1631,1688,50 percent of college graduates this year can't find work,,['quantitative precise'],[],"['economy', 'education']",1689,306,57,10,0.9656601539372409,0.9994079336885732,0.03374777975133215
20121003_obama_romney,419,0,OBAMA,81,133,Governor Romney indicates that he wants to cut taxes,,['non-quantitative fact'],['stance'],['economy'],654,116,52,9,0.12385321100917432,0.20336391437308868,0.07951070336391437
20121003_obama_romney,419,1,OBAMA,185,273,to pay for it we're having to initiate significant cuts in federal support for education,,"['non-quantitative fact', 'causation']",[],['education'],654,116,88,15,0.28287461773700306,0.41743119266055045,0.1345565749235474
20121003_obama_romney,419,2,OBAMA,316,445,"his running mate, Congressman Ryan, put forward a budget that reflects many of the principles that Governor Romney's talked about",,['non-quantitative fact'],"['behavioral attribution', 'stance']",['domestic politics'],654,116,129,20,0.4831804281345566,0.6804281345565749,0.19724770642201836
20121003_obama_romney,419,3,OBAMA,451,474,it wasn't very detailed,,['non-quantitative fact'],['epistemic'],[],654,116,23,4,0.6896024464831805,0.7247706422018348,0.035168195718654434
20121003_obama_romney,419,4,OBAMA,605,653,cutting the education budget by up to 20 percent,,['quantitative approximate'],[],['education'],654,116,48,9,0.9250764525993884,0.9984709480122325,0.07339449541284404
20121003_obama_romney,422,0,OBAMA,406,535,"we were sending $60 billion to banks and lenders as middlemen for the student loan program, even though the loans were guaranteed",,['quantitative precise'],[],"['economy', 'education']",1506,270,129,22,0.2695883134130146,0.3552456839309429,0.08565737051792828
20121003_obama_romney,422,1,OBAMA,592,635,they were taking billions out of the system,,['quantitative approximate'],['behavioral attribution'],[],1506,270,43,8,0.3930942895086321,0.4216467463479416,0.028552456839309428
20121003_obama_romney,422,2,OBAMA,705,830,"what we've been able to do is to provide millions more students assistance, lower or keep low interest rates on student loans",,"['quantitative approximate', 'trend/change', 'causation']",['behavioral attribution'],['education'],1506,270,125,22,0.4681274900398406,0.5511288180610889,0.08300132802124834
20121003_obama_romney,423,0,ROMNEY,145,183,I'm not going to cut education funding,,['non-quantitative fact'],['stance'],['education'],2000,366,38,7,0.0725,0.0915,0.019
20121003_obama_romney,423,1,ROMNEY,185,283,I don't have any plan to cut education funding and — and grants that go to people going to college,,['non-quantitative fact'],['stance'],['education'],2000,366,98,20,0.0925,0.1415,0.049
20121003_obama_romney,423,2,ROMNEY,503,545,You put $90 billion into — into green jobs,,['quantitative precise'],['behavioral attribution'],"['economy', 'environment']",2000,366,42,9,0.2515,0.2725,0.021
20121003_obama_romney,423,3,ROMNEY,626,666,that would have hired 2 million teachers,,"['quantitative precise', 'forecast']",[],['education'],2000,366,40,7,0.313,0.333,0.02
20121003_obama_romney,423,4,ROMNEY,703,741,many of them have gone out of business,,['quantitative vague'],[],['economy'],2000,366,38,8,0.3515,0.3705,0.019
20121003_obama_romney,423,5,ROMNEY,751,830,"about half of them, of the ones have been invested in have gone out of business",,['quantitative approximate'],[],['economy'],2000,366,79,16,0.3755,0.415,0.0395
20121003_obama_romney,423,6,ROMNEY,832,919,A number of them happened to be owned by people who were contributors to your campaigns,,['non-quantitative fact'],[],['domestic politics'],2000,366,87,16,0.416,0.4595,0.0435
20121003_obama_romney,423,7,ROMNEY,1826,1883,Massachusetts schools are ranked number one in the nation,,['ranking'],[],['education'],2000,366,57,9,0.913,0.9415,0.0285
20121003_obama_romney,425,0,ROMNEY,105,143,my legislature was 87 percent Democrat,,['quantitative precise'],[],['domestic politics'],338,71,38,6,0.3106508875739645,0.4230769230769231,0.11242603550295859
20121003_obama_romney,425,1,ROMNEY,263,314,We drove our schools to be number one in the nation,,['ranking'],['behavioral attribution'],['education'],338,71,51,11,0.7781065088757396,0.9289940828402367,0.15088757396449703
20121003_obama_romney,425,2,ROMNEY,316,337,We cut taxes 19 times,,['quantitative precise'],['behavioral attribution'],['economy'],338,71,21,5,0.9349112426035503,0.9970414201183432,0.0621301775147929
20121003_obama_romney,428,0,OBAMA,86,121,he's also going to repeal Obamacare,,['non-quantitative fact'],['stance'],['health/medicine'],1792,323,35,6,0.04799107142857143,0.06752232142857142,0.01953125
20121003_obama_romney,428,1,OBAMA,452,511,we cut taxes for middle-class families and small businesses,,['non-quantitative fact'],['behavioral attribution'],['economy'],1792,323,59,9,0.25223214285714285,0.28515625,0.032924107142857144
20121003_obama_romney,428,2,OBAMA,524,594,we cut a trillion dollars of spending that wasn't advancing that cause,,['quantitative precise'],['behavioral attribution'],[],1792,323,70,12,0.2924107142857143,0.3314732142857143,0.0390625
20121003_obama_romney,428,3,OBAMA,607,734,we signed three trade deals into law that are helping us to double our exports and sell more American products around the world,,"['quantitative precise', 'trend/change']",['behavioral attribution'],['economy'],1792,323,127,23,0.33872767857142855,0.4095982142857143,0.07087053571428571
20121003_obama_romney,428,4,OBAMA,747,782,we repealed “don't ask/don't tell.”,,['non-quantitative fact'],['behavioral attribution'],['LGBTQ+'],1792,323,35,5,0.41685267857142855,0.43638392857142855,0.01953125
20121003_obama_romney,428,5,OBAMA,794,818,we ended the war in Iraq,,['non-quantitative fact'],['behavioral attribution'],['war/conflict'],1792,323,24,6,0.44308035714285715,0.4564732142857143,0.013392857142857142
20121003_obama_romney,428,6,OBAMA,910,946,we went after Al Qaida and bin Laden,,['non-quantitative fact'],['behavioral attribution'],['terrorism'],1792,323,36,8,0.5078125,0.5279017857142857,0.020089285714285716
20121003_obama_romney,428,7,OBAMA,1463,1529,they fought back against us reining in the excesses of Wall Street,,['non-quantitative fact'],['behavioral attribution'],['economy'],1792,323,66,12,0.81640625,0.8532366071428571,0.036830357142857144
20121003_obama_romney,429,0,OBAMA,159,334,"Governor Romney, when it comes to his own party during the course of this campaign, has not displayed that willingness to say no to some of the more extreme parts of his party",,['non-quantitative fact'],['behavioral attribution'],['domestic politics'],335,66,175,33,0.4746268656716418,0.9970149253731343,0.5223880597014925
20121003_obama_romney,430,0,OBAMA,1209,1264,loopholes for companies that are shipping jobs overseas,,['non-quantitative fact'],[],['economy'],2228,405,55,8,0.5426391382405745,0.5673249551166966,0.024685816876122084
20121003_obama_romney,431,0,ROMNEY,1106,1168,We've had 43 straight months with unemployment above 8 percent,,"['quantitative precise', 'temporal reference', 'trend/change']",[],['economy'],2365,421,62,10,0.46765327695560255,0.49386892177589853,0.026215644820295984
20121003_obama_romney,431,1,ROMNEY,1272,1335,"If the president's reelected, Obamacare will be fully installed",,['non-quantitative fact'],['stance'],['health/medicine'],2365,421,63,9,0.5378435517970401,0.5644820295983086,0.0266384778012685
20121003_obama_romney,431,2,ROMNEY,1466,1483,Many will lose it,,['quantitative vague'],[],[],2365,421,17,4,0.6198731501057082,0.627061310782241,0.00718816067653277
20121003_obama_romney,431,3,ROMNEY,1505,1552,"health premiums go up by some $2,500 per family",,"['quantitative approximate', 'forecast']",[],['health/medicine'],2365,421,47,9,0.6363636363636364,0.6562367864693446,0.019873150105708247
20121003_obama_romney,431,4,ROMNEY,1796,1884,If the president were to be reelected you're going to see a $716 billion cut to Medicare,,['quantitative precise'],['stance'],['health/medicine'],2365,421,88,17,0.7594080338266385,0.7966173361522199,0.037209302325581395
20121003_obama_romney,431,5,ROMNEY,1898,1947,4 million people who will lose Medicare Advantage,,"['quantitative precise', 'forecast']",[],['health/medicine'],2365,421,49,8,0.8025369978858351,0.8232558139534883,0.020718816067653276
20121003_obama_romney,431,6,ROMNEY,1961,2026,hospital and providers that'll no longer accept Medicare patients,,"['non-quantitative fact', 'forecast']",[],['health/medicine'],2365,421,65,9,0.8291754756871036,0.8566596194503171,0.02748414376321353
20121003_obama_romney,431,7,ROMNEY,2095,2161,The president's reelected you'll see dramatic cuts to our military,,['non-quantitative fact'],['stance'],['defense/military'],2365,421,66,10,0.8858350951374208,0.9137420718816067,0.027906976744186046
20121003_obama_romney,431,8,ROMNEY,2163,2228,The secretary of defense has said these would be even devastating,,['non-quantitative fact'],['speech attribution'],['defense/military'],2365,421,65,11,0.9145877378435519,0.9420718816067654,0.02748414376321353
20160926_trump_clinton,434,0,TRUMP,19,76,Our jobs are fleeing the country. They’re going to Mexico,,['non-quantitative fact'],[],['economy'],2083,377,57,10,0.009121459433509362,0.03648583773403745,0.027364378300528083
20160926_trump_clinton,434,1,TRUMP,129,194,what China is doing to our country in terms of making our product,,['non-quantitative fact'],[],['economy'],2083,377,65,13,0.06192990878540566,0.09313490158425348,0.031204992798847815
20160926_trump_clinton,434,2,TRUMP,196,228,They’re devaluing their currency,,['non-quantitative fact'],[],['economy'],2083,377,32,4,0.09409505520883342,0.10945751320211233,0.015362457993278924
20160926_trump_clinton,434,3,TRUMP,631,728,"They’re building some of the biggest plants anywhere in the world, some of the most sophisticated",,"['non-quantitative fact', 'ranking']",[],[],2083,377,97,16,0.3029284685549688,0.34949591934709556,0.04656745079212674
20160926_trump_clinton,434,4,TRUMP,807,822,Ford is leaving,,['non-quantitative fact'],['behavioral attribution'],['automobiles'],2083,377,15,3,0.3874219875180029,0.39462313970235235,0.007201152184349496
20160926_trump_clinton,434,5,TRUMP,838,870,their small car division leaving,,['non-quantitative fact'],['behavioral attribution'],['automobiles'],2083,377,32,5,0.40230436869899183,0.4176668266922708,0.015362457993278924
20160926_trump_clinton,434,6,TRUMP,872,920,"Thousands of jobs leaving Michigan, leaving Ohio",,['non-quantitative fact'],[],['economy'],2083,377,48,7,0.4186269803168507,0.44167066730676907,0.023043686989918388
20160926_trump_clinton,434,7,TRUMP,1454,1482,"They left—fired 1,400 people",,['non-quantitative fact'],['behavioral attribution'],['economy'],2083,377,28,4,0.6980316850696111,0.7114738358137302,0.01344215074411906
20160926_trump_clinton,434,8,TRUMP,1484,1507,They’re going to Mexico,,['non-quantitative fact'],['behavioral attribution'],[],2083,377,23,4,0.7124339894383102,0.7234757561209794,0.011041766682669226
20160926_trump_clinton,434,9,TRUMP,1517,1566,hundreds and hundreds of companies are doing this,,['quantitative approximate'],[],['economy'],2083,377,49,8,0.728276524243879,0.7518002880460873,0.023523763802208355
20160926_trump_clinton,434,10,TRUMP,1593,1714,"Under my plan, I’ll be reducing taxes tremendously, from 35 percent to 15 percent for companies, small and big businesses",,['quantitative precise'],['stance'],['economy'],2083,377,121,20,0.7647623619779165,0.8228516562650025,0.05808929428708593
20160926_trump_clinton,435,0,CLINTON,394,522,"it would be the most extreme version, the biggest tax cuts for the top percent of the people in this country than we’ve ever had",,['ranking'],[],['economy'],1668,306,128,25,0.23621103117505995,0.3129496402877698,0.07673860911270983
20160926_trump_clinton,435,1,CLINTON,945,1011,"He started his business with $14 million, borrowed from his father",,['non-quantitative fact'],['behavioral attribution'],"['economy', 'personal life']",1668,306,66,11,0.5665467625899281,0.6061151079136691,0.039568345323741004
20160926_trump_clinton,435,2,CLINTON,1194,1227,My father was a small-businessman,,['non-quantitative fact'],[],"['economy', 'personal life']",1668,306,33,5,0.7158273381294964,0.7356115107913669,0.019784172661870502
20160926_trump_clinton,436,0,TRUMP,48,91,my father gave me a very small loan in 1975,,"['quantitative vague', 'temporal reference']",[],['personal life'],1498,270,43,10,0.03204272363150868,0.06074766355140187,0.02870493991989319
20160926_trump_clinton,436,1,TRUMP,97,166,"I built it into a company that’s worth many, many billions of dollars",,['quantitative approximate'],[],"['economy', 'personal life']",1498,270,69,13,0.06475300400534045,0.11081441922563418,0.04606141522029372
20160926_trump_clinton,436,2,TRUMP,619,642,they’re taking our jobs,"unknown ""they""",['non-quantitative fact'],[],['economy'],1498,270,23,4,0.41321762349799734,0.42857142857142855,0.015353805073431242
20160926_trump_clinton,436,3,TRUMP,644,669,they’re giving incentives,"unknown ""they""",['non-quantitative fact'],[],['economy'],1498,270,25,3,0.42990654205607476,0.44659546061415223,0.016688918558077435
20160926_trump_clinton,436,4,TRUMP,759,778,They have a VAT tax,,['non-quantitative fact'],[],['economy'],1498,270,19,5,0.5066755674232309,0.5193591455273698,0.012683578104138851
20160926_trump_clinton,436,5,TRUMP,809,848,"When we sell into Mexico, there’s a tax",,['non-quantitative fact'],[],"['economy', 'international relations']",1498,270,39,8,0.5400534045393859,0.5660881174899867,0.0260347129506008
20160926_trump_clinton,436,6,TRUMP,850,904,"When they sell in—automatic, 16 percent, approximately",,['quantitative approximate'],[],"['economy', 'international relations']",1498,270,54,7,0.5674232309746329,0.6034712950600801,0.036048064085447265
20160926_trump_clinton,436,7,TRUMP,906,944,"When they sell into us, there’s no tax",,['non-quantitative fact'],[],"['economy', 'international relations']",1498,270,38,8,0.6048064085447263,0.630173564753004,0.025367156208277702
20160926_trump_clinton,437,0,TRUMP,271,290,we owe $20 trillion,,['quantitative precise'],[],['economy'],327,56,19,4,0.8287461773700305,0.8868501529051988,0.0581039755351682
20160926_trump_clinton,438,0,TRUMP,58,83,The companies are leaving,,['non-quantitative fact'],[],['economy'],847,160,25,4,0.06847697756788666,0.09799291617473435,0.0295159386068477
20160926_trump_clinton,438,1,TRUMP,107,134,there are thousands of them,,['quantitative approximate'],[],[],847,160,27,5,0.12632821723730814,0.15820543093270367,0.031877213695395513
20160926_trump_clinton,438,2,TRUMP,136,151,They’re leaving,,['non-quantitative fact'],[],[],847,160,15,2,0.16056670602125148,0.1782762691853601,0.01770956316410862
20160926_trump_clinton,438,3,TRUMP,157,200,they’re leaving in bigger numbers than ever,,['ranking'],[],[],847,160,43,7,0.18536009445100354,0.2361275088547816,0.05076741440377804
20160926_trump_clinton,438,4,TRUMP,436,477,bring them into our country without a tax,,['non-quantitative fact'],[],"['economy', 'international relations']",847,160,41,8,0.5147579693034239,0.5631641086186541,0.048406139315230225
20160926_trump_clinton,438,5,TRUMP,597,624,they have special interests,,['non-quantitative fact'],['conspiracy'],[],847,160,27,4,0.704840613931523,0.7367178276269185,0.031877213695395513
20160926_trump_clinton,438,6,TRUMP,705,727,they own the companies,,['non-quantitative fact'],[],['economy'],847,160,22,4,0.8323494687131051,0.8583234946871311,0.025974025974025976
20160926_trump_clinton,439,0,CLINTON,74,155,"We had the worst financial crisis, the Great Recession, the worst since the 1930s",,"['temporal reference', 'ranking']",[],['economy'],551,104,81,14,0.13430127041742287,0.2813067150635209,0.147005444646098
20160926_trump_clinton,439,1,CLINTON,157,275,"That was in large part because of tax policies that slashed taxes on the wealthy, failed to invest in the middle class",,"['non-quantitative fact', 'causation']",[],['economy'],551,104,118,22,0.2849364791288566,0.49909255898366606,0.21415607985480944
20160926_trump_clinton,439,2,CLINTON,351,413,Donald was one of the people who rooted for the housing crisis,,['non-quantitative fact'],['behavioral attribution'],['housing'],551,104,62,12,0.6370235934664247,0.7495462794918331,0.11252268602540835
20160926_trump_clinton,439,3,CLINTON,415,528,"He said, back in 2006, “Gee, I hope it does collapse, because then I can go in and buy some and make some money.”",,"['non-quantitative fact', 'temporal reference']",['speech attribution'],['personal life'],551,104,113,24,0.7531760435571688,0.9582577132486388,0.20508166969147004
20160926_trump_clinton,441,0,CLINTON,0,55,Nine million people—nine million people lost their jobs,,['quantitative precise'],[],['economy'],1147,207,55,8,0.0,0.04795117698343505,0.04795117698343505
20160926_trump_clinton,441,1,CLINTON,57,93,Five million people lost their homes,,['quantitative precise'],[],['housing'],1147,207,36,6,0.04969485614646905,0.08108108108108109,0.03138622493461203
20160926_trump_clinton,441,2,CLINTON,99,142,$13 trillion in family wealth was wiped out,,['quantitative precise'],[],['economy'],1147,207,43,8,0.08631211857018309,0.12380122057541412,0.037489102005231034
20160926_trump_clinton,441,3,CLINTON,530,665,which would blow up the debt by over $5 trillion and would in some instances disadvantage middle-class families compared to the wealthy,,"['quantitative approximate', 'forecast']",[],['economy'],1147,207,135,22,0.46207497820401044,0.5797733217088056,0.11769834350479512
20160926_trump_clinton,441,4,CLINTON,691,754,we would lose 3.5 million jobs and maybe have another recession,,"['quantitative precise', 'non-quantitative fact', 'forecast']",[],['economy'],1147,207,63,11,0.6024411508282476,0.6573670444638187,0.05492589363557106
20160926_trump_clinton,441,5,CLINTON,853,890,we will have 10 million more new jobs,,"['quantitative precise', 'forecast']",[],['economy'],1147,207,37,8,0.7436791630340017,0.7759372275501307,0.03225806451612903
20160926_trump_clinton,441,6,CLINTON,1057,1127,Donald thinks that climate change is a hoax perpetrated by the Chinese,,['non-quantitative fact'],"['stance', 'conspiracy']","['environment', 'international relations']",1147,207,70,12,0.9215344376634699,0.9825632083696599,0.06102877070619006
20160926_trump_clinton,445,0,CLINTON,115,163,We can deploy a half a billion more solar panels,,"['quantitative precise', 'forecast']",[],"['energy', 'environment']",593,117,48,10,0.19392917369308602,0.2748735244519393,0.08094435075885328
20160926_trump_clinton,445,1,CLINTON,165,216,We can have enough clean energy to power every home,,"['non-quantitative fact', 'forecast']",[],"['energy', 'environment']",593,117,51,10,0.2782462057335582,0.3642495784148398,0.08600337268128162
20160926_trump_clinton,446,0,TRUMP,30,73,"We invested in a solar company, our country",,['non-quantitative fact'],[],"['energy', 'environment']",1231,235,43,8,0.024370430544272948,0.059301380991064176,0.034930950446791224
20160926_trump_clinton,446,1,TRUMP,96,133,They lost plenty of money on that one,,['quantitative vague'],[],[],1231,235,37,8,0.07798537774167344,0.10804224207961008,0.030056864337936636
20160926_trump_clinton,446,2,TRUMP,195,236,we’re putting a lot of people out of work,,['quantitative vague'],[],['economy'],1231,235,41,9,0.15840779853777417,0.1917140536149472,0.03330625507717303
20160926_trump_clinton,446,3,TRUMP,357,421,You can’t do what you’re looking to do with $20 trillion in debt,,"['quantitative precise', 'non-quantitative fact']",[],['economy'],1231,235,64,13,0.29000812347684807,0.3419983753046304,0.05199025182778229
20160926_trump_clinton,446,4,TRUMP,423,532,"The Obama administration, from the time they’ve come in, is over 230 years’ worth of debt, and he’s topped it",,"['comparison', 'temporal reference']",['behavioral attribution'],"['economy', 'domestic politics']",1231,235,109,20,0.3436230706742486,0.4321689683184403,0.08854589764419171
20160926_trump_clinton,446,5,TRUMP,534,607,"He’s doubled it in a course of almost eight years, seven-and-a-half years",,"['quantitative precise', 'temporal reference', 'trend/change']",['behavioral attribution'],[],1231,235,73,12,0.4337936636880585,0.4930950446791227,0.059301380991064176
20160926_trump_clinton,446,6,TRUMP,931,995,where so many of their jobs and their companies are just leaving,,['quantitative vague'],[],['economy'],1231,235,64,12,0.7562956945572705,0.8082859463850528,0.05199025182778229
20160926_trump_clinton,452,0,TRUMP,6,23,he approved NAFTA,,['non-quantitative fact'],"['behavioral attribution', 'stance']","['economy', 'international relations']",36,5,17,3,0.16666666666666666,0.6388888888888888,0.4722222222222222
20160926_trump_clinton,454,0,TRUMP,0,17,He approved NAFTA,,['non-quantitative fact'],"['behavioral attribution', 'stance']","['economy', 'international relations']",86,15,17,3,0.0,0.19767441860465115,0.19767441860465115
20160926_trump_clinton,455,0,CLINTON,0,29,Incomes went up for everybody,,['trend/change'],[],['economy'],1030,199,29,5,0.0,0.02815533980582524,0.02815533980582524
20160926_trump_clinton,455,1,CLINTON,31,75,Manufacturing jobs went up also in the 1990s,,"['temporal reference', 'trend/change']",[],['economy'],1030,199,44,8,0.030097087378640777,0.07281553398058252,0.04271844660194175
20160926_trump_clinton,455,2,CLINTON,432,447,I voted against,,['non-quantitative fact'],"['behavioral attribution', 'stance']",['domestic politics'],1030,199,15,3,0.41941747572815535,0.43398058252427185,0.014563106796116505
20160926_trump_clinton,455,3,CLINTON,800,889,"When I was secretary of state, we actually increased American exports globally 30 percent",,"['quantitative precise', 'temporal reference', 'trend/change']",['behavioral attribution'],['economy'],1030,199,89,14,0.7766990291262136,0.8631067961165049,0.08640776699029126
20160926_trump_clinton,455,4,CLINTON,891,928,We increased them to China 50 percent,,"['quantitative precise', 'trend/change']",[],['international relations'],1030,199,37,7,0.8650485436893204,0.9009708737864077,0.035922330097087375
20160926_trump_clinton,457,0,CLINTON,6,25,I’ve been a senator,,['non-quantitative fact'],[],['domestic politics'],34,6,19,4,0.17647058823529413,0.7352941176470589,0.5588235294117647
20160926_trump_clinton,459,0,CLINTON,4,36,I have been a secretary of state,,['non-quantitative fact'],[],['domestic politics'],37,8,32,7,0.10810810810810811,0.972972972972973,0.8648648648648649
20160926_trump_clinton,462,0,TRUMP,0,25,Your husband signed NAFTA,,['non-quantitative fact'],"['behavioral attribution', 'stance']","['economy', 'international relations']",110,18,25,4,0.0,0.22727272727272727,0.22727272727272727
20160926_trump_clinton,464,0,TRUMP,133,181,"manufacture is down 30, 40, sometimes 50 percent","unsure if ""where"" should be added",['quantitative approximate'],[],['economy'],587,108,48,8,0.22657580919931858,0.3083475298126065,0.0817717206132879
20160926_trump_clinton,464,1,TRUMP,292,370,you want to approve Trans-Pacific Partnership. You were totally in favor of it,,['non-quantitative fact'],['stance'],"['economy', 'international relations']",587,108,78,13,0.49744463373083475,0.6303236797274276,0.13287904599659284
20160926_trump_clinton,465,0,CLINTON,33,108,I was against it once it was finally negotiated and the terms were laid out,,['non-quantitative fact'],['stance'],[],132,26,75,15,0.25,0.8181818181818182,0.5681818181818182
20160926_trump_clinton,466,0,TRUMP,0,31,You called it the gold standard,,['non-quantitative fact'],['speech attribution'],[],44,7,31,6,0.0,0.7045454545454546,0.7045454545454546
20160926_trump_clinton,467,0,TRUMP,0,46,You called it the gold standard of trade deals,,['non-quantitative fact'],['speech attribution'],"['economy', 'international relations']",95,18,46,9,0.0,0.4842105263157895,0.4842105263157895
20160926_trump_clinton,467,1,TRUMP,48,94,You said it’s the finest deal you’ve ever seen,,['non-quantitative fact'],['speech attribution'],[],95,18,46,9,0.5052631578947369,0.9894736842105263,0.4842105263157895
20160926_trump_clinton,470,0,CLINTON,92,133,I did say I hoped it would be a good deal,,['non-quantitative fact'],['speech attribution'],[],162,34,41,11,0.5679012345679012,0.8209876543209876,0.25308641975308643
20160926_trump_clinton,472,0,CLINTON,2,33,which I was not responsible for,,['non-quantitative fact'],['behavioral attribution'],[],88,18,31,6,0.022727272727272728,0.375,0.3522727272727273
20160926_trump_clinton,472,1,CLINTON,58,87,I wrote about that in my book,,['non-quantitative fact'],['behavioral attribution'],[],88,18,29,7,0.6590909090909091,0.9886363636363636,0.32954545454545453
20160926_trump_clinton,480,0,CLINTON,269,316,tax cuts that would add $5 trillion to the debt,,"['quantitative precise', 'forecast']",[],['economy'],317,60,47,10,0.8485804416403786,0.9968454258675079,0.14826498422712933
20160926_trump_clinton,487,0,CLINTON,314,347,mine would create 10 million jobs,,"['quantitative precise', 'forecast']",['stance'],['economy'],440,79,33,6,0.7136363636363636,0.7886363636363637,0.075
20160926_trump_clinton,487,1,CLINTON,352,439,"yours would lose us 3.5 million jobs, and explode the debt which would have a recession",,"['quantitative precise', 'non-quantitative fact', 'forecast']",['stance'],['economy'],440,79,87,16,0.8,0.9977272727272727,0.19772727272727272
20160926_trump_clinton,488,0,TRUMP,0,63,You are going to approve one of the biggest tax cuts in history,,['ranking'],['stance'],['economy'],992,180,63,13,0.0,0.06350806451612903,0.06350806451612903
20160926_trump_clinton,488,1,TRUMP,65,133,You are going to approve one of the biggest tax increases in history,,['ranking'],['stance'],['economy'],992,180,68,13,0.0655241935483871,0.13407258064516128,0.06854838709677419
20160926_trump_clinton,488,2,TRUMP,209,245,you’re going to increase regulations,,['non-quantitative fact'],['stance'],['economy'],992,180,36,5,0.21068548387096775,0.2469758064516129,0.036290322580645164
20160926_trump_clinton,488,3,TRUMP,282,327,my tax cut is the biggest since Ronald Reagan,,"['temporal reference', 'ranking']",[],['economy'],992,180,45,9,0.2842741935483871,0.32963709677419356,0.04536290322580645
20160926_trump_clinton,488,4,TRUMP,415,457,you are going to regulate these businesses,,['non-quantitative fact'],['stance'],['economy'],992,180,42,7,0.4183467741935484,0.46068548387096775,0.04233870967741935
20160926_trump_clinton,488,5,TRUMP,660,682,I’m cutting regulation,,['non-quantitative fact'],['stance'],['economy'],992,180,22,3,0.6653225806451613,0.6875,0.02217741935483871
20160926_trump_clinton,488,6,TRUMP,807,843,you want to increase the regulations,,['non-quantitative fact'],['stance'],['economy'],992,180,36,6,0.813508064516129,0.8497983870967742,0.036290322580645164
20160926_trump_clinton,488,7,TRUMP,870,898,I’m going to cut regulations,,['non-quantitative fact'],['stance'],['economy'],992,180,28,5,0.8770161290322581,0.905241935483871,0.028225806451612902
20160926_trump_clinton,488,8,TRUMP,900,922,I’m going to cut taxes,,['non-quantitative fact'],['stance'],['economy'],992,180,22,5,0.907258064516129,0.9294354838709677,0.02217741935483871
20160926_trump_clinton,488,9,TRUMP,939,966,you’re going to raise taxes,,['non-quantitative fact'],['stance'],['economy'],992,180,27,5,0.9465725806451613,0.9737903225806451,0.02721774193548387
20160926_trump_clinton,494,0,CLINTON,41,85,your plans would add $5 trillion to the debt,,"['quantitative precise', 'forecast']",['stance'],['economy'],399,74,44,9,0.10275689223057644,0.21303258145363407,0.11027568922305764
20160926_trump_clinton,494,1,CLINTON,87,170,What I have proposed would cut regulations and streamline them for small businesses,,['non-quantitative fact'],['stance'],['economy'],399,74,83,13,0.21804511278195488,0.42606516290726815,0.20802005012531327
20160926_trump_clinton,494,2,CLINTON,172,242,What I have proposed would be paid for by raising taxes on the wealthy,,['non-quantitative fact'],['stance'],['economy'],399,74,70,14,0.43107769423558895,0.606516290726817,0.17543859649122806
20160926_trump_clinton,494,3,CLINTON,252,295,they have made all the gains in the economy,,['non-quantitative fact'],[],['economy'],399,74,43,9,0.631578947368421,0.7393483709273183,0.10776942355889724
20160926_trump_clinton,497,0,TRUMP,0,40,She’s going to raise taxes $1.3 trillion,,['quantitative precise'],['stance'],['economy'],41,7,40,7,0.0,0.975609756097561,0.975609756097561
20160926_trump_clinton,498,0,TRUMP,70,128,She’s telling us how to fight ISIS. Just go to her website,,['non-quantitative fact'],['behavioral attribution'],['terrorism'],243,46,58,12,0.2880658436213992,0.5267489711934157,0.23868312757201646
20160926_trump_clinton,498,1,TRUMP,130,176,She tells you how to fight ISIS on her website,,['non-quantitative fact'],['behavioral attribution'],['terrorism'],243,46,46,10,0.5349794238683128,0.7242798353909465,0.18930041152263374
20160926_trump_clinton,499,0,CLINTON,15,42,I have a plan to fight ISIS,,['non-quantitative fact'],['stance'],['terrorism'],43,10,27,7,0.3488372093023256,0.9767441860465116,0.627906976744186
20160926_trump_clinton,500,0,TRUMP,8,58,you’re telling the enemy everything you want to do,,['non-quantitative fact'],['behavioral attribution'],['war/conflict'],59,11,50,9,0.13559322033898305,0.9830508474576272,0.847457627118644
20160926_trump_clinton,502,0,TRUMP,5,55,you’re telling the enemy everything you want to do,,['non-quantitative fact'],['behavioral attribution'],['war/conflict'],147,24,50,9,0.034013605442176874,0.3741496598639456,0.3401360544217687
20160926_trump_clinton,502,1,TRUMP,98,146,you’ve been fighting ISIS your entire adult life,,['non-quantitative fact'],['behavioral attribution'],['terrorism'],147,24,48,8,0.6666666666666666,0.9931972789115646,0.32653061224489793
20160926_trump_clinton,504,0,TRUMP,177,226,I’m getting rid of the carried interest provision,,['non-quantitative fact'],['stance'],['economy'],1841,321,49,8,0.09614340032590983,0.12275936990765889,0.026615969581749048
20160926_trump_clinton,504,1,TRUMP,252,266,it’s not a tax,,['non-quantitative fact'],[],['economy'],1841,321,14,4,0.13688212927756654,0.1444866920152091,0.0076045627376425855
20160926_trump_clinton,504,2,TRUMP,496,551,they’re going to bring $2.5 trillion back from overseas,,"['quantitative precise', 'forecast']",[],['economy'],1841,321,55,9,0.269418794133623,0.2992938620315046,0.029875067897881587
20160926_trump_clinton,504,3,TRUMP,786,813,they’re leaving our country,,['non-quantitative fact'],[],[],1841,321,27,4,0.4269418794133623,0.4416078218359587,0.014665942422596416
20160926_trump_clinton,504,4,TRUMP,1116,1143,they’re leaving our country,,['non-quantitative fact'],[],[],1841,321,27,4,0.6061922868006518,0.6208582292232482,0.014665942422596416
20160926_trump_clinton,504,5,TRUMP,1419,1475,Republicans and Democrats agree that this should be done,,['non-quantitative fact'],['stance'],['domestic politics'],1841,321,56,9,0.7707767517653449,0.8011950027159153,0.030418250950570342
20160926_trump_clinton,504,6,TRUMP,1477,1490,$2.5 trillion,,['quantitative precise'],[],['economy'],1841,321,13,2,0.8022813688212928,0.8093427485062467,0.007061379684953829
20160926_trump_clinton,504,7,TRUMP,1528,1590,It’s probably $5 trillion that we can’t bring into our country,,['quantitative precise'],[],['economy'],1841,321,62,11,0.8299837045084193,0.8636610537751223,0.03367734926670288
20160926_trump_clinton,510,0,CLINTON,262,286,I happen to support that,,['non-quantitative fact'],['stance'],[],287,48,24,5,0.9128919860627178,0.9965156794425087,0.08362369337979095
20160926_trump_clinton,512,0,CLINTON,12,84,I happen to support that in a way that will actually work to our benefit,,['non-quantitative fact'],['stance'],[],275,53,72,15,0.04363636363636364,0.3054545454545455,0.26181818181818184
20160926_trump_clinton,512,1,CLINTON,185,234,it would so advantage you and the business you do,,['non-quantitative fact'],[],['personal life'],275,53,49,10,0.6727272727272727,0.850909090909091,0.1781818181818182
20160926_trump_clinton,514,0,CLINTON,2,40,$4 billion tax benefit for your family,,['quantitative precise'],[],"['economy', 'personal life']",86,17,38,7,0.023255813953488372,0.46511627906976744,0.4418604651162791
20160926_trump_clinton,519,0,TRUMP,248,314,we have the worst revival of an economy since the Great Depression,"""revival"" might be vague",['ranking'],[],['economy'],1026,189,66,12,0.24171539961013644,0.3060428849902534,0.06432748538011696
20160926_trump_clinton,520,0,TRUMP,23,48,I’m under a routine audit,,['non-quantitative fact'],[],"['justice', 'personal life']",1025,181,25,5,0.0224390243902439,0.04682926829268293,0.024390243902439025
20160926_trump_clinton,520,1,TRUMP,214,270,where I filed a 104-page essentially financial statement,,['quantitative precise'],['behavioral attribution'],['personal life'],1025,181,56,8,0.20878048780487804,0.2634146341463415,0.054634146341463415
20160926_trump_clinton,520,2,TRUMP,363,431,"the income is filed at $694 million for this past year, $694 million",,"['quantitative precise', 'temporal reference']",[],[],1025,181,68,13,0.3541463414634146,0.42048780487804877,0.06634146341463415
20160926_trump_clinton,520,3,TRUMP,778,883,"we have a trade deficit with all of the countries that we do business with, of almost $800 billion a year",,['quantitative approximate'],[],"['economy', 'international relations']",1025,181,105,21,0.7590243902439024,0.8614634146341463,0.1024390243902439
20160926_trump_clinton,522,0,TRUMP,66,107,I’ve been under audit almost for 15 years,,"['non-quantitative fact', 'temporal reference']",[],"['justice', 'personal life']",1000,184,41,8,0.066,0.107,0.041
20160926_trump_clinton,522,1,TRUMP,198,229,I get audited almost every year,,['non-quantitative fact'],[],"['justice', 'personal life']",1000,184,31,6,0.198,0.229,0.031
20160926_trump_clinton,522,2,TRUMP,347,395,I get audited by the IRS. But other people don’t,,['non-quantitative fact'],[],"['economy', 'justice', 'personal life']",1000,184,48,10,0.347,0.395,0.048
20160926_trump_clinton,522,3,TRUMP,555,596,"her 33,000 e-mails that have been deleted",,['quantitative precise'],['conspiracy'],['domestic politics'],1000,184,41,7,0.555,0.596,0.041
20160926_trump_clinton,523,0,TRUMP,62,79,"she delete 33,000",,['quantitative precise'],['conspiracy'],[],80,14,17,3,0.775,0.9875,0.2125
20160926_trump_clinton,524,0,CLINTON,72,147,"For 40 years, everyone running for president has released their tax returns",,"['temporal reference', 'trend/change']",[],"['economy', 'domestic politics', 'personal life']",1074,199,75,12,0.0670391061452514,0.13687150837988826,0.06983240223463687
20160926_trump_clinton,524,1,CLINTON,222,242,everyone has done it,,['non-quantitative fact'],[],[],1074,199,20,4,0.20670391061452514,0.22532588454376165,0.0186219739292365
20160926_trump_clinton,524,2,CLINTON,252,338,the IRS has made clear there is no prohibition on releasing it when you’re under audit,,['non-quantitative fact'],[],"['economy', 'justice']",1074,199,86,16,0.2346368715083799,0.31471135940409684,0.08007448789571694
20160926_trump_clinton,524,3,CLINTON,670,729,he owes about $650 million to Wall Street and foreign banks,,['quantitative approximate'],['behavioral attribution'],['personal life'],1074,199,59,11,0.6238361266294227,0.6787709497206704,0.05493482309124767
20160926_trump_clinton,524,4,CLINTON,819,853,he’s paid nothing in federal taxes,,['non-quantitative fact'],['behavioral attribution'],"['economy', 'personal life']",1074,199,34,6,0.7625698324022346,0.7942271880819367,0.03165735567970205
20160926_trump_clinton,524,5,CLINTON,863,1019,the only years that anybody’s ever seen were a couple of years when he had to turn them over to state authorities when he was trying to get a casino license,,['non-quantitative fact'],[],['personal life'],1074,199,156,31,0.8035381750465549,0.9487895716945997,0.1452513966480447
20160926_trump_clinton,524,6,CLINTON,1025,1073,they showed he didn’t pay any federal income tax,,['non-quantitative fact'],"['behavioral attribution', 'epistemic']","['economy', 'personal life']",1074,199,48,9,0.9543761638733705,0.9990689013035382,0.0446927374301676
20160926_trump_clinton,526,0,CLINTON,342,374,they don’t give you the tax rate,,['non-quantitative fact'],[],['economy'],913,168,32,7,0.37458926615553123,0.40963855421686746,0.03504928806133625
20160926_trump_clinton,526,1,CLINTON,376,434,They don’t give you all the details that tax returns would,,['non-quantitative fact'],[],['economy'],913,168,58,11,0.411829134720701,0.47535596933187296,0.06352683461117196
20160926_trump_clinton,530,0,TRUMP,122,203,"your staff taking the Fifth Amendment, taking the Fifth so they’re not prosecuted",,['non-quantitative fact'],"['behavioral attribution', 'conspiracy']",['justice'],2685,496,81,13,0.04543761638733706,0.07560521415270019,0.030167597765363128
20160926_trump_clinton,530,1,TRUMP,219,274,the man that set up the illegal server taking the Fifth,,['non-quantitative fact'],"['behavioral attribution', 'conspiracy']",['justice'],2685,496,55,11,0.08156424581005586,0.10204841713221602,0.020484171322160148
20160926_trump_clinton,530,2,TRUMP,936,972,the buildings are worth $3.9 billion,,['quantitative precise'],[],[],2685,496,36,6,0.3486033519553073,0.36201117318435755,0.013407821229050279
20160926_trump_clinton,530,3,TRUMP,978,1005,the $650 isn’t even on that,,['quantitative precise'],[],[],2685,496,27,6,0.3642458100558659,0.3743016759776536,0.01005586592178771
20160926_trump_clinton,530,4,TRUMP,1011,1024,it’s not $650,,['quantitative precise'],[],[],2685,496,13,3,0.376536312849162,0.3813780260707635,0.00484171322160149
20160926_trump_clinton,530,5,TRUMP,1026,1050,It’s much less than that,,['quantitative vague'],[],[],2685,496,24,5,0.38212290502793295,0.39106145251396646,0.008938547486033519
20160926_trump_clinton,530,6,TRUMP,1477,1505,we have $20 trillion in debt,,['quantitative precise'],[],['economy'],2685,496,28,6,0.5500931098696462,0.5605214152700186,0.010428305400372439
20160926_trump_clinton,530,7,TRUMP,2028,2047,We owe $20 trillion,,['non-quantitative fact'],[],['economy'],2685,496,19,4,0.7553072625698324,0.7623836126629423,0.00707635009310987
20160926_trump_clinton,530,8,TRUMP,2096,2138,we’ve spent $6 trillion in the Middle East,,['quantitative precise'],[],['war/conflict'],2685,496,42,8,0.780633147113594,0.7962756052141527,0.01564245810055866
20160926_trump_clinton,530,9,TRUMP,2226,2256,$6 trillion in the Middle East,,['quantitative precise'],[],['war/conflict'],2685,496,30,6,0.829050279329609,0.8402234636871508,0.0111731843575419
20160926_trump_clinton,530,10,TRUMP,2436,2457,We’re a debtor nation,,['non-quantitative fact'],[],['economy'],2685,496,21,4,0.9072625698324023,0.9150837988826815,0.00782122905027933
20160926_trump_clinton,530,11,TRUMP,2459,2488,We’re a serious debtor nation,,['non-quantitative fact'],[],['economy'],2685,496,29,5,0.915828677839851,0.9266294227188082,0.01080074487895717
20160926_trump_clinton,531,0,CLINTON,18,76,you haven’t paid any federal income tax for a lot of years,,"['quantitative vague', 'non-quantitative fact']",['behavioral attribution'],"['economy', 'personal life']",130,24,58,12,0.13846153846153847,0.5846153846153846,0.4461538461538462
20160926_trump_clinton,533,0,CLINTON,137,226,your campaign manager said that you built a lot of businesses on the backs of little guys,,['non-quantitative fact'],['speech attribution'],"['economy', 'personal life']",765,141,89,17,0.17908496732026144,0.2954248366013072,0.11633986928104575
20160926_trump_clinton,533,1,CLINTON,443,519,who you refused to pay when they finished the work that you asked them to do,,['non-quantitative fact'],"['behavioral attribution', 'anecdote']",['personal life'],765,141,76,16,0.5790849673202615,0.6784313725490196,0.09934640522875816
20160926_trump_clinton,533,2,CLINTON,685,764,"you wouldn’t pay what the man needed to be paid, what he was charging you to do",,['non-quantitative fact'],['anecdote'],['personal life'],765,141,79,17,0.8954248366013072,0.9986928104575163,0.10326797385620914
20160926_trump_clinton,537,0,CLINTON,3,81,the thousands of people that you have stiffed over the course of your business,,['quantitative approximate'],[],"['economy', 'personal life']",767,138,78,14,0.003911342894393742,0.10560625814863103,0.1016949152542373
20160926_trump_clinton,537,1,CLINTON,128,219,"who has taken their labor, taken the goods that they produced, and then refused to pay them",,['non-quantitative fact'],[],"['economy', 'personal life']",767,138,91,17,0.16688396349413298,0.28552803129074317,0.11864406779661017
20160926_trump_clinton,537,2,CLINTON,476,518,you’ve taken business bankruptcy six times,,['non-quantitative fact'],[],"['economy', 'personal life']",767,138,42,6,0.6205997392438071,0.6753585397653195,0.054758800521512385
20160926_trump_clinton,537,3,CLINTON,660,766,You even at one time suggested that you would try to negotiate down the national debt of the United States,,['non-quantitative fact'],['speech attribution'],['economy'],767,138,106,20,0.8604954367666232,0.9986962190352021,0.13820078226857888
20160926_trump_clinton,541,0,TRUMP,451,474,they did get paid a lot,,['quantitative vague'],[],[],1782,333,23,6,0.25308641975308643,0.265993265993266,0.012906846240179574
20160926_trump_clinton,541,1,TRUMP,1283,1351,they cost two and three and four times what they’re supposed to cost,,"['quantitative approximate', 'comparison']",[],[],1782,333,68,13,0.7199775533108866,0.7581369248035915,0.038159371492704826
20160926_trump_clinton,541,2,TRUMP,1390,1463,they come in at costs that are so far above what they were supposed to be,,"['quantitative vague', 'comparison']",[],[],1782,333,73,16,0.7800224466891134,0.8209876543209876,0.0409652076318743
20160926_trump_clinton,542,0,CLINTON,88,302,"race still determines too much, often determines where people live, determines what kind of education in their public schools they can get, and, yes, it determines how they’re treated in the criminal justice system",,['non-quantitative fact'],[],['ethnicity/race'],1758,316,214,34,0.05005688282138794,0.17178612059158135,0.1217292377701934
20160926_trump_clinton,542,1,CLINTON,788,871,"I have, ever since the first day of my campaign, called for criminal justice reform",,['non-quantitative fact'],"['behavioral attribution', 'stance']","['crime', 'justice']",1758,316,83,15,0.4482366325369738,0.49544937428896474,0.047212741751990896
20160926_trump_clinton,542,2,CLINTON,1326,1447,"The gun epidemic is the leading cause of death of young African-American men, more than the next nine causes put together",,"['quantitative precise', 'comparison', 'ranking']",[],"['ethnicity/race', 'firearms / gun control']",1758,316,121,21,0.7542662116040956,0.823094425483504,0.06882821387940842
20160926_trump_clinton,543,0,TRUMP,455,538,"I just got today the, as you know, the endorsement of the Fraternal Order of Police",,['non-quantitative fact'],['stance'],"['domestic politics', 'justice']",2063,372,83,16,0.22055259331071256,0.260785264178381,0.04023267086766844
20160926_trump_clinton,543,1,TRUMP,562,685,"We have endorsements from, I think, almost every police group, very—I mean, a large percentage of them in the United States",,"['quantitative approximate', 'quantitative vague']",['stance'],"['domestic politics', 'justice']",2063,372,123,21,0.2724188075618032,0.332040717401842,0.059621909840038775
20160926_trump_clinton,543,2,TRUMP,866,953,"they’ve had thousands of shootings, thousands since January 1st. Thousands of shootings",,"['non-quantitative fact', 'temporal reference']",[],['crime'],2063,372,87,12,0.41977702375181775,0.4619486185167232,0.04217159476490548
20160926_trump_clinton,543,3,TRUMP,1129,1212,"where thousands of people have been killed, thousands over the last number of years",,['quantitative approximate'],[],['crime'],2063,372,83,14,0.5472612699951527,0.5874939408628211,0.04023267086766844
20160926_trump_clinton,543,4,TRUMP,1223,1342,"almost 4,000 have been killed since Barack Obama became president, over—almost 4,000 people in Chicago have been killed",,"['quantitative approximate', 'temporal reference']",[],"['domestic politics', 'crime']",2063,372,119,18,0.5928259815802229,0.6505089675230247,0.057682985942801746
20160926_trump_clinton,543,5,TRUMP,1526,1560,It brought the crime rate way down,,"['quantitative vague', 'trend/change', 'causation']",[],['crime'],2063,372,34,7,0.7396994667959282,0.7561803199224431,0.016480853126514785
20160926_trump_clinton,543,6,TRUMP,1632,1664,We have gangs roaming the street,,['non-quantitative fact'],[],['crime'],2063,372,32,6,0.7910809500727096,0.8065923412506059,0.015511391177896268
20160926_trump_clinton,543,7,TRUMP,1670,1727,"in many cases, they’re illegally here, illegal immigrants",,['non-quantitative fact'],[],['immigration'],2063,372,57,8,0.8095007270964615,0.8371303926320892,0.027629665535627727
20160926_trump_clinton,543,8,TRUMP,1733,1747,they have guns,,['non-quantitative fact'],[],['firearms / gun control'],2063,372,14,3,0.8400387784779447,0.8468250121182743,0.0067862336403296175
20160926_trump_clinton,543,9,TRUMP,1753,1770,they shoot people,,['non-quantitative fact'],[],['crime'],2063,372,17,3,0.8497333979641299,0.8579738245273874,0.008240426563257392
20160926_trump_clinton,543,10,TRUMP,1994,2051,African-American communities are being decimated by crime,,['non-quantitative fact'],[],"['ethnicity/race', 'crime']",2063,372,57,7,0.9665535627726611,0.9941832283082889,0.027629665535627727
20160926_trump_clinton,544,0,TRUMP,42,77,who was a very against-police judge,,['non-quantitative fact'],['stance'],['justice'],289,54,35,6,0.1453287197231834,0.2664359861591695,0.12110726643598616
20160926_trump_clinton,544,1,TRUMP,111,172,"our mayor, our new mayor, refused to go forward with the case",,['non-quantitative fact'],['behavioral attribution'],"['domestic politics', 'justice']",289,54,61,12,0.38408304498269896,0.5951557093425606,0.21107266435986158
20160926_trump_clinton,544,2,TRUMP,224,288,"throughout the country, there are many places where it’s allowed",,['quantitative vague'],[],['justice'],289,54,64,10,0.7750865051903114,0.9965397923875432,0.22145328719723184
20160926_trump_clinton,545,0,TRUMP,225,268,"3,000 shootings in Chicago from January 1st",,"['non-quantitative fact', 'temporal reference']",[],['crime'],1154,194,43,7,0.1949740034662045,0.2322357019064125,0.03726169844020797
20160926_trump_clinton,545,1,TRUMP,284,376,"4,000 people killed in Chicago by guns, from the beginning of the presidency of Barack Obama",,"['quantitative precise', 'temporal reference']",[],['crime'],1154,194,92,16,0.24610051993067592,0.32582322357019067,0.07972270363951472
20160926_trump_clinton,545,2,TRUMP,932,975,where the relationships were really studied,,['non-quantitative fact'],['epistemic'],[],1154,194,43,6,0.8076256499133448,0.8448873483535528,0.03726169844020797
20160926_trump_clinton,545,3,TRUMP,1035,1092,five police officers were killed one night very violently,,['quantitative precise'],[],"['crime', 'justice']",1154,194,57,9,0.8968804159445407,0.9462738301559792,0.049393414211438474
20160926_trump_clinton,546,0,TRUMP,98,192,the people that are most affected by what’s happening are African-American and Hispanic people,,['ranking'],[],['ethnicity/race'],267,46,94,14,0.36704119850187267,0.7191011235955056,0.352059925093633
20160926_trump_clinton,549,0,CLINTON,397,485,"Stop-and-frisk was found to be unconstitutional and, in part, because it was ineffective",,"['non-quantitative fact', 'causation']",[],['justice'],2366,431,88,13,0.16779374471682165,0.20498732037193576,0.037193575655114115
20160926_trump_clinton,549,1,CLINTON,575,623,violent crime is one-half of what it was in 1991,,"['comparison', 'temporal reference']",[],['crime'],2366,431,48,10,0.24302620456466612,0.26331360946745563,0.02028740490278952
20160926_trump_clinton,549,2,CLINTON,625,658,Property crime is down 40 percent,,"['quantitative precise', 'trend/change']",[],['crime'],2366,431,33,6,0.26415891800507185,0.2781065088757396,0.013947590870667794
20160926_trump_clinton,549,3,CLINTON,813,896,many young African-American and Latino men ended up in jail for nonviolent offenses,,['quantitative vague'],[],"['ethnicity/race', 'crime', 'justice']",2366,431,83,13,0.3436179205409975,0.378698224852071,0.03508030431107354
20160926_trump_clinton,549,4,CLINTON,924,1083,"if you’re a young African-American man and you do the same thing as a young white man, you are more likely to be arrested, charged, convicted, and incarcerated",,['comparison'],[],"['ethnicity/race', 'justice']",2366,431,159,28,0.3905325443786982,0.4577345731191885,0.06720202874049028
20160926_trump_clinton,549,5,CLINTON,1804,1868,"this is something Donald has supported, along with the gun lobby",,['non-quantitative fact'],['stance'],['firearms / gun control'],2366,431,64,11,0.7624683009298394,0.7895181741335587,0.027049873203719356
20160926_trump_clinton,549,6,CLINTON,1880,1936,we’ve got too many military-style weapons on the streets,,['quantitative vague'],[],['firearms / gun control'],2366,431,56,9,0.7945900253592562,0.8182586644125106,0.023668639053254437
20160926_trump_clinton,549,7,CLINTON,1938,1982,"In a lot of places, our police are outgunned",,['quantitative vague'],[],"['justice', 'firearms / gun control']",2366,431,44,9,0.8191039729501268,0.8377007607776839,0.018596787827557058
20160926_trump_clinton,552,0,TRUMP,212,245,I have the endorsement of the NRA,,['non-quantitative fact'],['stance'],['firearms / gun control'],1735,328,33,7,0.12219020172910663,0.14121037463976946,0.019020172910662825
20160926_trump_clinton,552,1,TRUMP,641,722,you were the one that brought up the words super-predator about young black youth,,['non-quantitative fact'],['speech attribution'],['ethnicity/race'],1735,328,81,14,0.36945244956772333,0.4161383285302594,0.04668587896253602
20160926_trump_clinton,552,2,TRUMP,811,835,you’ve apologized for it,,['non-quantitative fact'],['speech attribution'],[],1735,328,24,4,0.4674351585014409,0.4812680115273775,0.0138328530259366
20160926_trump_clinton,552,3,TRUMP,928,965,you’re talking about taking guns away,,['non-quantitative fact'],['stance'],['firearms / gun control'],1735,328,37,6,0.5348703170028818,0.5561959654178674,0.02132564841498559
20160926_trump_clinton,552,4,TRUMP,1269,1340,"we had 2,200 murders, and stop-and-frisk brought it down to 500 murders",,"['quantitative precise', 'trend/change', 'causation']",[],"['crime', 'justice']",1735,328,71,12,0.7314121037463976,0.7723342939481268,0.04092219020172911
20160926_trump_clinton,552,5,TRUMP,1443,1468,"we went from 2,200 to 500",,"['quantitative precise', 'trend/change']",[],[],1735,328,25,6,0.8317002881844381,0.8461095100864553,0.01440922190201729
20160926_trump_clinton,552,6,TRUMP,1558,1627,stop-and-frisk had a tremendous impact on the safety of New York City,,['non-quantitative fact'],[],"['crime', 'justice']",1735,328,69,12,0.8979827089337176,0.9377521613832853,0.03976945244956772
20160926_trump_clinton,553,0,CLINTON,71,142,"under the current mayor, crime has continued to drop, including murders",,"['temporal reference', 'trend/change']",[],['crime'],156,28,71,11,0.4551282051282051,0.9102564102564102,0.4551282051282051
20160926_trump_clinton,556,0,TRUMP,0,14,Murders are up,,['trend/change'],[],['crime'],40,8,14,3,0.0,0.35,0.35
20160926_trump_clinton,560,0,TRUMP,323,397,They’ve been abused and used in order to get votes by Democrat politicians,,['non-quantitative fact'],[],['domestic politics'],483,78,74,13,0.6687370600414079,0.8219461697722568,0.15320910973084886
20160926_trump_clinton,560,1,TRUMP,426,482,They’ve controlled these communities for up to 100 years,,"['non-quantitative fact', 'temporal reference']","['behavioral attribution', 'conspiracy']",[],483,78,56,9,0.8819875776397516,0.9979296066252588,0.11594202898550725
20160926_trump_clinton,564,0,TRUMP,357,420,Patti Solis Doyle was on Wolf Blitzer saying that this happened,,['non-quantitative fact'],['speech attribution'],['domestic politics'],741,130,63,11,0.4817813765182186,0.5668016194331984,0.08502024291497975
20160926_trump_clinton,564,1,TRUMP,422,518,"Blumenthal sent McClatchy, highly respected reporter at McClatchy, to Kenya to find out about it",,['non-quantitative fact'],['behavioral attribution'],['domestic politics'],741,130,96,15,0.5695006747638327,0.699055330634278,0.12955465587044535
20160926_trump_clinton,564,2,TRUMP,553,592,She failed to get the birth certificate,,['non-quantitative fact'],['behavioral attribution'],['ethnicity/race'],741,130,39,7,0.7462887989203779,0.7989203778677463,0.05263157894736842
20160926_trump_clinton,567,0,TRUMP,157,216,I was the one that got him to produce the birth certificate,,['non-quantitative fact'],['behavioral attribution'],['ethnicity/race'],599,109,59,12,0.2621035058430718,0.3606010016694491,0.09849749582637729
20160926_trump_clinton,567,1,TRUMP,248,280,Secretary Clinton also fought it,,['non-quantitative fact'],"['behavioral attribution', 'stance']",[],599,109,32,5,0.41402337228714525,0.4674457429048414,0.05342237061769616
20160926_trump_clinton,567,2,TRUMP,522,538,she was involved,,['non-quantitative fact'],['behavioral attribution'],[],599,109,16,3,0.8714524207011686,0.8981636060100167,0.02671118530884808
20160926_trump_clinton,569,0,CLINTON,286,414,He has really started his political activity based on this racist lie that our first black president was not an American citizen,,['non-quantitative fact'],['behavioral attribution'],"['domestic politics', 'ethnicity/race']",1454,260,128,22,0.19669876203576342,0.28473177441540576,0.08803301237964237
20160926_trump_clinton,569,1,CLINTON,416,455,There was absolutely no evidence for it,,['non-quantitative fact'],['epistemic'],[],1454,260,39,7,0.2861072902338377,0.31292984869325996,0.026822558459422285
20160926_trump_clinton,569,2,CLINTON,650,836,Donald started his career back in 1973 being sued by the Justice Department for racial discrimination because he would not rent apartments in one of his developments to African-Americans,,['non-quantitative fact'],['behavioral attribution'],"['housing', 'ethnicity/race', 'crime', 'justice', 'personal life']",1454,260,186,29,0.4470426409903714,0.5749656121045392,0.1279229711141678
20160926_trump_clinton,569,3,CLINTON,922,974,He actually was sued twice by the Justice Department,,['quantitative precise'],['behavioral attribution'],['justice'],1454,260,52,9,0.6341127922971114,0.6698762035763411,0.03576341127922971
20160926_trump_clinton,569,4,CLINTON,979,1030,he has a long record of engaging in racist behavior,,['non-quantitative fact'],['behavioral attribution'],['ethnicity/race'],1454,260,51,10,0.6733149931224209,0.7083906464924347,0.035075653370013754
20160926_trump_clinton,570,0,TRUMP,319,396,you even sent out or your campaign sent out pictures of him in a certain garb,,['non-quantitative fact'],['behavioral attribution'],"['domestic politics', 'ethnicity/race']",1878,347,77,16,0.1698615548455804,0.2108626198083067,0.041001064962726305
20160926_trump_clinton,570,1,TRUMP,462,511,"last week, your campaign manager said it was true",,['non-quantitative fact'],['speech attribution'],['domestic politics'],1878,347,49,9,0.24600638977635783,0.27209797657082,0.026091586794462194
20160926_trump_clinton,570,2,TRUMP,742,841,"we, along with many, many other companies throughout the country—it was a federal lawsuit—were sued",,['non-quantitative fact'],[],"['justice', 'personal life']",1878,347,99,15,0.3951011714589989,0.4478168264110756,0.052715654952076675
20160926_trump_clinton,570,3,TRUMP,843,899,We settled the suit with zero—with no admission of guilt,,['non-quantitative fact'],[],['justice'],1878,347,56,10,0.4488817891373802,0.4787007454739084,0.029818956336528223
20160926_trump_clinton,570,4,TRUMP,929,950,they sued many people,,['quantitative vague'],[],['justice'],1878,347,21,4,0.4946751863684771,0.5058572949946751,0.011182108626198083
20160926_trump_clinton,570,5,TRUMP,1224,1273,I settled that lawsuit with no admission of guilt,,['non-quantitative fact'],['behavioral attribution'],['justice'],1878,347,49,9,0.6517571884984026,0.6778487752928648,0.026091586794462194
20160926_trump_clinton,570,6,TRUMP,1279,1336,that was a lawsuit brought against many real estate firms,,['quantitative vague'],[],['justice'],1878,347,57,10,0.6810436634717785,0.711395101171459,0.03035143769968051
20160926_trump_clinton,571,0,CLINTON,340,418,"increasingly, we are seeing cyber attacks coming from states, organs of states",,['trend/change'],[],"['international relations', 'technology']",1913,328,78,12,0.17773131207527443,0.21850496602195504,0.04077365394668061
20160926_trump_clinton,571,1,CLINTON,502,581,Russia has used cyber attacks against all kinds of organizations in our country,,['non-quantitative fact'],['behavioral attribution'],"['international relations', 'technology']",1913,328,79,13,0.2624150548876111,0.30371144798745425,0.041296393099843176
20160926_trump_clinton,571,2,CLINTON,745,908,"one of the things he’s done is to let loose cyber attackers to hack into government files, to hack into personal files, hack into the Democratic National Committee",,['non-quantitative fact'],['behavioral attribution'],"['domestic politics', 'technology']",1913,328,163,28,0.389440669106116,0.47464715107161526,0.08520648196549922
20160926_trump_clinton,571,3,CLINTON,1717,1769,Donald publicly invited Putin to hack into Americans,,['non-quantitative fact'],['speech attribution'],"['international relations', 'technology']",1913,328,52,8,0.8975431259801359,0.9247255619445897,0.027182435964453737
20160926_trump_clinton,573,0,TRUMP,83,174,"over 200 admirals, many of them here—admirals and generals endorsed me to lead this country",,['quantitative approximate'],['stance'],"['domestic politics', 'defense/military']",2350,434,91,15,0.03531914893617021,0.07404255319148936,0.03872340425531915
20160926_trump_clinton,573,1,TRUMP,261,287,I was just endorsed by ICE,,['non-quantitative fact'],['stance'],"['immigration', 'justice']",2350,434,26,6,0.11106382978723404,0.12212765957446808,0.011063829787234043
20160926_trump_clinton,573,2,TRUMP,289,341,They’ve never endorsed anybody before on immigration,,['non-quantitative fact'],['stance'],['immigration'],2350,434,52,7,0.12297872340425532,0.1451063829787234,0.022127659574468085
20160926_trump_clinton,573,3,TRUMP,343,369,I was just endorsed by ICE,,['non-quantitative fact'],[],"['immigration', 'justice']",2350,434,26,6,0.14595744680851064,0.1570212765957447,0.011063829787234043
20160926_trump_clinton,573,4,TRUMP,371,427,"I was just recently endorsed—16,500 Border Patrol agents",,['quantitative precise'],['stance'],['immigration'],2350,434,56,8,0.15787234042553192,0.18170212765957447,0.023829787234042554
20160926_trump_clinton,573,5,TRUMP,897,934,it was Russia that broke into the DNC,,['non-quantitative fact'],['behavioral attribution'],"['domestic politics', 'international relations', 'technology']",2350,434,37,8,0.38170212765957445,0.3974468085106383,0.01574468085106383
20160926_trump_clinton,573,6,TRUMP,1669,1697,we came up with the Internet,,['non-quantitative fact'],['behavioral attribution'],['technology'],2350,434,28,6,0.7102127659574468,0.7221276595744681,0.011914893617021277
20160926_trump_clinton,574,0,CLINTON,221,356,"ISIS and their operatives from being able to use the Internet to radicalize, even direct people in our country and Europe and elsewhere",,['non-quantitative fact'],['behavioral attribution'],"['terrorism', 'technology']",1343,246,135,23,0.16455696202531644,0.265078183172003,0.10052122114668652
20160926_trump_clinton,574,1,CLINTON,785,874,"they’ve had foreign fighters coming to volunteer for them, foreign money, foreign weapons",,['non-quantitative fact'],[],"['international relations', 'war/conflict']",1343,246,89,13,0.5845122859270291,0.6507818317200298,0.06626954579300075
20160926_trump_clinton,574,2,CLINTON,988,1131,"I was involved in a number of efforts to take out Al Qaida leadership when I was secretary of state, including, of course, taking out bin Laden",,['non-quantitative fact'],['behavioral attribution'],['terrorism'],1343,246,143,27,0.7356664184661206,0.842144452717796,0.10647803425167536
20160926_trump_clinton,575,0,TRUMP,841,883,the oil was their primary source of income,,['ranking'],[],['energy'],1015,193,42,8,0.8285714285714286,0.8699507389162562,0.041379310344827586
20160926_trump_clinton,576,0,CLINTON,82,119,Donald supported the invasion of Iraq,,['non-quantitative fact'],['stance'],['war/conflict'],120,20,37,6,0.6833333333333333,0.9916666666666667,0.30833333333333335
20160926_trump_clinton,580,0,CLINTON,0,144,"He actually advocated for the actions we took in Libya and urged that Gadhafi be taken out, after actually doing some business with him one time",,['non-quantitative fact'],"['behavioral attribution', 'stance']",['war/conflict'],2017,349,144,26,0.0,0.07139315815567675,0.07139315815567675
20160926_trump_clinton,580,1,CLINTON,198,293,"George W. Bush made the agreement about when American troops would leave Iraq, not Barack Obama",,['non-quantitative fact'],['behavioral attribution'],['war/conflict'],2017,349,95,16,0.09816559246405553,0.14526524541398117,0.04709965294992563
20160926_trump_clinton,580,2,CLINTON,455,495,the Iraqi government would not give that,,['non-quantitative fact'],['behavioral attribution'],['international relations'],2017,349,40,7,0.2255825483391175,0.24541398116013882,0.01983143282102132
20160926_trump_clinton,580,3,CLINTON,1291,1347,that’s something that Donald has been very dismissive of,,['non-quantitative fact'],['behavioral attribution'],[],2017,349,56,9,0.6400594942984631,0.6678235002478929,0.027764005949429845
20160926_trump_clinton,580,4,CLINTON,1374,1431,the longest military alliance in the history of the world,,['ranking'],[],"['international relations', 'defense/military']",2017,349,57,10,0.6812097174020822,0.7094695091720377,0.02825979176995538
20160926_trump_clinton,580,5,CLINTON,1584,1648,"Donald has consistently insulted Muslims abroad, Muslims at home",,['non-quantitative fact'],['behavioral attribution'],['ethnicity/race'],2017,349,64,9,0.7853247397124442,0.8170550322260783,0.03173029251363411
20160926_trump_clinton,582,0,TRUMP,269,294,you started the Iran deal,,['non-quantitative fact'],['behavioral attribution'],['international relations'],2359,447,25,5,0.11403136922424756,0.12462908011869436,0.0105977108944468
20160926_trump_clinton,582,1,TRUMP,852,895,many of them aren’t paying their fair share,,['quantitative vague'],['behavioral attribution'],[],2359,447,43,8,0.3611699872827469,0.3793980500211954,0.018228062738448497
20160926_trump_clinton,582,2,TRUMP,1482,1524,NATO is opening up a major terror division,,['non-quantitative fact'],['behavioral attribution'],"['international relations', 'terrorism']",2359,447,42,8,0.6282323018228063,0.6460364561254769,0.017804154302670624
20160926_trump_clinton,582,3,TRUMP,1586,1637,we pay approximately 73 percent of the cost of NATO,,['quantitative approximate'],['behavioral attribution'],['international relations'],2359,447,51,10,0.672318779143705,0.6939381093683764,0.02161933022467147
20160926_trump_clinton,582,4,TRUMP,2192,2234,you were the ones that took out the troops,,['non-quantitative fact'],['behavioral attribution'],['war/conflict'],2359,447,42,9,0.9292072912250954,0.947011445527766,0.017804154302670624
20160926_trump_clinton,582,5,TRUMP,2251,2268,you named the day,,['non-quantitative fact'],['behavioral attribution'],[],2359,447,17,4,0.9542178889359898,0.9614243323442137,0.0072064434082238235
20160926_trump_clinton,586,0,TRUMP,246,271,it’s in over 30 countries,,['quantitative approximate'],[],[],321,58,25,5,0.7663551401869159,0.8442367601246106,0.0778816199376947
20160926_trump_clinton,587,0,TRUMP,0,33,I did not support the war in Iraq,,['non-quantitative fact'],['stance'],['war/conflict'],34,8,33,8,0.0,0.9705882352941176,0.9705882352941176
20160926_trump_clinton,590,0,TRUMP,15,44,I was against the war in Iraq,,['non-quantitative fact'],['stance'],['war/conflict'],69,16,29,7,0.21739130434782608,0.6376811594202898,0.42028985507246375
20160926_trump_clinton,593,0,TRUMP,169,190,I was against the war,,['non-quantitative fact'],['stance'],['war/conflict'],1018,188,21,5,0.16601178781925344,0.18664047151277013,0.0206286836935167
20160926_trump_clinton,593,1,TRUMP,242,270,Sean was in favor of the war,,['non-quantitative fact'],['stance'],['war/conflict'],1018,188,28,7,0.23772102161100198,0.26522593320235754,0.0275049115913556
20160926_trump_clinton,593,2,TRUMP,495,559,they did an article which had me totally against the war in Iraq,,['non-quantitative fact'],"['behavioral attribution', 'epistemic']",['war/conflict'],1018,188,64,13,0.4862475442043222,0.5491159135559921,0.06286836935166994
20160926_trump_clinton,595,0,TRUMP,201,260,she spent hundreds of millions of dollars on an advertising,,['quantitative approximate'],['behavioral attribution'],[],485,85,59,10,0.4144329896907217,0.5360824742268041,0.12164948453608247
20160926_trump_clinton,597,0,CLINTON,260,403,"the only time it’s ever been invoked? After 9/11, when the 28 nations of NATO said that they would go to Afghanistan with us to fight terrorism",,"['non-quantitative fact', 'temporal reference']",[],"['international relations', 'war/conflict', 'terrorism']",1562,274,143,27,0.16645326504481434,0.2580025608194622,0.09154929577464789
20160926_trump_clinton,597,1,CLINTON,476,580,"when I became secretary of state, Iran was weeks away from having enough nuclear material to form a bomb",,"['quantitative approximate', 'forecast', 'temporal reference']",[],['nuclear armament'],1562,274,104,19,0.3047375160051216,0.3713188220230474,0.06658130601792574
20160926_trump_clinton,597,2,CLINTON,654,686,They had built covert facilities,,['non-quantitative fact'],['behavioral attribution'],[],1562,274,32,5,0.4186939820742638,0.43918053777208704,0.020486555697823303
20160926_trump_clinton,597,3,CLINTON,780,844,I voted for every sanction against Iran when I was in the Senate,,['non-quantitative fact'],"['behavioral attribution', 'stance']",['international relations'],1562,274,64,13,0.499359795134443,0.5403329065300896,0.040973111395646605
20160926_trump_clinton,597,4,CLINTON,1065,1148,"John Kerry, and President Obama got a deal that put a lid on Iran’s nuclear program",,['non-quantitative fact'],['behavioral attribution'],"['international relations', 'nuclear armament']",1562,274,83,16,0.6818181818181818,0.734955185659411,0.05313700384122919
20160926_trump_clinton,597,5,CLINTON,1435,1535,"He said, you know, if they taunted our sailors, I’d blow them out of the water and start another war",,['non-quantitative fact'],['speech attribution'],['war/conflict'],1562,274,100,20,0.9186939820742638,0.9827144686299616,0.06402048655569782
20160926_trump_clinton,601,0,CLINTON,62,180,"He has said repeatedly that he didn’t care if other nations got nuclear weapons, Japan, South Korea, even Saudi Arabia",,['non-quantitative fact'],['speech attribution'],"['international relations', 'nuclear armament']",426,75,118,20,0.14553990610328638,0.4225352112676056,0.27699530516431925
20160926_trump_clinton,601,1,CLINTON,182,326,"It has been the policy of the United States, Democrats and Republicans, to do everything we could to reduce the proliferation of nuclear weapons",,['non-quantitative fact'],"['behavioral attribution', 'stance']",['nuclear armament'],426,75,144,24,0.4272300469483568,0.7652582159624414,0.3380281690140845
20160926_trump_clinton,608,0,TRUMP,362,377,we defend Japan,,['non-quantitative fact'],['behavioral attribution'],"['international relations', 'defense/military']",901,161,15,3,0.4017758046614872,0.4184239733629301,0.016648168701442843
20160926_trump_clinton,608,1,TRUMP,379,396,we defend Germany,,['non-quantitative fact'],['behavioral attribution'],"['international relations', 'defense/military']",901,161,17,3,0.42064372918978915,0.43951165371809103,0.018867924528301886
20160926_trump_clinton,608,2,TRUMP,398,419,we defend South Korea,,['non-quantitative fact'],['behavioral attribution'],"['international relations', 'defense/military']",901,161,21,4,0.44173140954495005,0.46503884572697,0.023307436182019976
20160926_trump_clinton,608,3,TRUMP,421,443,we defend Saudi Arabia,,['non-quantitative fact'],['behavioral attribution'],"['international relations', 'defense/military']",901,161,22,4,0.4672586015538291,0.4916759156492786,0.0244173140954495
20160926_trump_clinton,608,4,TRUMP,466,484,They do not pay us,,['non-quantitative fact'],['behavioral attribution'],[],901,161,18,5,0.5172031076581576,0.537180910099889,0.01997780244173141
20160926_trump_clinton,608,5,TRUMP,564,586,we’re losing a fortune,,['quantitative vague'],[],['economy'],901,161,22,4,0.6259711431742508,0.6503884572697003,0.0244173140954495
20160926_trump_clinton,608,6,TRUMP,870,900,selling us cars by the million,,['quantitative approximate'],[],['automobiles'],901,161,30,6,0.9655937846836848,0.9988901220865705,0.033296337402885685
20160926_trump_clinton,609,0,TRUMP,117,155,We’re a country that owes $20 trillion,,['quantitative precise'],[],['economy'],182,36,38,7,0.6428571428571429,0.8516483516483516,0.2087912087912088
20160926_trump_clinton,611,0,TRUMP,1031,1047,that you started,,['non-quantitative fact'],['behavioral attribution'],[],1976,363,16,3,0.5217611336032388,0.5298582995951417,0.008097165991902834
20160926_trump_clinton,611,1,TRUMP,1066,1111,Iran is one of their biggest trading partners,,['ranking'],[],"['economy', 'international relations']",1976,363,45,8,0.5394736842105263,0.562246963562753,0.02277327935222672
20160926_trump_clinton,611,2,TRUMP,1527,1557,including $400 million in cash,,['quantitative precise'],[],[],1976,363,30,5,0.7727732793522267,0.7879554655870445,0.015182186234817813
20160926_trump_clinton,611,3,TRUMP,1620,1656,It was actually $1.7 billion in cash,,['quantitative precise'],[],[],1976,363,36,7,0.819838056680162,0.8380566801619433,0.018218623481781375
20160926_trump_clinton,613,0,CLINTON,1030,1093,giving us access to Iranian facilities that we never had before,,['non-quantitative fact'],[],['international relations'],1903,356,63,11,0.5412506568575933,0.5743562795585917,0.03310562270099842
20160926_trump_clinton,616,0,TRUMP,289,365,"they’re in more and more places, more and more states, more and more nations",,"['quantitative vague', 'trend/change']",[],[],366,70,76,14,0.7896174863387978,0.9972677595628415,0.20765027322404372
20160926_trump_clinton,617,0,TRUMP,96,142,we are losing billions and billions of dollars,,['quantitative approximate'],[],[],232,45,46,8,0.41379310344827586,0.6120689655172413,0.19827586206896552
20160926_trump_clinton,621,0,TRUMP,253,281,we’re defending Saudi Arabia,,['non-quantitative fact'],['behavioral attribution'],"['international relations', 'defense/military']",519,99,28,4,0.48747591522157996,0.5414258188824663,0.05394990366088632
20160926_trump_clinton,621,1,TRUMP,320,340,we’re defending them,,['non-quantitative fact'],['behavioral attribution'],"['international relations', 'defense/military']",519,99,20,3,0.6165703275529865,0.6551059730250481,0.038535645472061654
20160926_trump_clinton,621,2,TRUMP,346,364,they’re not paying,,['non-quantitative fact'],['behavioral attribution'],[],519,99,18,3,0.6666666666666666,0.7013487475915221,0.03468208092485549
20160926_trump_clinton,623,0,TRUMP,276,312,where we gave them $150 billion back,,['quantitative precise'],['behavioral attribution'],[],552,96,36,7,0.5,0.5652173913043478,0.06521739130434782
20160926_trump_clinton,625,0,CLINTON,70,111,"who has called women pigs, slobs and dogs",,['non-quantitative fact'],['speech attribution'],['gender equality'],195,37,41,8,0.358974358974359,0.5692307692307692,0.21025641025641026
20160926_trump_clinton,625,1,CLINTON,125,180,who has said pregnancy is an inconvenience to employers,,['non-quantitative fact'],['speech attribution'],['gender equality'],195,37,55,9,0.6410256410256411,0.9230769230769231,0.28205128205128205
20160926_trump_clinton,629,0,CLINTON,146,180,he called this woman “Miss Piggy.”,,['non-quantitative fact'],['speech attribution'],['gender equality'],268,48,34,6,0.5447761194029851,0.6716417910447762,0.12686567164179105
20160926_trump_clinton,629,1,CLINTON,186,243,"he called her “Miss Housekeeping,” because she was Latina",,"['non-quantitative fact', 'causation']",['speech attribution'],"['ethnicity/race', 'gender equality']",268,48,57,9,0.6940298507462687,0.9067164179104478,0.2126865671641791
20160926_trump_clinton,638,0,TRUMP,143,206,she spent hundreds of millions of dollars on negative ads on me,,['quantitative approximate'],['behavioral attribution'],['domestic politics'],547,101,63,12,0.26142595978062155,0.376599634369287,0.11517367458866545
20160926_trump_clinton,638,1,TRUMP,421,453,It’s hundreds of millions of ads,,['quantitative precise'],[],[],547,101,32,6,0.7696526508226691,0.8281535648994516,0.05850091407678245
20160926_trump_clinton,639,0,TRUMP,61,91,I’ve spent practically nothing,,['quantitative vague'],['behavioral attribution'],[],103,17,30,4,0.5922330097087378,0.883495145631068,0.2912621359223301
20160926_trump_clinton,641,0,TRUMP,80,101,We’re losing our jobs,,['trend/change'],[],['economy'],504,91,21,4,0.15873015873015872,0.2003968253968254,0.041666666666666664
20160926_trump_clinton,641,1,TRUMP,155,183,we were deporting 800 people,,['quantitative precise'],[],['immigration'],504,91,28,5,0.30753968253968256,0.3630952380952381,0.05555555555555555
20160926_trump_clinton,641,2,TRUMP,309,421,these people that we were going to deport for good reason ended up becoming citizens. Ended up becoming citizens,,['non-quantitative fact'],[],['immigration'],504,91,112,19,0.6130952380952381,0.8353174603174603,0.2222222222222222
20160926_trump_clinton,641,3,TRUMP,427,437,it was 800,,['quantitative precise'],[],[],504,91,10,3,0.8472222222222222,0.8670634920634921,0.01984126984126984
20160926_trump_clinton,641,4,TRUMP,460,477,"it might be 1,800",,['quantitative precise'],[],[],504,91,17,4,0.9126984126984127,0.9464285714285714,0.03373015873015873
20200929_trump_biden,646,0,TRUMP,57,76,We won the election,,['non-quantitative fact'],['behavioral attribution'],['domestic politics'],1352,254,19,4,0.04215976331360947,0.05621301775147929,0.014053254437869823
20200929_trump_biden,646,1,TRUMP,269,338,some of her biggest endorsers are very liberal people from Notre Dame,,['non-quantitative fact'],['stance'],['domestic politics'],1352,254,69,12,0.1989644970414201,0.25,0.05103550295857988
20200929_trump_biden,646,2,TRUMP,658,762,"a professor at Notre Dame, highly respected by all, said she's the single greatest student he's ever had",,['non-quantitative fact'],['speech attribution'],['personal life'],1352,254,104,18,0.48668639053254437,0.5636094674556213,0.07692307692307693
20200929_trump_biden,646,3,TRUMP,825,844,we won the election,,['non-quantitative fact'],['behavioral attribution'],['domestic politics'],1352,254,19,4,0.610207100591716,0.6242603550295858,0.014053254437869823
20200929_trump_biden,646,4,TRUMP,1294,1313,we won the election,,['non-quantitative fact'],['behavioral attribution'],['domestic politics'],1352,254,19,4,0.9571005917159763,0.9711538461538461,0.014053254437869823
20200929_trump_biden,649,0,BIDEN,327,368,Tens of thousands of people already voted,,['quantitative approximate'],[],['domestic politics'],1921,345,41,7,0.17022384174908903,0.1915668922436231,0.021343050494534097
20200929_trump_biden,649,1,BIDEN,690,736,he wants to get rid of the Affordable Care Act,,['non-quantitative fact'],['stance'],['health/medicine'],1921,345,46,10,0.35918792295679336,0.3831337844872462,0.02394586153045289
20200929_trump_biden,649,2,BIDEN,813,893,He's in the Supreme Court right now trying to get rid of the Affordable Care Act,,['non-quantitative fact'],['behavioral attribution'],['health/medicine'],1921,345,80,16,0.42321707444039564,0.4648620510150963,0.041644976574700676
20200929_trump_biden,649,3,BIDEN,895,957,which will strip 20million people from having health insurance,,"['quantitative precise', 'forecast']",[],['health/medicine'],1921,345,62,9,0.4659031754294638,0.49817803227485685,0.032274856845393024
20200929_trump_biden,649,4,BIDEN,1144,1205,she thinks that the Affordable Care Act is not Constitutional,,['non-quantitative fact'],['stance'],"['health/medicine', 'domestic politics']",1921,345,61,10,0.5955231650182197,0.6272774596564289,0.031754294638209266
20200929_trump_biden,649,5,BIDEN,1337,1419,a woman could pay more money because she has a pre-existing condition of pregnancy,,['comparison'],[],"['health/medicine', 'gender equality']",1921,345,82,14,0.6959916710046851,0.7386777719937533,0.04268610098906819
20200929_trump_biden,649,6,BIDEN,1421,1494,They're able to charge women more for the same exact procedure a man gets,,['comparison'],[],"['health/medicine', 'gender equality']",1921,345,73,14,0.7397188964081207,0.7777199375325351,0.03800104112441437
20200929_trump_biden,649,7,BIDEN,1500,1559,"that ended when we, in fact, passed the Affordable Care Act",,['non-quantitative fact'],[],['health/medicine'],1921,345,59,11,0.7808433107756377,0.8115564809994794,0.03071317022384175
20200929_trump_biden,649,8,BIDEN,1565,1630,there's a hundred million people who have pre-existing conditions,,['quantitative precise'],[],['health/medicine'],1921,345,65,9,0.8146798542425819,0.8485163977095262,0.0338365434669443
20200929_trump_biden,650,0,TRUMP,0,66,There aren't a hundred million people with pre-existing conditions,,['quantitative precise'],[],['health/medicine'],449,81,66,9,0.0,0.14699331848552338,0.14699331848552338
20200929_trump_biden,652,0,TRUMP,142,185,the hundred million people is totally wrong,,['quantitative precise'],[],[],374,65,43,7,0.37967914438502676,0.4946524064171123,0.11497326203208556
20200929_trump_biden,652,1,TRUMP,268,343,you're going to extinguish 180million people with their private health care,,['quantitative precise'],[],['health/medicine'],374,65,75,11,0.7165775401069518,0.9171122994652406,0.20053475935828877
20200929_trump_biden,656,0,BIDEN,38,100,What I proposed is that we expand Obamacare and we increase it,,['non-quantitative fact'],['stance'],['health/medicine'],348,67,62,12,0.10919540229885058,0.28735632183908044,0.1781609195402299
20200929_trump_biden,656,1,BIDEN,239,293,Biden wanted to allow people to have private insurance,,['non-quantitative fact'],['stance'],['health/medicine'],348,67,54,9,0.6867816091954023,0.8419540229885057,0.15517241379310345
20200929_trump_biden,659,0,TRUMP,27,93,Your party wants to go socialist medicine and socialist healthcare,,['non-quantitative fact'],['stance'],"['health/medicine', 'domestic politics']",94,15,66,10,0.2872340425531915,0.9893617021276596,0.7021276595744681
20200929_trump_biden,664,0,BIDEN,129,175,it's going to wipe out pre-existing conditions,,['non-quantitative fact'],[],['health/medicine'],417,75,46,7,0.30935251798561153,0.4196642685851319,0.11031175059952038
20200929_trump_biden,664,1,BIDEN,194,240,"the 200,000 people that have died on his watch",,['quantitative precise'],[],['health/medicine'],417,75,46,9,0.46522781774580335,0.5755395683453237,0.11031175059952038
20200929_trump_biden,664,2,BIDEN,281,331,there's seven million people that contracted COVID,,['quantitative precise'],[],['health/medicine'],417,75,50,7,0.6738609112709832,0.7937649880095923,0.11990407673860912
20200929_trump_biden,665,0,TRUMP,16,113,"308,000 military people dying because you couldn't provide them proper healthcare in the military",,['quantitative precise'],[],"['health/medicine', 'defense/military']",143,23,97,14,0.11188811188811189,0.7902097902097902,0.6783216783216783
20200929_trump_biden,667,0,TRUMP,113,144,You didn't want me to ban China,,['non-quantitative fact'],['stance'],['international relations'],207,41,31,7,0.5458937198067633,0.6956521739130435,0.1497584541062802
20200929_trump_biden,667,1,TRUMP,146,172,which was heavily infected,,['non-quantitative fact'],[],['health/medicine'],207,41,26,4,0.7053140096618358,0.8309178743961353,0.12560386473429952
20200929_trump_biden,667,2,TRUMP,174,206,You didn't want me to ban Europe,,['non-quantitative fact'],['stance'],['international relations'],207,41,32,7,0.8405797101449275,0.9951690821256038,0.15458937198067632
20200929_trump_biden,671,0,BIDEN,33,77,the President also is opposed to Roe V. Wade,,['non-quantitative fact'],['stance'],['abortion'],203,42,44,9,0.1625615763546798,0.3793103448275862,0.21674876847290642
20200929_trump_biden,684,0,TRUMP,11,46,I got rid of the individual mandate,,['non-quantitative fact'],['behavioral attribution'],['health/medicine'],83,16,35,7,0.13253012048192772,0.5542168674698795,0.42168674698795183
20200929_trump_biden,684,1,TRUMP,48,82,which was a big chunk of Obamacare,,['quantitative vague'],[],['health/medicine'],83,16,34,7,0.5783132530120482,0.9879518072289156,0.40963855421686746
20200929_trump_biden,687,0,TRUMP,20,85,The individual mandate was the most unpopular aspect of Obamacare,,['ranking'],[],['health/medicine'],86,14,65,10,0.23255813953488372,0.9883720930232558,0.7558139534883721
20200929_trump_biden,690,0,TRUMP,149,172,I'm cutting drug prices,,['non-quantitative fact'],['stance'],['health/medicine'],464,82,23,4,0.32112068965517243,0.3706896551724138,0.04956896551724138
20200929_trump_biden,690,1,TRUMP,174,204,I'm going with Favored Nations,,['non-quantitative fact'],['stance'],"['health/medicine', 'international relations']",464,82,30,5,0.375,0.4396551724137931,0.06465517241379311
20200929_trump_biden,690,2,TRUMP,288,329,Drug prices will be coming down 80 or 90%,,"['quantitative approximate', 'forecast']",[],['health/medicine'],464,82,41,9,0.6206896551724138,0.709051724137931,0.08836206896551724
20200929_trump_biden,690,3,TRUMP,418,434,Nobody's done it,,['non-quantitative fact'],[],[],464,82,16,3,0.9008620689655172,0.9353448275862069,0.034482758620689655
20200929_trump_biden,693,0,TRUMP,92,119,I'm getting it for so cheap,,['quantitative vague'],[],[],391,73,27,6,0.23529411764705882,0.30434782608695654,0.06905370843989769
20200929_trump_biden,693,1,TRUMP,256,332,we're going to allow our Governors now to go to other countries to buy drugs,,['non-quantitative fact'],['stance'],['health/medicine'],391,73,76,15,0.6547314578005116,0.8491048593350383,0.19437340153452684
20200929_trump_biden,693,2,TRUMP,346,390,they paid just a tiny fraction of what we do,,['quantitative vague'],[],[],391,73,44,10,0.8849104859335039,0.9974424552429667,0.11253196930946291
20200929_trump_biden,698,0,BIDEN,185,271,Anyone who qualifies for Medicaid would automatically be enrolled in the public option,,['non-quantitative fact'],[],['health/medicine'],372,66,86,13,0.49731182795698925,0.728494623655914,0.23118279569892472
20200929_trump_biden,698,1,BIDEN,273,347,The vast majority of the American people would still not be in that option,,"['quantitative vague', 'forecast']",[],[],372,66,74,14,0.7338709677419355,0.9327956989247311,0.1989247311827957
20200929_trump_biden,699,0,TRUMP,5,69,"you agreed with Bernie Sanders, who's far left, on the manifesto",,['non-quantitative fact'],['stance'],['domestic politics'],122,21,64,11,0.040983606557377046,0.5655737704918032,0.5245901639344263
20200929_trump_biden,699,1,TRUMP,87,121,that gives you socialized medicine,,['non-quantitative fact'],[],['health/medicine'],122,21,34,5,0.7131147540983607,0.9918032786885246,0.2786885245901639
20200929_trump_biden,702,0,BIDEN,58,79,I beat Bernie Sanders,,['non-quantitative fact'],['behavioral attribution'],['domestic politics'],80,17,21,4,0.725,0.9875,0.2625
20200929_trump_biden,715,0,TRUMP,37,93,You graduated last in your class not first in your class,,['non-quantitative fact'],['behavioral attribution'],"['education', 'personal life']",94,18,56,11,0.39361702127659576,0.9893617021276596,0.5957446808510638
20200929_trump_biden,720,0,TRUMP,8,56,you agreed with Bernie Sanders and the manifesto,,['non-quantitative fact'],['stance'],['domestic politics'],57,9,48,8,0.14035087719298245,0.9824561403508771,0.8421052631578947
20200929_trump_biden,721,0,BIDEN,0,21,There is no manifesto,,['non-quantitative fact'],[],[],34,6,21,4,0.0,0.6176470588235294,0.6176470588235294
20200929_trump_biden,725,0,TRUMP,24,94,You agreed with Bernie Sanders on a plan that you absolutely agreed to,,['non-quantitative fact'],['stance'],['domestic politics'],161,28,70,13,0.14906832298136646,0.5838509316770186,0.43478260869565216
20200929_trump_biden,725,1,TRUMP,99,160,"under that plan [crosstalk], they call it socialized medicine",,['non-quantitative fact'],['stance'],['health/medicine'],161,28,61,9,0.6149068322981367,0.9937888198757764,0.37888198757763975
20200929_trump_biden,728,0,BIDEN,8,133,"he, in fact, already has costs 10 million people their healthcare that they had from their employers because of his recession",,"['quantitative precise', 'causation']",['behavioral attribution'],"['economy', 'health/medicine']",342,62,125,21,0.023391812865497075,0.3888888888888889,0.3654970760233918
20200929_trump_biden,728,1,BIDEN,159,223,there are 20 million people getting healthcare through Obamacare,,['quantitative precise'],[],['health/medicine'],342,62,64,9,0.4649122807017544,0.652046783625731,0.1871345029239766
20200929_trump_biden,728,2,BIDEN,228,257,that he wants to take it away,,['non-quantitative fact'],['stance'],[],342,62,29,7,0.6666666666666666,0.7514619883040936,0.0847953216374269
20200929_trump_biden,728,3,BIDEN,301,341,that's what he wants to do. Take it away,,['non-quantitative fact'],['stance'],[],342,62,40,9,0.8801169590643275,0.9970760233918129,0.11695906432748537
20200929_trump_biden,732,0,BIDEN,0,27,He has never offered a plan,,['non-quantitative fact'],['behavioral attribution'],[],28,6,27,6,0.0,0.9642857142857143,0.9642857142857143
20200929_trump_biden,734,0,TRUMP,82,117,We took away the individual mandate,,['non-quantitative fact'],['behavioral attribution'],['health/medicine'],819,158,35,6,0.10012210012210013,0.14285714285714285,0.042735042735042736
20200929_trump_biden,734,1,TRUMP,119,156,We guaranteed pre-existing conditions,,['non-quantitative fact'],['behavioral attribution'],['health/medicine'],819,158,37,4,0.1452991452991453,0.19047619047619047,0.045177045177045176
20200929_trump_biden,734,2,TRUMP,162,194,took away the individual mandate,,['non-quantitative fact'],['behavioral attribution'],['health/medicine'],819,158,32,5,0.1978021978021978,0.23687423687423687,0.03907203907203907
20200929_trump_biden,734,3,TRUMP,643,661,It's too expensive,,['non-quantitative fact'],[],[],819,158,18,3,0.7851037851037851,0.8070818070818071,0.02197802197802198
20200929_trump_biden,734,4,TRUMP,663,684,Premiums are too high,,['quantitative vague'],[],['health/medicine'],819,158,21,4,0.8095238095238095,0.8351648351648352,0.02564102564102564
20200929_trump_biden,737,0,BIDEN,0,29,He has no plan for healthcare,,['non-quantitative fact'],['stance'],['health/medicine'],30,6,29,6,0.0,0.9666666666666667,0.9666666666666667
20200929_trump_biden,739,0,BIDEN,75,115,He hasn't lowered drug costs for anybody,,['non-quantitative fact'],['behavioral attribution'],['health/medicine'],358,64,40,7,0.20949720670391062,0.32122905027932963,0.11173184357541899
20200929_trump_biden,739,1,BIDEN,117,175,He's been promising a healthcare plan since he got elected,,"['non-quantitative fact', 'temporal reference']",['behavioral attribution'],['health/medicine'],358,64,58,10,0.3268156424581006,0.4888268156424581,0.16201117318435754
20200929_trump_biden,739,2,BIDEN,177,188,He has none,,['non-quantitative fact'],['stance'],[],358,64,11,3,0.49441340782122906,0.5251396648044693,0.030726256983240222
20200929_trump_biden,739,3,BIDEN,234,257,He does not have a plan,,['non-quantitative fact'],['stance'],[],358,64,23,6,0.6536312849162011,0.7178770949720671,0.06424581005586592
20200929_trump_biden,739,4,BIDEN,259,281,He doesn't have a plan,,['non-quantitative fact'],['stance'],[],358,64,22,5,0.723463687150838,0.7849162011173184,0.061452513966480445
20200929_trump_biden,748,0,TRUMP,39,104,You want to put a lot of new Supreme Court Justices. Radical left,,['non-quantitative fact'],['stance'],['domestic politics'],105,19,65,13,0.37142857142857144,0.9904761904761905,0.6190476190476191
20200929_trump_biden,752,0,TRUMP,0,28,He's going to pack the court,,['non-quantitative fact'],['stance'],['domestic politics'],61,14,28,6,0.0,0.45901639344262296,0.45901639344262296
20200929_trump_biden,757,0,BIDEN,11,23,"200,000 dead",,['quantitative precise'],[],['health/medicine'],798,156,12,2,0.013784461152882205,0.02882205513784461,0.015037593984962405
20200929_trump_biden,757,1,BIDEN,38,86,over seven million infected in the United States,,['quantitative approximate'],[],['health/medicine'],798,156,48,8,0.047619047619047616,0.10776942355889724,0.06015037593984962
20200929_trump_biden,757,2,BIDEN,88,153,"We, in fact, have 4% of the world's population, 20% of the deaths",,['quantitative precise'],[],['health/medicine'],798,156,65,13,0.11027568922305764,0.19172932330827067,0.08145363408521303
20200929_trump_biden,757,3,BIDEN,155,196,"40,000 people a day are contracting COVID",,['quantitative precise'],[],['health/medicine'],798,156,41,7,0.19423558897243107,0.24561403508771928,0.05137844611528822
20200929_trump_biden,757,4,BIDEN,225,268,between 750 and 1000 people a day are dying,,['quantitative approximate'],[],['health/medicine'],798,156,43,9,0.2819548872180451,0.3358395989974937,0.05388471177944862
20200929_trump_biden,757,5,BIDEN,270,338,"When he was presented with that number, he said, ""It is what it is.""",,['non-quantitative fact'],['speech attribution'],[],798,156,68,14,0.3383458646616541,0.42355889724310775,0.08521303258145363
20200929_trump_biden,757,6,BIDEN,409,434,The President has no plan,,['non-quantitative fact'],['stance'],[],798,156,25,5,0.5125313283208021,0.543859649122807,0.03132832080200501
20200929_trump_biden,757,7,BIDEN,580,620,He's on tape as acknowledging he knew it,,['non-quantitative fact'],"['speech attribution', 'epistemic']",[],798,156,40,8,0.7268170426065163,0.7769423558897243,0.05012531328320802
20200929_trump_biden,757,8,BIDEN,622,730,He said he didn't tell us or give people a warning of it because he didn't want to panic the American people,,['non-quantitative fact'],['speech attribution'],[],798,156,108,22,0.7794486215538847,0.9147869674185464,0.13533834586466165
20200929_trump_biden,758,0,BIDEN,15,160,we were insisting that the people we had in the ground in China should be able to go to Wuhan and determine for themselves how dangerous this was,,['non-quantitative fact'],['behavioral attribution'],"['health/medicine', 'international relations']",196,41,145,28,0.07653061224489796,0.8163265306122449,0.7397959183673469
20200929_trump_biden,758,1,BIDEN,162,195,He did not even ask Xi to do that,,['non-quantitative fact'],['speech attribution'],[],196,41,33,9,0.826530612244898,0.9948979591836735,0.1683673469387755
20200929_trump_biden,760,0,BIDEN,42,111,He said we owe him debt of gratitude for being so transparent with us,,['non-quantitative fact'],['speech attribution'],[],221,46,69,14,0.19004524886877827,0.502262443438914,0.31221719457013575
20200929_trump_biden,760,1,BIDEN,192,220,He still doesn't have a plan,,['non-quantitative fact'],['stance'],[],221,46,28,6,0.8687782805429864,0.995475113122172,0.12669683257918551
20200929_trump_biden,763,0,BIDEN,0,57,"I laid out back in March, exactly what we should be doing",,"['non-quantitative fact', 'temporal reference']",['speech attribution'],[],561,112,57,12,0.0,0.10160427807486631,0.10160427807486631
20200929_trump_biden,763,1,BIDEN,63,112,"I laid out again in July, what we should be doing",,"['non-quantitative fact', 'temporal reference']",['speech attribution'],[],561,112,49,11,0.11229946524064172,0.19964349376114082,0.0873440285204991
20200929_trump_biden,763,2,BIDEN,320,352,Open schools cost a lot of money,,['quantitative vague'],[],['education'],561,112,32,7,0.5704099821746881,0.6274509803921569,0.0570409982174688
20200929_trump_biden,765,0,TRUMP,0,74,"If we would've listened to you, the country would have been left wide open",,['non-quantitative fact'],['stance'],[],705,130,74,14,0.0,0.1049645390070922,0.1049645390070922
20200929_trump_biden,765,1,TRUMP,153,171,It's China's fault,,['non-quantitative fact'],['behavioral attribution'],[],705,130,18,3,0.2170212765957447,0.2425531914893617,0.02553191489361702
20200929_trump_biden,765,2,TRUMP,239,259,it was China's fault,,['non-quantitative fact'],['behavioral attribution'],['international relations'],705,130,20,4,0.33900709219858155,0.36737588652482267,0.028368794326241134
20200929_trump_biden,765,3,TRUMP,307,351,you don't know how many people died in China,,['non-quantitative fact'],"['epistemic', 'conspiracy']",['health/medicine'],705,130,44,9,0.43546099290780144,0.4978723404255319,0.062411347517730496
20200929_trump_biden,765,4,TRUMP,353,398,You don't know how many people died in Russia,,['non-quantitative fact'],"['epistemic', 'conspiracy']",[],705,130,45,9,0.500709219858156,0.5645390070921986,0.06382978723404255
20200929_trump_biden,765,5,TRUMP,400,444,You don't know how many people died in India,,['non-quantitative fact'],"['epistemic', 'conspiracy']",[],705,130,44,9,0.5673758865248227,0.6297872340425532,0.062411347517730496
20200929_trump_biden,765,6,TRUMP,446,490,They don't exactly give you a straight count,,['non-quantitative fact'],"['epistemic', 'conspiracy']",[],705,130,44,8,0.6326241134751773,0.6950354609929078,0.062411347517730496
20200929_trump_biden,765,7,TRUMP,568,631,"you said, ""He's xenophobic. He's a racist and he's xenophobic,""",,['non-quantitative fact'],['speech attribution'],['ethnicity/race'],705,130,63,10,0.8056737588652483,0.8950354609929078,0.08936170212765958
20200929_trump_biden,766,0,TRUMP,0,50,You didn't think we should have closed our country,,['non-quantitative fact'],['stance'],[],814,144,50,9,0.0,0.06142506142506143,0.06142506142506143
20200929_trump_biden,766,1,TRUMP,171,230,"Dr. Fauci said, ""President Trump saved thousands of lives.""",,['non-quantitative fact'],['speech attribution'],[],814,144,59,9,0.21007371007371006,0.28255528255528256,0.07248157248157248
20200929_trump_biden,766,2,TRUMP,231,308,"Many of your Democrat Governors said, ""President Trump did a phenomenal job.""",,['quantitative vague'],['speech attribution'],['domestic politics'],814,144,77,12,0.28378378378378377,0.3783783783783784,0.0945945945945946
20200929_trump_biden,766,3,TRUMP,365,430,The Governors said I did a phenomenal job. Most of them said that,,"['quantitative vague', 'non-quantitative fact']",[],['domestic politics'],814,144,65,13,0.4484029484029484,0.5282555282555282,0.07985257985257985
20200929_trump_biden,766,4,TRUMP,653,684,we're weeks away from a vaccine,,['forecast'],[],['health/medicine'],814,144,31,6,0.8022113022113022,0.8402948402948403,0.038083538083538086
20200929_trump_biden,766,5,TRUMP,686,718,We're doing therapeutics already,,['non-quantitative fact'],[],['health/medicine'],814,144,32,4,0.8427518427518428,0.8820638820638821,0.03931203931203931
20200929_trump_biden,766,6,TRUMP,720,789,Fewer people are dying when they get sick. Far fewer people are dying,,"['quantitative vague', 'trend/change']",[],['health/medicine'],814,144,69,13,0.8845208845208845,0.9692874692874693,0.08476658476658476
20200929_trump_biden,769,0,TRUMP,6,49,you didn't do very well in Swine Flu. H1-N1,,['non-quantitative fact'],['behavioral attribution'],['health/medicine'],121,24,43,9,0.049586776859504134,0.4049586776859504,0.35537190082644626
20200929_trump_biden,769,1,TRUMP,72,120,Your own Chief of Staff said you were a disaster,,['non-quantitative fact'],['speech attribution'],[],121,24,48,10,0.5950413223140496,0.9917355371900827,0.39669421487603307
20200929_trump_biden,770,0,BIDEN,0,31,"14,000 people died, not 200,000",,['non-quantitative fact'],[],[],32,5,31,5,0.0,0.96875,0.96875
20200929_trump_biden,771,0,TRUMP,0,25,A far less lethal disease,,"['quantitative vague', 'comparison']",[],['health/medicine'],38,8,25,5,0.0,0.6578947368421053,0.6578947368421053
20200929_trump_biden,774,0,BIDEN,0,109,"His own CDC Director says we could lose as many as another 200,000 people between now and the end of the year",,"['forecast', 'temporal reference']",['speech attribution'],['health/medicine'],362,77,109,22,0.0,0.3011049723756906,0.3011049723756906
20200929_trump_biden,774,1,BIDEN,115,191,"he said, if we just wear a mask, we can save half those numbers. Just a mask",,['quantitative precise'],['speech attribution'],['health/medicine'],362,77,76,17,0.31767955801104975,0.5276243093922652,0.20994475138121546
20200929_trump_biden,774,2,BIDEN,252,271,we're for a vaccine,,['non-quantitative fact'],['stance'],['health/medicine'],362,77,19,4,0.6961325966850829,0.7486187845303868,0.052486187845303865
20200929_trump_biden,775,0,TRUMP,0,41,"You don't trust Johnson & Johnson, Pfizer",,['non-quantitative fact'],['stance'],['health/medicine'],42,7,41,7,0.0,0.9761904761904762,0.9761904761904762
20200929_trump_biden,776,0,TRUMP,39,66,we can have it a lot sooner,,"['quantitative vague', 'forecast']",[],[],168,31,27,7,0.23214285714285715,0.39285714285714285,0.16071428571428573
20200929_trump_biden,778,0,TRUMP,153,190,They can go faster than that by a lot,,['quantitative vague'],[],[],306,61,37,9,0.5,0.6209150326797386,0.12091503267973856
20200929_trump_biden,779,0,TRUMP,140,175,I had him in my office two days ago,,"['non-quantitative fact', 'temporal reference']",['behavioral attribution'],[],176,38,35,9,0.7954545454545454,0.9943181818181818,0.19886363636363635
20200929_trump_biden,780,0,TRUMP,8,81,he said it's a possibility that we'll have the answer before November 1st,,"['non-quantitative fact', 'forecast', 'temporal reference']",['speech attribution'],[],111,20,73,13,0.07207207207207207,0.7297297297297297,0.6576576576576577
20200929_trump_biden,781,0,TRUMP,44,109,"We have the military all set up. Logistically, they're all set up",,['non-quantitative fact'],[],['defense/military'],217,39,65,12,0.20276497695852536,0.5023041474654378,0.2995391705069124
20200929_trump_biden,781,1,TRUMP,159,184,"they can do 200,000 a day",,['quantitative precise'],[],[],217,39,25,6,0.7327188940092166,0.847926267281106,0.1152073732718894
20200929_trump_biden,784,0,BIDEN,125,197,"you could inject some bleach in your arm, and that would take care of it",,['non-quantitative fact'],[],['health/medicine'],220,44,72,15,0.5681818181818182,0.8954545454545455,0.32727272727272727
20200929_trump_biden,786,0,BIDEN,57,146,Every serious company is talking about maybe having a vaccine done by the end of the year,,"['forecast', 'temporal reference']",['speech attribution'],['health/medicine'],329,64,89,17,0.17325227963525835,0.44376899696048633,0.270516717325228
20200929_trump_biden,786,1,BIDEN,152,251,the distribution of that vaccine will not occur until sometime beginning of the middle of next year,,"['forecast', 'temporal reference']",[],['health/medicine'],329,64,99,17,0.46200607902735563,0.7629179331306991,0.3009118541033435
20200929_trump_biden,787,0,TRUMP,0,40,You'll have the vaccine sooner than that,,"['non-quantitative fact', 'forecast']",[],['health/medicine'],41,7,40,7,0.0,0.975609756097561,0.975609756097561
20200929_trump_biden,788,0,BIDEN,62,116,he puts pressure and disagrees with his own scientists,,['non-quantitative fact'],['behavioral attribution'],['science/research'],117,21,54,9,0.5299145299145299,0.9914529914529915,0.46153846153846156
20200929_trump_biden,795,0,BIDEN,169,280,"he knew this was happening, knew how dangerous it was going to be back in February, and he didn't even tell you",,"['non-quantitative fact', 'temporal reference']","['behavioral attribution', 'conspiracy']",[],495,99,111,22,0.3414141414141414,0.5656565656565656,0.22424242424242424
20200929_trump_biden,795,1,BIDEN,282,309,He's on record as saying it,,['non-quantitative fact'],"['speech attribution', 'epistemic']",[],495,99,27,6,0.5696969696969697,0.6242424242424243,0.05454545454545454
20200929_trump_biden,796,0,TRUMP,31,66,you said you went to Delaware State,,['non-quantitative fact'],['speech attribution'],"['education', 'personal life']",274,53,35,7,0.11313868613138686,0.24087591240875914,0.12773722627737227
20200929_trump_biden,796,1,TRUMP,109,140,You didn't go to Delaware State,,['non-quantitative fact'],['behavioral attribution'],"['education', 'personal life']",274,53,31,6,0.3978102189781022,0.5109489051094891,0.11313868613138686
20200929_trump_biden,796,2,TRUMP,142,208,You graduated either the lowest or almost the lowest in your class,,['ranking'],['behavioral attribution'],"['education', 'personal life']",274,53,66,12,0.5182481751824818,0.7591240875912408,0.24087591240875914
20200929_trump_biden,802,0,BIDEN,8,30,he doesn't have a plan,,['non-quantitative fact'],['stance'],[],260,51,22,5,0.03076923076923077,0.11538461538461539,0.08461538461538462
20200929_trump_biden,806,0,BIDEN,0,42,"Nancy Pelosi and Schumer, they have a plan",,['non-quantitative fact'],['stance'],['domestic politics'],200,37,42,8,0.0,0.21,0.21
20200929_trump_biden,806,1,BIDEN,44,72,He won't even meet with them,,['non-quantitative fact'],['behavioral attribution'],[],200,37,28,6,0.22,0.36,0.14
20200929_trump_biden,806,2,BIDEN,74,114,The Republicans won't meet in the Senate,,['non-quantitative fact'],['behavioral attribution'],['domestic politics'],200,37,40,7,0.37,0.57,0.2
20200929_trump_biden,808,0,TRUMP,6,40,he wants to shut down this country,,['non-quantitative fact'],['stance'],[],114,25,34,7,0.05263157894736842,0.3508771929824561,0.2982456140350877
20200929_trump_biden,808,1,TRUMP,45,67,I want to keep it open,,['non-quantitative fact'],['stance'],[],114,25,22,6,0.39473684210526316,0.5877192982456141,0.19298245614035087
20200929_trump_biden,810,0,TRUMP,81,114,He wants to shut down the country,,['non-quantitative fact'],['stance'],[],719,131,33,7,0.11265646731571627,0.15855354659248957,0.0458970792767733
20200929_trump_biden,810,1,TRUMP,160,201,we didn't know anything about the disease,,['non-quantitative fact'],['epistemic'],['health/medicine'],719,131,41,7,0.22253129346314326,0.2795549374130737,0.05702364394993046
20200929_trump_biden,810,2,TRUMP,224,320,"elderly people with heart problems and diabetes and different problems are very, very vulnerable",,['non-quantitative fact'],[],['health/medicine'],719,131,96,14,0.31154381084840055,0.44506258692628653,0.13351877607788595
20200929_trump_biden,810,3,TRUMP,340,389,"Young children aren't, even younger people aren't",,['non-quantitative fact'],[],[],719,131,49,7,0.4728789986091794,0.541029207232267,0.06815020862308763
20200929_trump_biden,810,4,TRUMP,416,440,he wants to shut it down,,['non-quantitative fact'],['stance'],[],719,131,24,6,0.5785813630041725,0.6119610570236439,0.03337969401947149
20200929_trump_biden,810,5,TRUMP,567,595,they have Democrat governors,,['non-quantitative fact'],[],['domestic politics'],719,131,28,4,0.7885952712100139,0.827538247566064,0.03894297635605007
20200929_trump_biden,810,6,TRUMP,647,718,they want to keep it shut down until after the election on November 3rd,,"['non-quantitative fact', 'temporal reference']",['conspiracy'],['domestic politics'],719,131,71,14,0.8998609179415855,0.9986091794158554,0.09874826147426982
20200929_trump_biden,816,0,TRUMP,0,39,He wants to shut down the whole country,,['non-quantitative fact'],['stance'],[],40,8,39,8,0.0,0.975,0.975
20200929_trump_biden,821,0,BIDEN,79,96,We provided money,,['non-quantitative fact'],['behavioral attribution'],['economy'],102,19,17,3,0.7745098039215687,0.9411764705882353,0.16666666666666666
20200929_trump_biden,822,0,BIDEN,6,33,masks make a big difference,,['non-quantitative fact'],[],['health/medicine'],233,43,27,5,0.02575107296137339,0.14163090128755365,0.11587982832618025
20200929_trump_biden,822,1,BIDEN,35,208,"His own head of the CDC said if we just wore masks between now, if everybody wore a mask and social distanced between now and January, we'd probably save up to 100,000 lives",,['quantitative approximate'],['speech attribution'],['health/medicine'],233,43,173,33,0.15021459227467812,0.8927038626609443,0.7424892703862661
20200929_trump_biden,827,0,TRUMP,0,44,"He said very strongly, ""Masks are not good.""",,['non-quantitative fact'],['speech attribution'],['health/medicine'],97,18,44,8,0.0,0.4536082474226804,0.4536082474226804
20200929_trump_biden,827,1,TRUMP,71,97,"He said, ""Masks are good.""",,['non-quantitative fact'],['speech attribution'],['health/medicine'],97,18,26,5,0.7319587628865979,1.0,0.26804123711340205
20200929_trump_biden,828,0,TRUMP,0,43,I'm okay with masks. I'm not fighting masks,,['non-quantitative fact'],['stance'],['health/medicine'],44,8,43,8,0.0,0.9772727272727273,0.9772727272727273
20200929_trump_biden,831,0,TRUMP,17,47,Nobody shows up to his rallies,,['non-quantitative fact'],[],['domestic politics'],48,9,30,6,0.3541666666666667,0.9791666666666666,0.625
20200929_trump_biden,833,0,TRUMP,41,88,"I'll have 25, 35,000 people show up at airports",,['quantitative approximate'],[],[],146,30,47,9,0.2808219178082192,0.6027397260273972,0.3219178082191781
20200929_trump_biden,834,0,TRUMP,48,85,It's outside. That's a big difference,,"['non-quantitative fact', 'comparison']",[],[],261,46,37,6,0.1839080459770115,0.32567049808429116,0.1417624521072797
20200929_trump_biden,835,0,BIDEN,60,240,"A reporter came up to him to ask him a question, he said, ""No, no, no. Stand back, put on your mask, put on a mask. Have you been tested? I'm way far away from those other people.""",,['non-quantitative fact'],['speech attribution'],['health/medicine'],370,75,180,38,0.16216216216216217,0.6486486486486487,0.4864864864864865
20200929_trump_biden,835,1,BIDEN,241,285,"That's what he said, ""I'm going to be okay.""",,['non-quantitative fact'],['speech attribution'],['health/medicine'],370,75,44,9,0.6513513513513514,0.7702702702702703,0.11891891891891893
20200929_trump_biden,838,0,TRUMP,34,78,"we've had 35, 40,000 people at these rallies",,['quantitative approximate'],[],['domestic politics'],79,14,44,8,0.43037974683544306,0.9873417721518988,0.5569620253164557
20200929_trump_biden,839,0,BIDEN,46,158,"the way in which he has handled the social distancing and people wearing masks, basically encouraged them not to",,['non-quantitative fact'],['behavioral attribution'],['health/medicine'],180,31,112,19,0.25555555555555554,0.8777777777777778,0.6222222222222222
20200929_trump_biden,844,0,TRUMP,74,90,the China plague,,['non-quantitative fact'],[],"['health/medicine', 'international relations']",732,135,16,3,0.10109289617486339,0.12295081967213115,0.02185792349726776
20200929_trump_biden,844,1,TRUMP,179,218,He didn't think we should close it down,,['non-quantitative fact'],['stance'],[],732,135,39,8,0.24453551912568305,0.2978142076502732,0.05327868852459016
20200929_trump_biden,844,2,TRUMP,489,577,We had 10.4 million people in a four month period that we've put back into the workforce,,"['quantitative precise', 'temporal reference']",[],[],732,135,88,17,0.6680327868852459,0.7882513661202186,0.12021857923497267
20200929_trump_biden,844,3,TRUMP,579,594,That's a record,,['ranking'],[],[],732,135,15,3,0.7909836065573771,0.8114754098360656,0.020491803278688523
20200929_trump_biden,845,0,TRUMP,236,262,they don't want to open it,,['non-quantitative fact'],['stance'],[],652,118,26,6,0.3619631901840491,0.401840490797546,0.03987730061349693
20200929_trump_biden,845,1,TRUMP,264,355,"One of them came out last week, you saw that, ""Oh, we're going to open up on November 9th.""",,"['non-quantitative fact', 'temporal reference']",['speech attribution'],[],652,118,91,19,0.4049079754601227,0.5444785276073619,0.13957055214723926
20200929_trump_biden,845,2,TRUMP,374,405,Because it's after the election,,"['non-quantitative fact', 'causation']",[],['domestic politics'],652,118,31,5,0.5736196319018405,0.6211656441717791,0.04754601226993865
20200929_trump_biden,846,0,TRUMP,366,444,he'll close down the whole country. This guy will close down the whole country,,['non-quantitative fact'],['stance'],[],609,110,78,14,0.6009852216748769,0.729064039408867,0.12807881773399016
20200929_trump_biden,847,0,BIDEN,18,110,millionaires and billionaires like him in the middle of the COVID crisis have done very well,,['non-quantitative fact'],[],"['economy', 'health/medicine']",419,75,92,16,0.04295942720763723,0.26252983293556087,0.21957040572792363
20200929_trump_biden,847,1,BIDEN,112,194,Billionaires have made another $300 billion because of his profligate tax proposal,,"['quantitative precise', 'trend/change', 'causation']",['behavioral attribution'],['economy'],419,75,82,12,0.26730310262529833,0.4630071599045346,0.1957040572792363
20200929_trump_biden,847,2,BIDEN,200,229,he only focused on the market,,['non-quantitative fact'],['behavioral attribution'],['economy'],419,75,29,6,0.477326968973747,0.5465393794749404,0.06921241050119331
20200929_trump_biden,847,3,BIDEN,380,418,This guy paid a total of $750 in taxes,,['quantitative precise'],['behavioral attribution'],"['economy', 'personal life']",419,75,38,9,0.9069212410501193,0.9976133651551312,0.09069212410501193
20200929_trump_biden,850,0,BIDEN,85,302,"he's going to be the first president of the United States to leave office, having fewer jobs in his administration than when he became president. Fewer jobs than when he became president. First one in American history",,"['forecast', 'trend/change', 'ranking']",['behavioral attribution'],"['economy', 'domestic politics']",303,58,217,37,0.28052805280528054,0.9966996699669967,0.7161716171617162
20200929_trump_biden,851,0,BIDEN,10,95,the people who have lost their jobs are those people who have been on the front lines,,['non-quantitative fact'],[],['health/medicine'],763,150,85,17,0.01310615989515072,0.12450851900393185,0.11140235910878113
20200929_trump_biden,851,1,BIDEN,358,483,almost half the states in America with a significant increase in COVID deaths and COVID cases in the United States of America,,"['quantitative approximate', 'trend/change']",[],['health/medicine'],763,150,125,22,0.4692005242463958,0.6330275229357798,0.16382699868938402
20200929_trump_biden,851,2,BIDEN,489,516,he wants to open it up more,,['non-quantitative fact'],['stance'],[],763,150,27,7,0.6408912188728703,0.6762778505897772,0.035386631716906945
20200929_trump_biden,851,3,BIDEN,525,546,he want to open it up,,['non-quantitative fact'],['stance'],[],763,150,21,6,0.6880733944954128,0.7155963302752294,0.027522935779816515
20200929_trump_biden,852,0,BIDEN,42,85,it costs a lot of money to open them safely,,['quantitative vague'],[],[],489,88,43,10,0.08588957055214724,0.1738241308793456,0.08793456032719836
20200929_trump_biden,852,1,BIDEN,87,291,"They were going to give, his Administration going to give the teachers and school students masks, and then they decided no, couldn't do that because it's not a national emergency. Not a national emergency",,['non-quantitative fact'],['behavioral attribution'],"['health/medicine', 'education']",489,88,204,34,0.17791411042944785,0.5950920245398773,0.4171779141104294
20200929_trump_biden,852,2,BIDEN,293,347,They've done nothing to help small businesses. Nothing,,['non-quantitative fact'],['behavioral attribution'],['economy'],489,88,54,8,0.5991820040899796,0.7096114519427403,0.11042944785276074
20200929_trump_biden,852,3,BIDEN,366,388,One in six is now gone,,['quantitative precise'],[],[],489,88,22,6,0.7484662576687117,0.7934560327198364,0.044989775051124746
20200929_trump_biden,859,0,TRUMP,0,38,I'm the one that brought back football,,['non-quantitative fact'],['behavioral attribution'],[],123,26,38,7,0.0,0.3089430894308943,0.3089430894308943
20200929_trump_biden,859,1,TRUMP,52,83,I brought back Big Ten football,,['non-quantitative fact'],['behavioral attribution'],[],123,26,31,6,0.42276422764227645,0.6747967479674797,0.25203252032520324
20200929_trump_biden,861,0,TRUMP,0,70,"I paid millions of dollars in taxes, millions of dollars of income tax",,['quantitative approximate'],['behavioral attribution'],"['economy', 'personal life']",147,30,70,13,0.0,0.47619047619047616,0.47619047619047616
20200929_trump_biden,863,0,TRUMP,0,27,I paid $38 million one year,,['quantitative precise'],['behavioral attribution'],['personal life'],57,12,27,6,0.0,0.47368421052631576,0.47368421052631576
20200929_trump_biden,863,1,TRUMP,29,56,I paid $27 million one year,,['quantitative precise'],['behavioral attribution'],['personal life'],57,12,27,6,0.5087719298245614,0.9824561403508771,0.47368421052631576
20200929_trump_biden,865,0,TRUMP,113,189,"There's 118 page or so report that says everything I have, every bank I have",,['quantitative approximate'],['epistemic'],['personal life'],286,54,76,15,0.3951048951048951,0.6608391608391608,0.26573426573426573
20200929_trump_biden,875,0,TRUMP,270,361,He passed a tax bill that gave us all these privileges for depreciation and for tax credits,,['non-quantitative fact'],['behavioral attribution'],[],596,111,91,17,0.45302013422818793,0.6057046979865772,0.15268456375838926
20200929_trump_biden,875,1,TRUMP,448,509,"Which by the way, was given to me by the Obama Administration",,['non-quantitative fact'],['behavioral attribution'],['domestic politics'],596,111,61,12,0.7516778523489933,0.8540268456375839,0.10234899328859061
20200929_trump_biden,876,0,BIDEN,34,154,the tax code that put him in a position that he pays less tax than on the money a school teacher makes is because of him,,['comparison'],['behavioral attribution'],"['economy', 'education', 'personal life']",364,73,120,26,0.09340659340659341,0.4230769230769231,0.32967032967032966
20200929_trump_biden,876,1,BIDEN,228,266,he does take advantage of the tax code,,['non-quantitative fact'],['behavioral attribution'],"['economy', 'personal life']",364,73,38,8,0.6263736263736264,0.7307692307692307,0.1043956043956044
20200929_trump_biden,883,0,TRUMP,0,18,You were a Senator,,['non-quantitative fact'],[],['domestic politics'],35,6,18,4,0.0,0.5142857142857142,0.5142857142857142
20200929_trump_biden,888,0,BIDEN,90,162,my economic plan would create 7 million more jobs than his in four years,,"['forecast', 'comparison', 'temporal reference', 'trend/change']",['stance'],[],511,94,72,14,0.1761252446183953,0.31702544031311153,0.14090019569471623
20200929_trump_biden,888,1,BIDEN,192,252,it would create an additional $1 trillion in economic growth,,"['quantitative precise', 'forecast', 'trend/change']",[],['economy'],511,94,60,10,0.37573385518590996,0.4931506849315068,0.11741682974559686
20200929_trump_biden,888,2,BIDEN,297,395,"The federal government spends $600 billion a year on everything from ships, to steel, to buildings",,['quantitative precise'],[],['economy'],511,94,98,16,0.5812133072407045,0.7729941291585127,0.1917808219178082
20200929_trump_biden,889,0,BIDEN,70,109,I'm going to make the corporate tax 28%,,['quantitative precise'],['stance'],['economy'],251,47,39,8,0.2788844621513944,0.4342629482071713,0.1553784860557769
20200929_trump_biden,889,1,BIDEN,141,250,"91 companies federal, I mean, the fortune 500, who don't pay a single penny in tax making billions of dollars",,['quantitative precise'],['behavioral attribution'],['economy'],251,47,109,20,0.5617529880478087,0.9960159362549801,0.4342629482071713
20200929_trump_biden,891,0,BIDEN,8,59,"you in fact passed that, that was your tax proposal",,['non-quantitative fact'],"['behavioral attribution', 'stance']",['economy'],60,11,51,10,0.13333333333333333,0.9833333333333333,0.85
20200929_trump_biden,899,0,TRUMP,0,78,They had the slowest economic recovery since 1929. It was the slowest recovery,,"['temporal reference', 'ranking']",[],['economy'],723,134,78,13,0.0,0.1078838174273859,0.1078838174273859
20200929_trump_biden,899,1,TRUMP,198,247,they had the slowest economic recovery since 1929,,"['temporal reference', 'ranking']",[],['economy'],723,134,49,8,0.27385892116182575,0.34163208852005533,0.0677731673582296
20200929_trump_biden,899,2,TRUMP,293,360,"When the stock market goes up, that means jobs. It also means 401ks",,"['non-quantitative fact', 'causation']",[],['economy'],723,134,67,13,0.40525587828492393,0.4979253112033195,0.09266943291839558
20200929_trump_biden,899,3,TRUMP,423,453,you want to terminate my taxes,,['non-quantitative fact'],['stance'],['economy'],723,134,30,6,0.5850622406639004,0.6265560165975104,0.04149377593360996
20200929_trump_biden,901,0,BIDEN,4,79,"we inherited the worst recession, short of a depression in American history",,['ranking'],[],['economy'],241,44,75,12,0.016597510373443983,0.3278008298755187,0.3112033195020747
20200929_trump_biden,901,1,BIDEN,111,174,We were able to have an economic recovery that created the jobs,,['non-quantitative fact'],['behavioral attribution'],['economy'],241,44,63,12,0.4605809128630705,0.7219917012448133,0.26141078838174275
20200929_trump_biden,904,0,TRUMP,19,57,It was the weakest recovery since 1929,,"['temporal reference', 'ranking']",[],[],58,11,38,7,0.3275862068965517,0.9827586206896551,0.6551724137931034
20200929_trump_biden,906,0,BIDEN,27,106,"even before COVID, manufacturing went in the hole. Manufacturing went in a hole",,"['non-quantitative fact', 'temporal reference']",[],['economy'],107,18,79,13,0.2523364485981308,0.9906542056074766,0.7383177570093458
20200929_trump_biden,915,0,TRUMP,43,70,"I brought back 700,000 jobs",,['quantitative precise'],['behavioral attribution'],['economy'],129,21,27,5,0.3333333333333333,0.5426356589147286,0.20930232558139536
20200929_trump_biden,915,1,TRUMP,72,97,They brought back nothing,,['non-quantitative fact'],['behavioral attribution'],[],129,21,25,4,0.5581395348837209,0.751937984496124,0.1937984496124031
20200929_trump_biden,915,2,TRUMP,99,128,They gave up on manufacturing,,['non-quantitative fact'],['behavioral attribution'],['economy'],129,21,29,5,0.7674418604651163,0.9922480620155039,0.2248062015503876
20200929_trump_biden,918,0,BIDEN,0,53,I'm the guy that brought back the automobile industry,,['non-quantitative fact'],['behavioral attribution'],"['economy', 'automobiles']",54,9,53,9,0.0,0.9814814814814815,0.9814814814814815
20200929_trump_biden,919,0,TRUMP,0,35,He totally gave up on manufacturing,,['non-quantitative fact'],['behavioral attribution'],['economy'],36,6,35,6,0.0,0.9722222222222222,0.9722222222222222
20200929_trump_biden,920,0,BIDEN,55,120,He brought them back right here in the state of Ohio and Michigan,,['non-quantitative fact'],['behavioral attribution'],[],186,36,65,13,0.2956989247311828,0.6451612903225806,0.34946236559139787
20200929_trump_biden,923,0,TRUMP,0,83,"Many car companies came in from Germany, from Japan, went to Michigan, went to Ohio",,['quantitative vague'],[],"['economy', 'automobiles']",130,23,83,15,0.0,0.6384615384615384,0.6384615384615384
20200929_trump_biden,924,0,BIDEN,224,282,We have a higher deficit with China now than we did before,,['trend/change'],[],"['economy', 'international relations']",318,62,58,12,0.7044025157232704,0.8867924528301887,0.18238993710691823
20200929_trump_biden,927,0,TRUMP,70,146,he takes out billions of dollars. He takes out billions of dollars to manage,,['non-quantitative fact'],['behavioral attribution'],['personal life'],314,60,76,14,0.2229299363057325,0.46496815286624205,0.24203821656050956
20200929_trump_biden,927,1,TRUMP,148,176,He makes millions of dollars,,['non-quantitative fact'],[],['personal life'],314,60,28,5,0.4713375796178344,0.5605095541401274,0.08917197452229299
20200929_trump_biden,933,0,TRUMP,11,49,he didn't get three and a half million,,['quantitative precise'],['behavioral attribution'],['personal life'],50,10,38,8,0.22,0.98,0.76
20200929_trump_biden,936,0,TRUMP,11,57,he didn't get three and a half million dollars,,['quantitative precise'],['behavioral attribution'],['personal life'],63,12,46,9,0.1746031746031746,0.9047619047619048,0.7301587301587301
20200929_trump_biden,938,0,TRUMP,0,39,He got three and a half million dollars,,['quantitative precise'],['behavioral attribution'],['personal life'],40,8,39,8,0.0,0.975,0.975
20200929_trump_biden,944,0,BIDEN,0,29,It's been totally discredited,,['non-quantitative fact'],['epistemic'],[],30,4,29,4,0.0,0.9666666666666667,0.9666666666666667
20200929_trump_biden,945,0,TRUMP,4,70,"Burisma pay him 183 thousand a month, with no experience in energy",,['quantitative precise'],['behavioral attribution'],['personal life'],71,13,66,12,0.056338028169014086,0.9859154929577465,0.9295774647887324
20200929_trump_biden,949,0,BIDEN,69,121,His position has been totally thoroughly discredited,,['non-quantitative fact'],['epistemic'],[],126,23,52,7,0.5476190476190477,0.9603174603174603,0.4126984126984127
20200929_trump_biden,961,0,TRUMP,0,51,He got three and a half million dollars from Moscow,,['quantitative precise'],[],['personal life'],52,10,51,10,0.0,0.9807692307692307,0.9807692307692307
20200929_trump_biden,976,0,TRUMP,8,55,he deserve three and a half million from Moscow,,['quantitative precise'],[],['personal life'],56,11,47,9,0.14285714285714285,0.9821428571428571,0.8392857142857143
20200929_trump_biden,979,0,TRUMP,0,70,My family lost a fortune by coming down and helping us with government,,['quantitative vague'],['behavioral attribution'],"['domestic politics', 'personal life']",71,13,70,13,0.0,0.9859154929577465,0.9859154929577465
20200929_trump_biden,981,0,TRUMP,0,85,Every single one of them lost a fortune by coming down and helping us with government,,['quantitative vague'],[],['domestic politics'],86,16,85,16,0.0,0.9883720930232558,0.9883720930232558
20200929_trump_biden,983,0,TRUMP,4,55,he got three and a half million dollars for nothing,,['quantitative precise'],['behavioral attribution'],['personal life'],56,11,51,10,0.07142857142857142,0.9821428571428571,0.9107142857142857
20200929_trump_biden,998,0,BIDEN,550,574,A young woman got killed,,['non-quantitative fact'],[],['crime'],733,125,24,5,0.7503410641200545,0.7830832196452933,0.03274215552523874
20200929_trump_biden,998,1,BIDEN,580,675,"they asked the president what he thought. He said, ""There were very fine people on both sides.""",,['non-quantitative fact'],['speech attribution'],[],733,125,95,17,0.791268758526603,0.9208731241473397,0.1296043656207367
20200929_trump_biden,1000,0,BIDEN,193,286,had the military use tear gas on them so he could walk across to a church and hold up a Bible,,['non-quantitative fact'],[],"['defense/military', 'religion']",1153,220,93,21,0.1673894189071986,0.24804856895056374,0.08065915004336513
20200929_trump_biden,1000,1,BIDEN,323,381,The Bishop of that very church said that it was a disgrace,,['non-quantitative fact'],['speech attribution'],['religion'],1153,220,58,12,0.28013876843018215,0.3304423243712056,0.05030355594102342
20200929_trump_biden,1000,2,BIDEN,383,485,"The general who was with him said ""All he ever wants to do is divide people, not unite people at all.""",,['non-quantitative fact'],['speech attribution'],[],1153,220,102,21,0.33217692974848223,0.4206418039895924,0.08846487424111014
20200929_trump_biden,1000,3,BIDEN,506,598,"who has used everything as a dog whistle, to try to generate racists hatred, racist division",,['non-quantitative fact'],['behavioral attribution'],['ethnicity/race'],1153,220,92,16,0.4388551604509974,0.5186470078057241,0.0797918473547268
20200929_trump_biden,1000,4,BIDEN,670,742,one in 1000 African Americans has been killed because of the coronavirus,,['quantitative precise'],[],"['health/medicine', 'ethnicity/race']",1153,220,72,12,0.5810928013876843,0.6435385949696444,0.062445793581960105
20200929_trump_biden,1000,5,BIDEN,784,870,"by the end of the year, one in 500 will have been killed. One in 500 African Americans",,"['quantitative precise', 'forecast']",[],['ethnicity/race'],1153,220,86,18,0.6799653078924545,0.7545533391153513,0.0745880312228968
20200929_trump_biden,1002,0,TRUMP,0,65,"You did a crime bill, 1994, where you called them super-predators",,"['non-quantitative fact', 'temporal reference']","['speech attribution', 'behavioral attribution']",['crime'],164,23,65,11,0.0,0.39634146341463417,0.39634146341463417
20200929_trump_biden,1004,0,TRUMP,386,415,You call them super-predators,,['non-quantitative fact'],['speech attribution'],[],1978,364,29,4,0.19514661274014156,0.20980788675429726,0.014661274014155713
20200929_trump_biden,1004,1,TRUMP,632,829,"we just got the support of 200--250 military leaders and generals, total support. Law enforcement, almost every law enforcement group in the United States. I have Florida. I have Texas. I have Ohio",,['non-quantitative fact'],['stance'],"['defense/military', 'justice']",1978,364,197,33,0.3195146612740142,0.4191102123356926,0.09959555106167846
20200929_trump_biden,1004,2,TRUMP,868,941,"the sheriff just came out today and he said, ""I support President Trump.""",,['non-quantitative fact'],"['speech attribution', 'stance']",[],1978,364,73,13,0.43882709807886755,0.4757330637007078,0.036905965621840245
20200929_trump_biden,1004,3,TRUMP,1335,1372,they're run by radical left Democrats,,['non-quantitative fact'],[],['domestic politics'],1978,364,37,6,0.6749241658240647,0.6936299292214358,0.01870576339737108
20200929_trump_biden,1004,4,TRUMP,1636,1739,"The top 10 cities and just about the top 40 cities are run by Democrats, and in many cases radical left",,['ranking'],[],['domestic politics'],1978,364,103,21,0.8270980788675429,0.8791708796764408,0.052072800808897875
20200929_trump_biden,1005,0,BIDEN,15,138,"There's systemic injustice in this country, in education and work and in law enforcement and the way in which it's enforced",,['non-quantitative fact'],[],"['education', 'ethnicity/race', 'justice']",1161,208,123,21,0.012919896640826873,0.11886304909560723,0.10594315245478036
20200929_trump_biden,1007,0,TRUMP,8,64,burn down your stores and kill people all over the place,,['non-quantitative fact'],[],['crime'],78,14,56,11,0.10256410256410256,0.8205128205128205,0.717948717948718
20200929_trump_biden,1013,0,TRUMP,239,284,they were teaching people to hate our country,,['non-quantitative fact'],['behavioral attribution'],['education'],588,115,45,8,0.4064625850340136,0.48299319727891155,0.07653061224489796
20200929_trump_biden,1013,1,TRUMP,410,544,They were teaching people that our country is a horrible place. It's a racist place. And they were teaching people to hate our country,,['non-quantitative fact'],['behavioral attribution'],"['education', 'ethnicity/race']",588,115,134,24,0.6972789115646258,0.9251700680272109,0.22789115646258504
20200929_trump_biden,1020,0,TRUMP,278,297,it was more violent,,['comparison'],[],['crime'],328,56,19,4,0.8475609756097561,0.9054878048780488,0.057926829268292686
20200929_trump_biden,1036,0,BIDEN,31,99,"violent crime went down 17 percent, 15 percent in our Administration",,"['quantitative approximate', 'temporal reference', 'trend/change']",[],"['domestic politics', 'crime']",127,24,68,11,0.2440944881889764,0.7795275590551181,0.5354330708661418
20200929_trump_biden,1036,1,BIDEN,101,126,It's gone up on his watch,,['trend/change'],[],[],127,24,25,6,0.7952755905511811,0.9921259842519685,0.1968503937007874
20200929_trump_biden,1038,0,TRUMP,0,52,The places we had trouble were Democratic-run cities,,['non-quantitative fact'],[],"['domestic politics', 'crime']",57,10,52,8,0.0,0.9122807017543859,0.9122807017543859
20200929_trump_biden,1039,0,TRUMP,132,166,53 people were shot and eight died,,['quantitative precise'],[],['crime'],347,71,34,7,0.3804034582132565,0.4783861671469741,0.09798270893371758
20200929_trump_biden,1039,1,TRUMP,198,217,where it's going up,,['trend/change'],[],[],347,71,19,4,0.5706051873198847,0.6253602305475504,0.05475504322766571
20200929_trump_biden,1039,2,TRUMP,253,301,"The numbers are going up a 100, 150, 200 percent",,['quantitative approximate'],[],[],347,71,48,10,0.729106628242075,0.8674351585014409,0.138328530259366
20200929_trump_biden,1046,0,BIDEN,394,422,They're dying in the suburbs,,['non-quantitative fact'],[],[],588,105,28,5,0.6700680272108843,0.717687074829932,0.047619047619047616
20200929_trump_biden,1046,1,BIDEN,466,487,they're being flooded,,['non-quantitative fact'],[],['environment'],588,105,21,3,0.7925170068027211,0.8282312925170068,0.03571428571428571
20200929_trump_biden,1046,2,BIDEN,489,513,they're being burned out,,['non-quantitative fact'],[],['environment'],588,105,24,4,0.8316326530612245,0.8724489795918368,0.04081632653061224
20200929_trump_biden,1048,0,BIDEN,99,150,I'm totally opposed to defunding the police offices,,['non-quantitative fact'],['stance'],['justice'],716,135,51,8,0.138268156424581,0.20949720670391062,0.0712290502793296
20200929_trump_biden,1048,1,BIDEN,221,296,his budget calls for a $400 million cut in local law enforcement assistance,,['quantitative precise'],['stance'],['justice'],716,135,75,13,0.308659217877095,0.4134078212290503,0.10474860335195531
20200929_trump_biden,1048,2,BIDEN,617,675,"That's when crime went down, it didn't go up. It went down",,"['trend/change', 'causation']",[],['crime'],716,135,58,12,0.861731843575419,0.9427374301675978,0.08100558659217877
20200929_trump_biden,1051,0,TRUMP,0,31,He doesn't have any law support,,['non-quantitative fact'],['stance'],"['domestic politics', 'justice']",67,12,31,6,0.0,0.4626865671641791,0.4626865671641791
20200929_trump_biden,1051,1,TRUMP,33,66,He has no law enforcement support,,['non-quantitative fact'],['stance'],"['domestic politics', 'justice']",67,12,33,6,0.4925373134328358,0.9850746268656716,0.4925373134328358
20200929_trump_biden,1063,0,TRUMP,0,25,I sent in the US Marshals,,['non-quantitative fact'],['behavioral attribution'],['defense/military'],30,8,25,6,0.0,0.8333333333333334,0.8333333333333334
20200929_trump_biden,1065,0,TRUMP,85,127,For three days Portland didn't do anything,,['non-quantitative fact'],['behavioral attribution'],[],128,27,42,7,0.6640625,0.9921875,0.328125
20200929_trump_biden,1066,0,TRUMP,0,25,I sent in the US Marshals,,['non-quantitative fact'],['behavioral attribution'],['defense/military'],53,11,25,6,0.0,0.4716981132075472,0.4716981132075472
20200929_trump_biden,1067,0,BIDEN,15,105,"his own former spokesperson said, you know, ""Riots and chaos and violence help his cause.""",,['non-quantitative fact'],['speech attribution'],['crime'],136,25,90,15,0.11029411764705882,0.7720588235294118,0.6617647058823529
20200929_trump_biden,1092,0,BIDEN,0,37,Antifa is an idea not an organization,,['non-quantitative fact'],[],[],42,9,37,7,0.0,0.8809523809523809,0.8809523809523809
20200929_trump_biden,1100,0,TRUMP,15,50,Antifa is a dangerous radical group,,['non-quantitative fact'],[],[],51,9,35,6,0.29411764705882354,0.9803921568627451,0.6862745098039216
20200929_trump_biden,1102,0,TRUMP,150,170,the impeachment hoax,,['non-quantitative fact'],['conspiracy'],['domestic politics'],2049,377,20,3,0.07320644216691069,0.08296730112249878,0.009760858955588092
20200929_trump_biden,1102,1,TRUMP,231,257,it was a whole big con job,,['non-quantitative fact'],['conspiracy'],[],2049,377,26,7,0.11273792093704246,0.12542703757930698,0.01268911664226452
20200929_trump_biden,1102,2,TRUMP,499,534,lowest employ--unemployment numbers,,['ranking'],[],['economy'],2049,377,35,3,0.2435334309419229,0.26061493411420206,0.01708150317227916
20200929_trump_biden,1102,3,TRUMP,941,1029,Three hundred and eight thousand people died because they didn't have proper health care,,"['quantitative precise', 'causation']",[],['health/medicine'],2049,377,88,14,0.4592484138604197,0.5021961932650073,0.042947779404587605
20200929_trump_biden,1102,4,TRUMP,1050,1092,we now got a 91% approval rating at the VA,,['quantitative precise'],['stance'],['defense/military'],2049,377,42,10,0.5124450951683748,0.5329428989751098,0.020497803806734993
20200929_trump_biden,1102,5,TRUMP,1267,1430,"By the end of the first term, I'll have approximately 300 Federal judges and Court of Appeals judges, 300, and hopefully three great Supreme Court judges, justices",,"['quantitative approximate', 'forecast', 'temporal reference']",[],"['domestic politics', 'justice']",2049,377,163,27,0.6183504148365057,0.6979014153245485,0.07955100048804295
20200929_trump_biden,1102,6,TRUMP,1556,1606,President Obama and him left me 128 judges to fill,,['quantitative precise'],['behavioral attribution'],"['domestic politics', 'justice']",2049,377,50,10,0.7593948267447536,0.7837969741337237,0.02440214738897023
20200929_trump_biden,1102,7,TRUMP,1608,1657,"When you leave office, you don't leave any judges",,['non-quantitative fact'],[],"['domestic politics', 'justice']",2049,377,49,9,0.7847730600292826,0.8086871644704734,0.023914104441190825
20200929_trump_biden,1102,8,TRUMP,1696,1718,They left 128 openings,,['quantitative precise'],['behavioral attribution'],[],2049,377,22,4,0.8277208394338702,0.838457784285017,0.010736944851146901
20200929_trump_biden,1102,9,TRUMP,1998,2033,"By the end of this term, 300 judges",,"['quantitative precise', 'forecast', 'temporal reference']",[],"['domestic politics', 'justice']",2049,377,35,8,0.9751098096632503,0.9921913128355295,0.01708150317227916
20200929_trump_biden,1102,10,TRUMP,2035,2048,It's a record,,['ranking'],[],[],2049,377,13,3,0.9931673987310884,0.9995119570522206,0.00634455832113226
20200929_trump_biden,1103,0,BIDEN,87,138,"When I was Vice-President, we inherited a recession",,"['non-quantitative fact', 'temporal reference']",[],"['economy', 'domestic politics']",495,92,51,8,0.17575757575757575,0.2787878787878788,0.10303030303030303
20200929_trump_biden,1103,1,BIDEN,170,199,We left him a booming economy,,['non-quantitative fact'],['behavioral attribution'],['economy'],495,92,29,6,0.3434343434343434,0.402020202020202,0.05858585858585859
20200929_trump_biden,1103,2,BIDEN,205,228,he caused the recession,,"['non-quantitative fact', 'causation']",['behavioral attribution'],['economy'],495,92,23,4,0.41414141414141414,0.46060606060606063,0.046464646464646465
20200929_trump_biden,1103,3,BIDEN,397,494,He still refuses to even say anything to Putin about the bounty on the heads of American soldiers,,['non-quantitative fact'],[],"['international relations', 'war/conflict']",495,92,97,18,0.802020202020202,0.997979797979798,0.19595959595959597
20200929_trump_biden,1104,0,TRUMP,0,44,You son got three and a half million dollars,,['quantitative precise'],['behavioral attribution'],['personal life'],45,9,44,9,0.0,0.9777777777777777,0.9777777777777777
20200929_trump_biden,1110,0,BIDEN,24,148,The billionaires have gotten much more wealthy by a tune of over three to four hundred billion dollars more just since COVID,,"['quantitative approximate', 'trend/change']",[],"['economy', 'health/medicine']",825,156,124,22,0.02909090909090909,0.17939393939393938,0.1503030303030303
20200929_trump_biden,1110,1,BIDEN,258,340,When we were in office there were 15% less violence in America than there is today,,"['comparison', 'temporal reference']",[],['crime'],825,156,82,16,0.31272727272727274,0.4121212121212121,0.0993939393939394
20200929_trump_biden,1110,2,BIDEN,628,646,My son was in Iraq,,['non-quantitative fact'],['behavioral attribution'],['war/conflict'],825,156,18,5,0.7612121212121212,0.7830303030303031,0.02181818181818182
20200929_trump_biden,1110,3,BIDEN,648,669,He spent a year there,,['quantitative precise'],[],[],825,156,21,5,0.7854545454545454,0.8109090909090909,0.025454545454545455
20200929_trump_biden,1110,4,BIDEN,679,701,he got the Bronze Star,,['non-quantitative fact'],['behavioral attribution'],"['defense/military', 'war/conflict']",825,156,22,5,0.823030303030303,0.8496969696969697,0.02666666666666667
20200929_trump_biden,1110,5,BIDEN,703,739,He got the Conspicuous Service Medal,,['non-quantitative fact'],['behavioral attribution'],"['defense/military', 'war/conflict']",825,156,36,6,0.8521212121212122,0.8957575757575758,0.04363636363636364
20200929_trump_biden,1115,0,TRUMP,34,114,Hunter got thrown out of the military. He was thrown out dishonorably discharged,,['non-quantitative fact'],[],"['defense/military', 'personal life']",119,22,80,13,0.2857142857142857,0.957983193277311,0.6722689075630253
20200929_trump_biden,1116,0,BIDEN,16,49,he wasn't dishonorably discharged,,['non-quantitative fact'],[],['defense/military'],50,7,33,4,0.32,0.98,0.66
20200929_trump_biden,1117,0,TRUMP,26,78,he didn't have a job until you became Vice-President,,['non-quantitative fact'],[],['personal life'],110,19,52,9,0.23636363636363636,0.7090909090909091,0.4727272727272727
20200929_trump_biden,1119,0,TRUMP,6,80,"he made a fortune in Ukraine, in China, in Moscow and various other places",,['quantitative vague'],['behavioral attribution'],[],81,17,74,14,0.07407407407407407,0.9876543209876543,0.9135802469135802
20200929_trump_biden,1125,0,TRUMP,8,48,was he given tens of millions of dollars,,['quantitative precise'],['behavioral attribution'],[],49,10,40,8,0.16326530612244897,0.9795918367346939,0.8163265306122449
20200929_trump_biden,1126,0,BIDEN,0,43,He wasn't given tens of millions of dollars,,['quantitative precise'],['behavioral attribution'],[],56,9,43,8,0.0,0.7678571428571429,0.7678571428571429
20200929_trump_biden,1127,0,TRUMP,0,40,He was given tens of millions of dollars,,['quantitative precise'],['behavioral attribution'],[],41,8,40,8,0.0,0.975609756097561,0.975609756097561
20200929_trump_biden,1128,0,BIDEN,0,28,That was totally discredited,,['non-quantitative fact'],['epistemic'],[],29,4,28,4,0.0,0.9655172413793104,0.9655172413793104
20200929_trump_biden,1132,0,TRUMP,16,87,somebody gets three and a half million dollars from the Mayor of Moscow,,['quantitative precise'],['behavioral attribution'],['personal life'],88,17,71,13,0.18181818181818182,0.9886363636363636,0.8068181818181818
20200929_trump_biden,1133,0,BIDEN,18,52,That report is totally discredited,,['non-quantitative fact'],['epistemic'],[],53,9,34,5,0.33962264150943394,0.9811320754716981,0.6415094339622641
20200929_trump_biden,1135,0,BIDEN,0,67,Mitt Romney on that committee said it wasn't worth taxpayer's money,,['non-quantitative fact'],['speech attribution'],"['domestic politics', 'justice']",114,18,67,11,0.0,0.5877192982456141,0.5877192982456141
20200929_trump_biden,1135,1,BIDEN,69,113,That report was written for political reason,,['non-quantitative fact'],['conspiracy'],['domestic politics'],114,18,44,7,0.6052631578947368,0.9912280701754386,0.38596491228070173
20200929_trump_biden,1137,0,TRUMP,64,93,We have now the lowest carbon,,['ranking'],[],['environment'],735,129,29,6,0.08707482993197278,0.12653061224489795,0.03945578231292517
20200929_trump_biden,1137,1,TRUMP,509,563,"the forest floors are loaded up with trees, dead trees",,['non-quantitative fact'],[],['environment'],735,129,54,10,0.6925170068027211,0.7659863945578231,0.07346938775510205
20200929_trump_biden,1138,0,TRUMP,140,196,we're planting a billion trees--the Billion Tree Project,,['quantitative precise'],['behavioral attribution'],['environment'],241,42,56,8,0.5809128630705395,0.8132780082987552,0.23236514522821577
20200929_trump_biden,1139,0,TRUMP,222,346,"If that was cleaned, if that were, if you had forest management, good forest management, you wouldn't be getting those calls",,['non-quantitative fact'],[],['environment'],864,157,124,21,0.2569444444444444,0.40046296296296297,0.14351851851851852
20200929_trump_biden,1139,1,TRUMP,782,862,every year have hundreds of thousands of acres of land just burned to the ground,,['quantitative approximate'],[],['environment'],864,157,80,15,0.9050925925925926,0.9976851851851852,0.09259259259259259
20200929_trump_biden,1142,0,TRUMP,45,75,the car is much less expensive,,"['quantitative vague', 'comparison']",[],['automobiles'],413,81,30,6,0.1089588377723971,0.18159806295399517,0.07263922518159806
20200929_trump_biden,1142,1,TRUMP,81,102,it's a much safer car,,"['quantitative vague', 'comparison']",[],['automobiles'],413,81,21,5,0.19612590799031476,0.2469733656174334,0.05084745762711865
20200929_trump_biden,1142,2,TRUMP,175,276,because of the cost of the car you would have at least double and triple the number of cars purchased,,"['quantitative approximate', 'forecast', 'trend/change', 'causation']",[],['automobiles'],413,81,101,20,0.423728813559322,0.6682808716707022,0.24455205811138014
20200929_trump_biden,1142,3,TRUMP,378,412,"It would be much cheaper by $3,500",,"['quantitative precise', 'forecast', 'comparison']",[],[],413,81,34,7,0.9152542372881356,0.9975786924939467,0.08232445520581114
20200929_trump_biden,1143,0,TRUMP,210,324,The car has gotten so expensive because they have computers all over the place for an extra little bit of gasoline,,['causation'],[],"['technology', 'automobiles']",325,66,114,21,0.6461538461538462,0.9969230769230769,0.3507692307692308
20200929_trump_biden,1144,0,TRUMP,72,115,I've given big incentives for electric cars,,['non-quantitative fact'],['behavioral attribution'],"['environment', 'automobiles']",166,30,43,7,0.43373493975903615,0.6927710843373494,0.25903614457831325
20200929_trump_biden,1145,0,BIDEN,65,238,"during our Administration in the Recovery Act, I was able, was in charge, able to bring down the cost of renewable energy to cheaper than or as cheap as coal and gas and oil",,"['comparison', 'trend/change']",['behavioral attribution'],"['energy', 'environment', 'domestic politics']",2062,373,173,34,0.03152279340446169,0.11542192046556742,0.08389912706110572
20200929_trump_biden,1145,1,BIDEN,1073,1135,"We can get to net zero, in terms of energy production, by 2035",,"['forecast', 'temporal reference']",[],['environment'],2062,373,62,13,0.520368574199806,0.5504364694471388,0.030067895247332686
20200929_trump_biden,1145,2,BIDEN,1137,1223,"Not only not costing people jobs, creating jobs. Creating millions of good-paying jobs",,['quantitative approximate'],[],['economy'],2062,373,86,13,0.5514064015518914,0.593113482056256,0.041707080504364696
20200929_trump_biden,1145,3,BIDEN,1573,1641,"the rainforests of Brazil are being torn down, are being ripped down",,['non-quantitative fact'],[],['environment'],2062,373,68,12,0.7628516003879728,0.7958292919495635,0.03297769156159069
20200929_trump_biden,1145,4,BIDEN,1649,1752,more carbon is absorbed in that rainforest than every bit of carbon that's emitted in the United States,,['comparison'],[],['environment'],2062,373,103,18,0.7997090203685742,0.8496605237633366,0.04995150339476237
20200929_trump_biden,1146,0,BIDEN,138,203,you can now emit more methane without it being a problem. Methane,,['non-quantitative fact'],[],['environment'],358,71,65,12,0.3854748603351955,0.5670391061452514,0.18156424581005587
20200929_trump_biden,1146,1,BIDEN,219,304,who says that you don't have to have mileage standards for automobiles that exist now,,['non-quantitative fact'],['speech attribution'],['automobiles'],358,71,85,15,0.611731843575419,0.8491620111731844,0.23743016759776536
20200929_trump_biden,1149,0,TRUMP,43,75,it's not 2 billion or 20 billion,,['quantitative precise'],[],[],116,22,32,7,0.3706896551724138,0.646551724137931,0.27586206896551724
20200929_trump_biden,1149,1,TRUMP,90,115,It's 100 trillion dollars,,['quantitative precise'],[],[],116,22,25,4,0.7758620689655172,0.9913793103448276,0.21551724137931033
20200929_trump_biden,1164,0,TRUMP,0,64,That's more money than our country could make in a hundred years,,"['comparison', 'temporal reference']",[],['economy'],80,17,64,12,0.0,0.8,0.8
20200929_trump_biden,1167,0,BIDEN,23,74,it's going to create thousands and millions of jobs,,"['quantitative approximate', 'causation']",[],['economy'],93,17,51,9,0.24731182795698925,0.7956989247311828,0.5483870967741935
20200929_trump_biden,1171,0,BIDEN,13,62,it's going to create millions of good-paying jobs,,"['quantitative approximate', 'forecast']",[],['economy'],407,78,49,8,0.03194103194103194,0.15233415233415235,0.12039312039312039
20200929_trump_biden,1171,1,BIDEN,68,159,"these tax incentives to people, for people to weatherize, which he wants to get, get rid of",,['non-quantitative fact'],['stance'],"['economy', 'environment']",407,78,91,17,0.16707616707616707,0.3906633906633907,0.22358722358722358
20200929_trump_biden,1171,2,BIDEN,330,406,"He said, maybe we should drop a nuclear weapon on them, and they may go away",,['non-quantitative fact'],['speech attribution'],"['environment', 'nuclear armament']",407,78,76,16,0.8108108108108109,0.9975429975429976,0.18673218673218672
20200929_trump_biden,1177,0,BIDEN,153,242,"We spend billions of dollars now, billions of dollars, on floods, hurricanes, rising seas",,['non-quantitative fact'],[],['environment'],636,119,89,14,0.24056603773584906,0.3805031446540881,0.139937106918239
20200929_trump_biden,1177,1,BIDEN,313,393,these storms that come through and wipe out entire sections and counties in Iowa,,['non-quantitative fact'],[],['environment'],636,119,80,14,0.4921383647798742,0.6179245283018868,0.12578616352201258
20200929_trump_biden,1177,2,BIDEN,395,420,They didn't happen before,,['trend/change'],[],[],636,119,25,4,0.6210691823899371,0.660377358490566,0.03930817610062893
20200929_trump_biden,1177,3,BIDEN,422,455,They're because of global warming,,['causation'],[],['environment'],636,119,33,5,0.6635220125786163,0.7154088050314465,0.05188679245283019
20200929_trump_biden,1177,4,BIDEN,457,494,We make up 15% of the world's problem,,['quantitative precise'],[],[],636,119,37,8,0.7185534591194969,0.7767295597484277,0.05817610062893082
20200929_trump_biden,1180,0,TRUMP,32,94,China sends up real dirt into the air. Russia does. India does,,['non-quantitative fact'],['behavioral attribution'],['environment'],237,47,62,12,0.1350210970464135,0.39662447257383965,0.2616033755274262
20200929_trump_biden,1180,1,TRUMP,184,232,The Green New Deal is a hundred trillion dollars,,['quantitative precise'],[],['environment'],237,47,48,9,0.7763713080168776,0.9789029535864979,0.20253164556962025
20200929_trump_biden,1183,0,BIDEN,0,33,The Green New Deal is not my plan,,['non-quantitative fact'],['behavioral attribution'],['environment'],38,10,33,8,0.0,0.868421052631579,0.868421052631579
20200929_trump_biden,1184,0,TRUMP,6,40,You want to rebuild every building,,['non-quantitative fact'],['stance'],[],41,9,34,6,0.14634146341463414,0.975609756097561,0.8292682926829268
20200929_trump_biden,1186,0,TRUMP,6,36,you want to rebuild everything,,['non-quantitative fact'],['stance'],[],36,6,30,5,0.16666666666666666,1.0,0.8333333333333334
20200929_trump_biden,1191,0,TRUMP,8,46,he called the military stupid bastards,,['non-quantitative fact'],['speech attribution'],['defense/military'],47,9,38,6,0.1702127659574468,0.9787234042553191,0.8085106382978723
20200929_trump_biden,1195,0,TRUMP,5,31,"He said ""stupid bastards.""",,['non-quantitative fact'],['speech attribution'],[],31,6,26,4,0.16129032258064516,1.0,0.8387096774193549
20200929_trump_biden,1203,0,BIDEN,0,38,The Green New Deal will pay for itself,,['non-quantitative fact'],[],['energy'],156,30,38,8,0.0,0.24358974358974358,0.24358974358974358
20200929_trump_biden,1205,0,BIDEN,4,38,I don't support the Green New Deal,,['non-quantitative fact'],['stance'],['environment'],39,8,34,7,0.10256410256410256,0.9743589743589743,0.8717948717948718
20200929_trump_biden,1210,0,BIDEN,16,83,"which is different than what he calls ""The Radical Green New Deal.""",,"['non-quantitative fact', 'comparison']",['speech attribution'],['environment'],83,15,67,12,0.1927710843373494,1.0,0.8072289156626506
20200929_trump_biden,1211,0,BIDEN,170,344,"His own Homeland Security director, and as well as the FBI director, says that there is no evidence at all that mail-in ballots are a source of being manipulated and cheating",,['non-quantitative fact'],"['speech attribution', 'epistemic']",['domestic politics'],1990,375,174,31,0.08542713567839195,0.1728643216080402,0.08743718592964825
20200929_trump_biden,1212,0,TRUMP,98,117,I won that election,,['non-quantitative fact'],['behavioral attribution'],['domestic politics'],2254,425,19,4,0.043478260869565216,0.051907719609582965,0.008429458740017746
20200929_trump_biden,1212,1,TRUMP,240,278,they came after me trying to do a coup,,['non-quantitative fact'],"['behavioral attribution', 'conspiracy']",['domestic politics'],2254,425,38,9,0.1064773735581189,0.1233362910381544,0.01685891748003549
20200929_trump_biden,1212,2,TRUMP,280,320,They came after me spying on my campaign,,['non-quantitative fact'],"['behavioral attribution', 'conspiracy']",['domestic politics'],2254,425,40,8,0.12422360248447205,0.1419698314108252,0.01774622892635315
20200929_trump_biden,1212,3,TRUMP,541,565,We've got it all on tape,,['non-quantitative fact'],['epistemic'],[],2254,425,24,6,0.24001774622892635,0.2506654835847382,0.01064773735581189
20200929_trump_biden,1212,4,TRUMP,605,662,you gave the idea for the Logan Act against General Flynn,,['non-quantitative fact'],"['behavioral attribution', 'stance']","['domestic politics', 'international relations']",2254,425,57,11,0.2684117125110914,0.2937000887311446,0.025288376220053237
20200929_trump_biden,1212,5,TRUMP,777,797,He knew about it too,,['non-quantitative fact'],['behavioral attribution'],[],2254,425,20,5,0.3447204968944099,0.3535936113575865,0.008873114463176575
20200929_trump_biden,1212,6,TRUMP,1052,1108,they're sending millions of ballots all over the country,,['quantitative approximate'],[],['domestic politics'],2254,425,56,9,0.46672582076308783,0.49157054125998223,0.024844720496894408
20200929_trump_biden,1212,7,TRUMP,1125,1149,They found 'em in creeks,,['non-quantitative fact'],"['anecdote', 'conspiracy']",['domestic politics'],2254,425,24,5,0.49911268855368235,0.5097604259094942,0.01064773735581189
20200929_trump_biden,1212,8,TRUMP,1151,1268,"They found some, with the name Trump, just happened to have the name Trump, just the other day in a wastepaper basket",,['non-quantitative fact'],"['anecdote', 'conspiracy']",['domestic politics'],2254,425,117,22,0.5106477373558119,0.5625554569653949,0.051907719609582965
20200929_trump_biden,1212,9,TRUMP,1901,1926,"They're not losing 2%, 1%",,['quantitative precise'],[],[],2254,425,25,5,0.8433895297249334,0.8544809228039042,0.011091393078970719
20200929_trump_biden,1212,10,TRUMP,2002,2027,They're losing 30 and 40%,,['quantitative precise'],[],[],2254,425,25,5,0.8881987577639752,0.8992901508429458,0.011091393078970719
20200929_trump_biden,1212,11,TRUMP,2180,2253,"that's seven days after the election, in theory, should've been announced",,['non-quantitative fact'],[],['domestic politics'],2254,425,73,11,0.9671694764862466,0.9995563442768411,0.0323868677905945
20200929_trump_biden,1216,0,TRUMP,0,22,It's a rigged election,,['non-quantitative fact'],['conspiracy'],['domestic politics'],23,4,22,4,0.0,0.9565217391304348,0.9565217391304348
20200929_trump_biden,1217,0,TRUMP,251,303,at least 1% of the ballots for 2016 were invalidated,,"['quantitative approximate', 'temporal reference']",[],['domestic politics'],381,73,52,10,0.6587926509186351,0.7952755905511811,0.13648293963254593
20200929_trump_biden,1222,0,TRUMP,208,255,mailman selling the ballots. They're being sold,,['non-quantitative fact'],['conspiracy'],['domestic politics'],330,58,47,7,0.6303030303030303,0.7727272727272727,0.14242424242424243
20200929_trump_biden,1222,1,TRUMP,257,287,They're being dumped in rivers,,['non-quantitative fact'],[],[],330,58,30,5,0.7787878787878788,0.8696969696969697,0.09090909090909091
20200929_trump_biden,1223,0,BIDEN,13,41,there is no evidence of that,,['non-quantitative fact'],['epistemic'],[],46,10,28,6,0.2826086956521739,0.8913043478260869,0.6086956521739131
20200929_trump_biden,1225,0,BIDEN,0,28,There is no evidence of that,,['non-quantitative fact'],['epistemic'],[],33,8,28,6,0.0,0.8484848484848485,0.8484848484848485
20200929_trump_biden,1227,0,BIDEN,0,103,"Five states have had mail-in ballots for the last decade or more. Five, including two Republican states",,['quantitative precise'],[],['domestic politics'],424,80,103,17,0.0,0.2429245283018868,0.2429245283018868
20200929_trump_biden,1227,1,BIDEN,109,187,you don't have to solicit the ballot. It's sent to you. It's sent to your home,,['non-quantitative fact'],[],['domestic politics'],424,80,78,16,0.25707547169811323,0.4410377358490566,0.18396226415094338
20200929_trump_biden,1227,2,BIDEN,234,286,"it has to be a postmark by the time, by election day",,['non-quantitative fact'],[],['domestic politics'],424,80,52,12,0.5518867924528302,0.6745283018867925,0.12264150943396226
20200929_trump_biden,1227,3,BIDEN,288,369,"If it doesn't get in until the seventh, eighth, ninth, it still should be counted",,['non-quantitative fact'],[],[],424,80,81,15,0.6792452830188679,0.8702830188679245,0.19103773584905662
20200929_trump_biden,1232,0,BIDEN,88,167,"when you get a ballot and you fill it out, you're supposed to have an affidavit",,['non-quantitative fact'],[],['domestic politics'],532,100,79,16,0.16541353383458646,0.31390977443609025,0.14849624060150377
20200929_trump_biden,1232,1,BIDEN,327,375,that's sufficient to be able to count the ballot,,['non-quantitative fact'],[],['domestic politics'],532,100,48,9,0.6146616541353384,0.7048872180451128,0.09022556390977443
20200929_trump_biden,1236,0,BIDEN,0,54,Mail service delivers 185 million pieces of mail a day,,['quantitative precise'],[],[],59,12,54,10,0.0,0.9152542372881356,0.9152542372881356
20200929_trump_biden,1239,0,TRUMP,279,330,They were thrown out. They weren't allowed to watch,,['non-quantitative fact'],[],['domestic politics'],510,98,51,9,0.5470588235294118,0.6470588235294118,0.1
20200929_trump_biden,1240,0,TRUMP,39,85,tens of thousands of ballots being manipulated,,['quantitative approximate'],['conspiracy'],['domestic politics'],142,32,46,7,0.2746478873239437,0.5985915492957746,0.323943661971831
20200929_trump_biden,1244,0,TRUMP,0,63,They're not equipped. These people aren't equipped to handle it,,['non-quantitative fact'],[],[],277,48,63,10,0.0,0.22743682310469315,0.22743682310469315
20200929_trump_biden,1244,1,TRUMP,118,276,"they found ballots in a wastepaper basket three days ago, and they all had the name military ballots. There were military. They all had the name Trump on them",,"['non-quantitative fact', 'temporal reference']","['anecdote', 'conspiracy']","['domestic politics', 'defense/military']",277,48,158,29,0.4259927797833935,0.9963898916967509,0.5703971119133574
20200929_trump_biden,1246,0,BIDEN,68,144,Some of these ballots in some states can't even be opened until election day,,['quantitative vague'],[],['domestic politics'],590,108,76,14,0.1152542372881356,0.2440677966101695,0.1288135593220339
20200929_trump_biden,1246,1,BIDEN,247,312,they've been voting by ballots for since the end of the Civil War,,"['non-quantitative fact', 'temporal reference']",[],['domestic politics'],590,108,65,13,0.4186440677966102,0.5288135593220339,0.11016949152542373
20200929_trump_biden,1246,2,BIDEN,503,544,there is fraud related to mail-in ballots,,['non-quantitative fact'],['conspiracy'],['domestic politics'],590,108,41,7,0.8525423728813559,0.9220338983050848,0.06949152542372881
20240910_trump_harris,1257,0,HARRIS,390,432,"we have a, a shortage of homes and housing",,['non-quantitative fact'],[],['housing'],1767,331,42,9,0.22071307300509338,0.24448217317487267,0.023769100169779286
20240910_trump_harris,1257,1,HARRIS,438,474,the cost of housing is too expensive,,['non-quantitative fact'],[],['housing'],1767,331,36,7,0.24787775891341257,0.26825127334465193,0.02037351443123939
20240910_trump_harris,1257,2,HARRIS,632,703,which is the largest child tax credit that we have given in a long time,,['ranking'],[],['economy'],1767,331,71,15,0.3576683644595359,0.3978494623655914,0.04018109790605546
20240910_trump_harris,1257,3,HARRIS,1204,1314,"his plan is to do what he has done before, which is to provide a tax cut for billionaires and big corporations",,['non-quantitative fact'],"['behavioral attribution', 'stance']",['economy'],1767,331,110,22,0.6813808715336729,0.7436332767402377,0.0622524052065648
20240910_trump_harris,1257,4,HARRIS,1316,1369,which will result in $5 trillion to America's deficit,,['quantitative precise'],[],['economy'],1767,331,53,9,0.7447651386530844,0.7747594793435201,0.029994340690435765
20240910_trump_harris,1257,5,HARRIS,1427,1469,which would be a 20% tax on everyday goods,,['quantitative precise'],[],['economy'],1767,331,42,9,0.8075834748160724,0.8313525749858517,0.023769100169779286
20240910_trump_harris,1257,6,HARRIS,1544,1637,"Trump's sales tax would actually result for middle-class families in about $4,000 more a year",,['forecast'],[],['economy'],1767,331,93,15,0.8737973967176005,0.9264289756649688,0.05263157894736842
20240910_trump_harris,1258,0,TRUMP,14,33,I have no sales tax,,['non-quantitative fact'],['stance'],['economy'],1969,351,19,5,0.007110208227526663,0.01675977653631285,0.009649568308786187
20240910_trump_harris,1258,1,TRUMP,277,344,"I took in billions and billions of dollars, as you know, from China",,['quantitative approximate'],[],['international relations'],1969,351,67,13,0.14068054850177755,0.17470797359065515,0.0340274250888776
20240910_trump_harris,1258,2,TRUMP,492,557,They're taking in billions of dollars from China and other places,,['quantitative approximate'],[],['international relations'],1969,351,65,11,0.24987303199593702,0.28288471305231083,0.033011681056373796
20240910_trump_harris,1258,3,TRUMP,625,643,I had no inflation,,['non-quantitative fact'],[],['economy'],1969,351,18,4,0.3174200101574403,0.3265617064499746,0.009141696292534281
20240910_trump_harris,1258,4,TRUMP,845,878,the worst in our nation's history,,['ranking'],[],[],1969,351,33,6,0.4291518537328593,0.4459116302691722,0.01675977653631285
20240910_trump_harris,1258,5,TRUMP,880,894,We were at 21%,,['quantitative precise'],[],[],1969,351,14,4,0.44692737430167595,0.4540375825292026,0.007110208227526663
20240910_trump_harris,1258,6,TRUMP,930,1008,"many things are 50, 60, 70, and 80% higher than they were just a few years ago",,['trend/change'],[],['economy'],1969,351,78,17,0.4723209751142712,0.5119349923819198,0.03961401726764855
20240910_trump_harris,1258,7,TRUMP,1106,1225,"we have millions of people pouring into our country from prisons and jails, from mental institutions and insane asylums",,['quantitative approximate'],[],['immigration'],1969,351,119,19,0.5617064499746064,0.622143219908583,0.06043676993397664
20240910_trump_harris,1258,8,TRUMP,1253,1351,they're taking jobs that are occupied right now by African Americans and Hispanics and also unions,,['non-quantitative fact'],[],['ethnicity/race'],1969,351,98,16,0.6363636363636364,0.686135093956323,0.04977145759268664
20240910_trump_harris,1258,9,TRUMP,1555,1585,They are taking over the towns,,['non-quantitative fact'],[],[],1969,351,30,6,0.7897409852717115,0.8049771457592687,0.015236160487557136
20240910_trump_harris,1258,10,TRUMP,1618,1644,They're going in violently,,['non-quantitative fact'],[],['crime'],1969,351,26,4,0.8217369222955815,0.834941594718131,0.013204672422549517
20240910_trump_harris,1258,11,TRUMP,1763,1806,They're at the highest level of criminality,,['ranking'],[],['crime'],1969,351,43,7,0.8953783646521076,0.9172168613509396,0.021838496698831894
20240910_trump_harris,1259,0,HARRIS,67,137,Donald Trump left us the worst unemployment since the Great Depression,,['ranking'],['behavioral attribution'],['economy'],1017,183,70,11,0.06588003933136677,0.13470993117010815,0.0688298918387414
20240910_trump_harris,1259,1,HARRIS,139,205,Donald Trump left us the worst public health epidemic in a century,,['ranking'],['behavioral attribution'],['health/medicine'],1017,183,66,12,0.13667649950835792,0.2015732546705998,0.06489675516224189
20240910_trump_harris,1259,2,HARRIS,207,281,Donald Trump left us the worst attack on our democracy since the Civil War,,['non-quantitative fact'],['behavioral attribution'],['domestic politics'],1017,183,74,14,0.20353982300884957,0.27630285152409045,0.0727630285152409
20240910_trump_harris,1259,3,HARRIS,651,775,a detailed and dangerous plan called Project 2025 that the former president intends on implementing if he were elected again,,['non-quantitative fact'],['stance'],['domestic politics'],1017,183,124,20,0.640117994100295,0.7620452310717798,0.12192723697148476
20240910_trump_harris,1260,0,TRUMP,83,121,I have nothing to do with Project 2025,,['non-quantitative fact'],['behavioral attribution'],['domestic politics'],1370,256,38,8,0.060583941605839416,0.08832116788321168,0.027737226277372264
20240910_trump_harris,1260,1,TRUMP,602,678,not since 1917 where 100 million people died has there been anything like it,,"['quantitative precise', 'comparison', 'temporal reference']",[],['health/medicine'],1370,256,76,14,0.4394160583941606,0.4948905109489051,0.05547445255474453
20240910_trump_harris,1260,2,TRUMP,759,848,the economy and where the stock market was higher than it was before the pandemic came in,,['trend/change'],[],"['economy', 'health/medicine']",1370,256,89,17,0.554014598540146,0.618978102189781,0.06496350364963503
20240910_trump_harris,1260,3,TRUMP,887,927,We made ventilators for the entire world,,['non-quantitative fact'],['behavioral attribution'],['health/medicine'],1370,256,40,7,0.6474452554744525,0.6766423357664234,0.029197080291970802
20240910_trump_harris,1260,4,TRUMP,1167,1211,the only jobs they got were bounce-back jobs,,['non-quantitative fact'],[],['economy'],1370,256,44,8,0.8518248175182481,0.8839416058394161,0.032116788321167884
20240910_trump_harris,1260,5,TRUMP,1297,1328,I was the one that created them,,['non-quantitative fact'],['behavioral attribution'],[],1370,256,31,7,0.9467153284671533,0.9693430656934306,0.022627737226277374
20240910_trump_harris,1261,0,HARRIS,78,126,it's all about tax breaks for the richest people,,['non-quantitative fact'],[],['economy'],907,163,48,9,0.08599779492833518,0.13891951488423374,0.05292171995589857
20240910_trump_harris,1261,1,HARRIS,303,387,What Goldman Sachs has said is that Donald Trump's plan would make the economy worse,,['non-quantitative fact'],['speech attribution'],['economy'],907,163,84,15,0.3340683572216097,0.42668136714443217,0.0926130099228225
20240910_trump_harris,1261,2,HARRIS,424,514,What the Wharton School has said is Donald Trump's plan would actually explode the deficit,,['non-quantitative fact'],['speech attribution'],['economy'],907,163,90,15,0.46747519294377066,0.5667034178610805,0.09922822491730982
20240910_trump_harris,1261,3,HARRIS,516,673,"Sixteen Nobel laureates have described his economic plan as something that would increase inflation and, by the middle of next year, would invite a recession",,['quantitative precise'],['speech attribution'],['economy'],907,163,157,25,0.5689084895259096,0.7420066152149944,0.1730981256890849
20240910_trump_harris,1262,0,TRUMP,467,490,She copied Biden's plan,,['non-quantitative fact'],"['behavioral attribution', 'stance']",['domestic politics'],675,131,23,4,0.6918518518518518,0.725925925925926,0.034074074074074076
20240910_trump_harris,1262,1,TRUMP,496,520,it's like four sentences,,['quantitative approximate'],[],[],675,131,24,4,0.7348148148148148,0.7703703703703704,0.035555555555555556
20240910_trump_harris,1263,0,TRUMP,210,289,China was paying us hundreds of billions of dollars and so were other countries,,['quantitative approximate'],[],['international relations'],1041,188,79,14,0.2017291066282421,0.27761767531219983,0.07588856868395773
20240910_trump_harris,1263,1,TRUMP,557,575,I had no inflation,,['non-quantitative fact'],[],['economy'],1041,188,18,4,0.5350624399615754,0.5523535062439962,0.01729106628242075
20240910_trump_harris,1263,2,TRUMP,601,670,"they had the highest inflation, perhaps in the history of our country",,['ranking'],[],['economy'],1041,188,69,12,0.5773294908741594,0.643611911623439,0.06628242074927954
20240910_trump_harris,1263,3,TRUMP,953,1040,80 and 85 and even 90% that the Trump economy was great that their economy was terrible,,['quantitative approximate'],[],['economy'],1041,188,87,17,0.9154658981748319,0.9990393852065321,0.08357348703170028
20240910_trump_harris,1264,0,HARRIS,26,140,"the Trump administration resulted in a trade deficit, one of the highest we've ever seen in the history of America",,"['non-quantitative fact', 'ranking', 'causation']",[],['economy'],1172,204,114,20,0.02218430034129693,0.11945392491467577,0.09726962457337884
20240910_trump_harris,1264,1,HARRIS,142,163,He invited trade wars,,['non-quantitative fact'],['behavioral attribution'],['international relations'],1172,204,21,4,0.12116040955631399,0.13907849829351535,0.017918088737201365
20240910_trump_harris,1264,2,HARRIS,233,358,under Donald Trump's presidency he ended up selling American chips to China to help them improve and modernize their military,,['non-quantitative fact'],['behavioral attribution'],"['international relations', 'defense/military', 'technology']",1172,204,125,20,0.19880546075085323,0.3054607508532423,0.10665529010238908
20240910_trump_harris,1264,3,HARRIS,937,998,he actually thanked President Xi for what he did during COVID,,['non-quantitative fact'],['speech attribution'],"['health/medicine', 'international relations']",1172,204,61,11,0.7994880546075085,0.8515358361774744,0.05204778156996587
20240910_trump_harris,1264,4,HARRIS,1008,1063,"his tweet. ""Thank you, President Xi,"" exclamation point",,['non-quantitative fact'],['speech attribution'],['international relations'],1172,204,55,8,0.8600682593856656,0.9069965870307167,0.04692832764505119
20240910_trump_harris,1264,5,HARRIS,1083,1171,Xi was responsible for lacking and not giving us transparency about the origins of COVID,,['non-quantitative fact'],"['behavioral attribution', 'conspiracy']",['health/medicine'],1172,204,88,15,0.924061433447099,0.9991467576791809,0.07508532423208192
20240910_trump_harris,1265,0,TRUMP,14,49,they bought their chips from Taiwan,,['non-quantitative fact'],['behavioral attribution'],"['international relations', 'technology']",1329,242,35,6,0.010534236267870579,0.03686982693754703,0.02633559066967645
20240910_trump_harris,1265,1,TRUMP,51,79,We hardly make chips anymore,,['non-quantitative fact'],[],['technology'],1329,242,28,5,0.03837471783295711,0.059443190368698266,0.021068472535741158
20240910_trump_harris,1265,2,TRUMP,470,485,She's a Marxist,,['non-quantitative fact'],['stance'],[],1329,242,15,3,0.35364936042136946,0.3649360421369451,0.011286681715575621
20240910_trump_harris,1265,3,TRUMP,503,518,she's a Marxist,,['non-quantitative fact'],['stance'],[],1329,242,15,3,0.3784800601956358,0.3897667419112114,0.011286681715575621
20240910_trump_harris,1265,4,TRUMP,520,565,Her father's a Marxist professor in economics,,['non-quantitative fact'],['stance'],['personal life'],1329,242,45,7,0.3912716328066215,0.4251316779533484,0.033860045146726865
20240910_trump_harris,1265,5,TRUMP,664,811,"these millions and millions of people that are pouring into our country monthly where it's, I believe 21 million people, not the 15 that people say",,['quantitative precise'],[],['immigration'],1329,242,147,26,0.4996237772761475,0.6102332580887886,0.11060948081264109
20240910_trump_harris,1265,6,TRUMP,955,1018,They're criminals. Many of these people coming in are criminals,,['quantitative vague'],[],"['immigration', 'crime']",1329,242,63,10,0.7185854025583145,0.7659894657637322,0.04740406320541761
20240910_trump_harris,1266,0,TRUMP,74,124,"the vote is, they have abortion in the ninth month",,['non-quantitative fact'],[],['abortion'],2091,377,50,10,0.03538976566236251,0.05930176948828312,0.02391200382592061
20240910_trump_harris,1266,1,TRUMP,314,387,He said the baby will be born and we will decide what to do with the baby,,['non-quantitative fact'],['speech attribution'],['abortion'],2091,377,73,17,0.15016738402678145,0.18507890961262555,0.034911525585844094
20240910_trump_harris,1266,2,TRUMP,674,752,her vice presidential pick says abortion in the ninth month is absolutely fine,,['non-quantitative fact'],['speech attribution'],['abortion'],2091,377,78,13,0.32233381157340985,0.359636537541846,0.03730272596843615
20240910_trump_harris,1266,3,TRUMP,754,859,"He also says execution after birth, it's execution, no longer abortion, because the baby is born, is okay",,['non-quantitative fact'],['speech attribution'],['abortion'],2091,377,105,18,0.36059301769488283,0.41080822572931613,0.05021520803443329
20240910_trump_harris,1266,4,TRUMP,1214,1236,Ronald Reagan did also,,['non-quantitative fact'],[],[],2091,377,22,4,0.5805834528933524,0.5911047345767575,0.010521281683405069
20240910_trump_harris,1266,5,TRUMP,1238,1275,Eighty-five percent of Republicans do,,['quantitative precise'],[],['domestic politics'],2091,377,37,5,0.5920612147297943,0.6097560975609756,0.017694882831181254
20240910_trump_harris,1266,6,TRUMP,1479,1644,"Every legal scholar, every Democrat, every Republican, liberal, conservative, they all wanted this issue to be brought back to the states where the people could vote",,['non-quantitative fact'],['stance'],['domestic politics'],2091,377,165,26,0.7073170731707317,0.7862266857962698,0.07890961262553801
20240910_trump_harris,1267,0,HARRIS,132,278,Donald Trump hand-selected three members of the United States Supreme Court with the intention that they would undo the protections of Roe v. Wade,,['non-quantitative fact'],['behavioral attribution'],"['domestic politics', 'abortion']",1968,353,146,24,0.06707317073170732,0.14126016260162602,0.0741869918699187
20240910_trump_harris,1267,1,HARRIS,325,440,in over 20 states there are Trump abortion bans which make it criminal for a doctor or nurse to provide health care,,['quantitative approximate'],[],"['health/medicine', 'crime', 'abortion']",1968,353,115,22,0.16514227642276422,0.22357723577235772,0.058434959349593495
20240910_trump_harris,1267,2,HARRIS,442,482,In one state it provides prison for life,,['quantitative precise'],[],['crime'],1968,353,40,8,0.22459349593495934,0.24491869918699186,0.02032520325203252
20240910_trump_harris,1267,3,HARRIS,484,551,Trump abortion bans that make no exception even for rape and incest,,['non-quantitative fact'],[],"['crime', 'abortion']",1968,353,67,12,0.2459349593495935,0.27997967479674796,0.03404471544715447
20240910_trump_harris,1267,4,HARRIS,1008,1196,"Pregnant women who want to carry a pregnancy to term suffering from a miscarriage, being denied care in an emergency room because the health care providers are afraid they might go to jail",,['non-quantitative fact'],['anecdote'],"['health/medicine', 'crime', 'abortion']",1968,353,188,33,0.5121951219512195,0.6077235772357723,0.09552845528455285
20240910_trump_harris,1267,5,HARRIS,1301,1381,A 12 or 13-year-old survivor of incest being forced to carry a pregnancy to term,,['non-quantitative fact'],['anecdote'],"['crime', 'abortion']",1968,353,80,15,0.6610772357723578,0.7017276422764228,0.04065040650406504
20240910_trump_harris,1267,6,HARRIS,1589,1664,"if Donald Trump were to be re-elected, he will sign a national abortion ban",,['non-quantitative fact'],['stance'],"['domestic politics', 'abortion']",1968,353,75,14,0.8074186991869918,0.8455284552845529,0.038109756097560975
20240910_trump_harris,1267,7,HARRIS,1678,1804,"in his Project 2025 there would be a national abortion--a monitor that would be monitoring your pregnancies, your miscarriages",,['non-quantitative fact'],['stance'],"['domestic politics', 'abortion']",1968,353,126,19,0.8526422764227642,0.9166666666666666,0.06402439024390244
20240910_trump_harris,1268,0,TRUMP,40,61,I'm not signing a ban,,['non-quantitative fact'],['stance'],[],677,127,21,5,0.059084194977843424,0.09010339734121123,0.0310192023633678
20240910_trump_harris,1268,1,TRUMP,144,254,"Democrats, Republicans and everybody else and every legal scholar wanted it to be brought back into the states",,['non-quantitative fact'],['stance'],['domestic politics'],677,127,110,18,0.21270310192023634,0.37518463810930575,0.16248153618906944
20240910_trump_harris,1268,2,TRUMP,563,595,I'm not in favor of abortion ban,,['non-quantitative fact'],['stance'],['abortion'],677,127,32,7,0.8316100443131462,0.8788774002954209,0.047267355982274745
20240910_trump_harris,1269,0,TRUMP,391,485,they said they're gonna get student loans terminated and it ended up being a total catastrophe,,['non-quantitative fact'],['speech attribution'],['education'],1106,202,94,16,0.3535262206148282,0.4385171790235081,0.08499095840867993
20240910_trump_harris,1269,1,TRUMP,902,976,the millions and millions of people that hadda pay off their student loans,,['quantitative approximate'],[],['education'],1106,202,74,13,0.8155515370705244,0.8824593128390597,0.06690777576853527
20240910_trump_harris,1270,0,TRUMP,292,344,they didn't even come close to getting student loans,,['non-quantitative fact'],[],['education'],815,152,52,9,0.35828220858895704,0.42208588957055215,0.0638036809815951
20240910_trump_harris,1270,1,TRUMP,346,398,They didn't even come close to getting student loans,,['non-quantitative fact'],[],['education'],815,152,52,9,0.4245398773006135,0.4883435582822086,0.0638036809815951
20240910_trump_harris,1271,0,HARRIS,0,63,I absolutely support reinstating the protections of Roe v. Wade,,['non-quantitative fact'],['stance'],['abortion'],1039,185,63,10,0.0,0.06063522617901829,0.06063522617901829
20240910_trump_harris,1271,1,HARRIS,95,190,"nowhere in America is a woman carrying a pregnancy to term and, and, and asking for an abortion",,['non-quantitative fact'],[],['abortion'],1039,185,95,18,0.09143407122232916,0.18286814244465832,0.09143407122232916
20240910_trump_harris,1271,2,HARRIS,330,417,"Couples who pray and, and, and dream of having a family are being denied IVF treatments",,['non-quantitative fact'],[],['health/medicine'],1039,185,87,16,0.3176130895091434,0.4013474494706448,0.08373435996150144
20240910_trump_harris,1271,3,HARRIS,802,891,the majority of Americans believe in a woman's right to make decisions about her own body,,['quantitative approximate'],['stance'],['abortion'],1039,185,89,16,0.7718960538979788,0.8575553416746872,0.08565928777670838
20240910_trump_harris,1272,0,TRUMP,61,88,I have been a leader on IVF,,['non-quantitative fact'],['stance'],['health/medicine'],529,98,27,7,0.11531190926275993,0.166351606805293,0.05103969754253308
20240910_trump_harris,1272,1,TRUMP,113,142,The IVF--I have been a leader,,['non-quantitative fact'],['stance'],['health/medicine'],529,98,29,6,0.21361058601134217,0.2684310018903592,0.054820415879017016
20240910_trump_harris,1272,2,TRUMP,153,298,"when they got a very negative decision on IVF from the Alabama courts, I saw the people of Alabama and the legislature two days later voted it in",,['non-quantitative fact'],['behavioral attribution'],"['health/medicine', 'domestic politics']",529,98,145,28,0.2892249527410208,0.5633270321361059,0.2741020793950851
20240910_trump_harris,1272,3,TRUMP,300,324,I've been a leader on it,,['non-quantitative fact'],['stance'],[],529,98,24,6,0.5671077504725898,0.6124763705103969,0.045368620037807186
20240910_trump_harris,1272,4,TRUMP,370,412,"I have been a leader on fertilization, IVF",,['non-quantitative fact'],['stance'],['health/medicine'],529,98,42,8,0.6994328922495274,0.77882797731569,0.07939508506616257
20240910_trump_harris,1278,0,TRUMP,0,78,"You could do abortions in the seventh month, the eighth month, the ninth month",,['non-quantitative fact'],[],['abortion'],80,14,78,14,0.0,0.975,0.975
20240910_trump_harris,1280,0,TRUMP,82,188,The governor of Virginia said we put the baby aside and then we determine what we want to do with the baby,,['non-quantitative fact'],['speech attribution'],['abortion'],189,35,106,22,0.43386243386243384,0.9947089947089947,0.5608465608465608
20240910_trump_harris,1281,0,HARRIS,3,145,"I'm the only person on this stage who has prosecuted transnational criminal organizations for the trafficking of guns, drugs, and human beings",,['non-quantitative fact'],['behavioral attribution'],"['crime', 'justice']",2190,390,142,22,0.0013698630136986301,0.06621004566210045,0.06484018264840183
20240910_trump_harris,1281,1,HARRIS,167,325,"the United States Congress, including some of the most conservative members of the United States Senate, came up with a border security bill which I supported",,['non-quantitative fact'],['stance'],"['domestic politics', 'immigration']",2190,390,158,26,0.07625570776255708,0.14840182648401826,0.07214611872146119
20240910_trump_harris,1281,2,HARRIS,331,404,that bill would have put fifteen hundred more border agents on the border,,"['quantitative precise', 'forecast']",[],['immigration'],2190,390,73,13,0.15114155251141553,0.18447488584474886,0.03333333333333333
20240910_trump_harris,1281,3,HARRIS,413,465,those folks who are workin' there right now overtime,,['non-quantitative fact'],[],[],2190,390,52,9,0.18858447488584476,0.21232876712328766,0.023744292237442923
20240910_trump_harris,1281,4,HARRIS,701,850,"That bill would have put more resources to allow us to prosecute transnational criminal organizations for trafficking in guns, drugs and human beings",,"['non-quantitative fact', 'forecast']",[],"['crime', 'justice']",2190,390,149,23,0.32009132420091324,0.3881278538812785,0.06803652968036529
20240910_trump_harris,1281,5,HARRIS,893,980,"Donald Trump got on the phone, called up some folks in Congress, and said kill the bill",,['non-quantitative fact'],['conspiracy'],['domestic politics'],2190,390,87,17,0.4077625570776256,0.4474885844748858,0.03972602739726028
20240910_trump_harris,1281,6,HARRIS,1760,1801,He will talk about windmills cause cancer,,['non-quantitative fact'],['speech attribution'],['health/medicine'],2190,390,41,7,0.8036529680365296,0.8223744292237443,0.01872146118721461
20240910_trump_harris,1283,0,TRUMP,155,202,she's busing 'em in and paying them to be there,,['non-quantitative fact'],"['behavioral attribution', 'conspiracy']",[],1587,286,47,10,0.0976685570258349,0.12728418399495905,0.029615626969124134
20240910_trump_harris,1283,1,TRUMP,685,756,allowing these millions and millions of people to come into our country,,['quantitative approximate'],['behavioral attribution'],['immigration'],1587,286,71,12,0.43163201008191554,0.4763705103969754,0.04473850031505986
20240910_trump_harris,1283,2,TRUMP,982,1142,"In Springfield, they're eating the dogs. The people that came in. They're eating the cats. They're eating--they're eating the pets of the people that live there",,['non-quantitative fact'],[],"['immigration', 'crime']",1587,286,160,26,0.6187775677378702,0.7195967233774417,0.10081915563957151
20240910_trump_harris,1285,0,TRUMP,31,65,my dog was taken and used for food,,['non-quantitative fact'],['anecdote'],['crime'],145,30,34,8,0.21379310344827587,0.4482758620689655,0.23448275862068965
20240910_trump_harris,1286,0,TRUMP,35,84,their dog was eaten by the people that went there,,['non-quantitative fact'],['anecdote'],"['immigration', 'crime']",85,16,49,10,0.4117647058823529,0.9882352941176471,0.5764705882352941
20240910_trump_harris,1288,0,HARRIS,100,335,"in this election I actually have the endorsement of 200 Republicans who have formally worked with President Bush, Mitt Romney, and John McCain including the endorsement of former Vice President Dick Cheney and Congressmember Liz Cheney",,"['quantitative precise', 'non-quantitative fact']",['stance'],['domestic politics'],951,164,235,36,0.10515247108307045,0.352260778128286,0.24710830704521555
20240910_trump_harris,1288,1,HARRIS,493,607,"His former Chief of Staff, a four-star general, has said he has contempt for the Constitution of the United States",,['non-quantitative fact'],['speech attribution'],['domestic politics'],951,164,114,20,0.5184016824395373,0.6382754994742377,0.11987381703470032
20240910_trump_harris,1288,2,HARRIS,609,680,His former National Security Adviser has said he is dangerous and unfit,,['non-quantitative fact'],['speech attribution'],['domestic politics'],951,164,71,12,0.6403785488958991,0.7150368033648791,0.07465825446898001
20240910_trump_harris,1288,3,HARRIS,682,786,"His former Secretary of Defense has said the nation, the republic would never survive another Trump term",,['non-quantitative fact'],['speech attribution'],['domestic politics'],951,164,104,17,0.7171398527865405,0.8264984227129337,0.10935856992639327
20240910_trump_harris,1289,0,TRUMP,182,209,They never fired one person,,['non-quantitative fact'],['behavioral attribution'],[],1183,221,27,5,0.15384615384615385,0.17666948436179206,0.02282333051563821
20240910_trump_harris,1289,1,TRUMP,211,362,"They didn't fire anybody having to do with Afghanistan and the Taliban and the 13 people who's, who's--were just killed, viciously and violently killed",,"['quantitative precise', 'non-quantitative fact']",['behavioral attribution'],"['war/conflict', 'terrorism']",1183,221,151,24,0.17836010143702452,0.3060016906170752,0.12764158918005072
20240910_trump_harris,1289,2,TRUMP,821,844,they never fire anybody,,['non-quantitative fact'],['behavioral attribution'],[],1183,221,23,4,0.6939983093829247,0.7134404057480981,0.01944209636517329
20240910_trump_harris,1289,3,TRUMP,900,940,They didn't fire any of their economists,,['non-quantitative fact'],['behavioral attribution'],['economy'],1183,221,40,7,0.760777683854607,0.7945900253592562,0.0338123415046492
20240910_trump_harris,1289,4,TRUMP,1045,1099,I got more votes than any Republican in history by far,,['ranking'],[],['domestic politics'],1183,221,54,11,0.8833474218089603,0.9289940828402367,0.04564666103127642
20240910_trump_harris,1289,5,TRUMP,1110,1182,"I got more votes than any President, sitting President in history by far",,['ranking'],[],['domestic politics'],1183,221,72,13,0.9382924767540152,0.9991546914623838,0.060862214708368556
20240910_trump_harris,1291,0,TRUMP,42,272,"They allowed criminals. Many, many, millions of criminals. They allowed terrorists. They allowed common street criminals. They allowed people to come in, drug dealers, to come into our country, and they're now in the United States",,"['quantitative approximate', 'non-quantitative fact']",['behavioral attribution'],"['immigration', 'crime']",1288,226,230,36,0.03260869565217391,0.2111801242236025,0.17857142857142858
20240910_trump_harris,1291,1,TRUMP,383,455,crime in Venezuela and crime in countries all over the world is way down,,['trend/change'],[],['crime'],1288,226,72,14,0.297360248447205,0.3532608695652174,0.055900621118012424
20240910_trump_harris,1291,2,TRUMP,479,577,they've taken their criminals off the street and they've given them to her to put into our country,,['non-quantitative fact'],['behavioral attribution'],"['immigration', 'crime']",1288,226,98,18,0.3718944099378882,0.44798136645962733,0.07608695652173914
20240910_trump_harris,1291,3,TRUMP,939,964,Millions of people let in,,['quantitative approximate'],[],['crime'],1288,226,25,5,0.7290372670807453,0.7484472049689441,0.019409937888198756
20240910_trump_harris,1291,4,TRUMP,970,1034,all over the world crime is down. All over the world except here,,['trend/change'],[],['crime'],1288,226,64,13,0.7531055900621118,0.8027950310559007,0.049689440993788817
20240910_trump_harris,1291,5,TRUMP,1036,1052,Crime here is up,,['trend/change'],[],['crime'],1288,226,16,4,0.8043478260869565,0.8167701863354038,0.012422360248447204
20240910_trump_harris,1291,6,TRUMP,1174,1228,we have a new form of crime. It's called migrant crime,,['non-quantitative fact'],[],"['immigration', 'crime']",1288,226,54,11,0.9114906832298136,0.953416149068323,0.04192546583850932
20240910_trump_harris,1292,0,TRUMP,69,158,they didn't include the worst cities. They didn't include the cities with the worst crime,,['non-quantitative fact'],['behavioral attribution'],['crime'],271,47,89,15,0.25461254612546125,0.5830258302583026,0.3284132841328413
20240910_trump_harris,1292,1,TRUMP,189,270,"their number of 818,000 jobs that they said they created turned out to be a fraud",,['quantitative precise'],"['speech attribution', 'epistemic']",['economy'],271,47,81,16,0.6974169741697417,0.996309963099631,0.2988929889298893
20240910_trump_harris,1293,0,HARRIS,51,185,"who has been prosecuted for national security crimes, economic crimes, election interference, has been found liable for sexual assault",,['non-quantitative fact'],[],"['domestic politics', 'crime', 'justice', 'personal life']",1026,178,134,19,0.049707602339181284,0.18031189083820662,0.13060428849902533
20240910_trump_harris,1293,1,HARRIS,191,266,his next big court appearance is in November at his own criminal sentencing,,"['non-quantitative fact', 'temporal reference']",[],"['crime', 'justice', 'personal life']",1026,178,75,13,0.1861598440545809,0.25925925925925924,0.07309941520467836
20240910_trump_harris,1293,2,HARRIS,413,570,"The former Vice President [sic] called for defunding, federal law enforcement, 45,000 agents, get this, on the day after he was arraigned on 34 felony counts",,"['quantitative precise', 'non-quantitative fact']",['speech attribution'],"['crime', 'justice']",1026,178,157,26,0.40253411306042886,0.5555555555555556,0.1530214424951267
20240910_trump_harris,1294,0,TRUMP,11,88,Every one of those cases was started by them against their political opponent,,['non-quantitative fact'],['conspiracy'],"['domestic politics', 'justice']",1025,185,77,13,0.010731707317073172,0.08585365853658537,0.07512195121951219
20240910_trump_harris,1294,1,TRUMP,94,118,I'm winning most of them,,['quantitative vague'],[],[],1025,185,24,5,0.09170731707317073,0.1151219512195122,0.023414634146341463
20240910_trump_harris,1294,2,TRUMP,347,385,They weaponized the Justice Department,,['non-quantitative fact'],"['behavioral attribution', 'conspiracy']","['domestic politics', 'justice']",1025,185,38,5,0.3385365853658537,0.375609756097561,0.037073170731707315
20240910_trump_harris,1294,3,TRUMP,387,536,"Every one of those cases was involved with the DOJ, from Atlanta and Fani Willis--to, to the uh Attorney General of New York and the D.A. In New York",,['non-quantitative fact'],[],"['domestic politics', 'justice']",1025,185,149,29,0.3775609756097561,0.5229268292682927,0.14536585365853658
20240910_trump_harris,1294,4,TRUMP,614,657,They're the ones that made them go after me,,['non-quantitative fact'],"['behavioral attribution', 'conspiracy']",[],1025,185,43,9,0.5990243902439024,0.6409756097560976,0.041951219512195125
20240910_trump_harris,1294,5,TRUMP,671,731,Joe Biden was found essentially guilty on the documents case,,['non-quantitative fact'],[],"['crime', 'justice']",1025,185,60,10,0.6546341463414634,0.713170731707317,0.05853658536585366
20240910_trump_harris,1294,6,TRUMP,852,884,Two months ago it was thrown out,,"['non-quantitative fact', 'temporal reference']",[],[],1025,185,32,7,0.8312195121951219,0.8624390243902439,0.03121951219512195
20240910_trump_harris,1294,7,TRUMP,965,1004,They used it to try and win an election,,['non-quantitative fact'],['behavioral attribution'],['domestic politics'],1025,185,39,9,0.9414634146341463,0.9795121951219512,0.03804878048780488
20240910_trump_harris,1295,0,HARRIS,106,268,The United States Supreme Court recently ruled that the former President would essentially be immune from any misconduct if he were to enter the White House again,,['non-quantitative fact'],['behavioral attribution'],"['domestic politics', 'justice']",788,133,162,27,0.13451776649746192,0.3401015228426396,0.20558375634517767
20240910_trump_harris,1295,1,HARRIS,298,398,"who has openly said he would terminate, I'm quoting, terminate the Constitution of the United States",,['non-quantitative fact'],['speech attribution'],['domestic politics'],788,133,100,16,0.37817258883248733,0.5050761421319797,0.12690355329949238
20240910_trump_harris,1295,2,HARRIS,405,479,he would weaponize the Department of Justice against his political enemies,,['non-quantitative fact'],[],"['domestic politics', 'justice']",788,133,74,11,0.5139593908629442,0.6078680203045685,0.09390862944162437
20240910_trump_harris,1295,3,HARRIS,489,549,who has openly expressed disdain for members of our military,,['non-quantitative fact'],['speech attribution'],['defense/military'],788,133,60,10,0.6205583756345178,0.6967005076142132,0.07614213197969544
20240910_trump_harris,1297,0,TRUMP,7,68,the fake Russia Russia Russia investigation that went nowhere,,['non-quantitative fact'],['epistemic'],"['domestic politics', 'international relations', 'justice']",69,10,61,9,0.10144927536231885,0.9855072463768116,0.8840579710144928
20240910_trump_harris,1298,0,HARRIS,188,243,I made that very clear in 2020. I will not ban fracking,,"['non-quantitative fact', 'temporal reference']",['stance'],['energy'],2039,369,55,12,0.0922020598332516,0.11917606669936243,0.026974006866110838
20240910_trump_harris,1298,1,HARRIS,245,310,I have not banned fracking as Vice President of the United States,,['non-quantitative fact'],['behavioral attribution'],['energy'],2039,369,65,12,0.12015693967631191,0.1520353114271702,0.03187837175085827
20240910_trump_harris,1298,2,HARRIS,326,384,I was the tie-breaking vote on the Inflation Reduction Act,,['non-quantitative fact'],['behavioral attribution'],"['economy', 'domestic politics']",2039,369,58,10,0.15988229524276606,0.18832761157430114,0.028445316331535065
20240910_trump_harris,1298,3,HARRIS,386,422,which opened new leases for fracking,,['non-quantitative fact'],[],['energy'],2039,369,36,6,0.1893084845512506,0.20696419813634134,0.01765571358509073
20240910_trump_harris,1298,4,HARRIS,537,607,We have had the largest increase in domestic oil production in history,,['ranking'],[],['energy'],2039,369,70,12,0.2633643943109367,0.2976949485041687,0.03433055419323198
20240910_trump_harris,1298,5,HARRIS,937,1030,not everybody got handed $400 million on a silver platter and then filed bankruptcy six times,"very hard because of ""not everybody"" being sarcasm",['quantitative precise'],['behavioral attribution'],['personal life'],2039,369,93,16,0.45953898970083373,0.5051495831289848,0.045610593428151054
20240910_trump_harris,1299,0,TRUMP,20,47,I wasn't given $400 million,,['quantitative precise'],[],['personal life'],713,133,27,5,0.028050490883590462,0.06591865357643759,0.037868162692847124
20240910_trump_harris,1299,1,TRUMP,168,267,"I was given a fraction of that, a tiny fraction, and I built it into many, many billions of dollars",,['quantitative vague'],[],['personal life'],713,133,99,20,0.23562412342215988,0.3744740532959327,0.1388499298737728
20240910_trump_harris,1299,2,TRUMP,387,421,She's been against it for 12 years,,"['non-quantitative fact', 'trend/change']",['stance'],[],713,133,34,7,0.5427769985974754,0.5904628330995793,0.047685834502103785
20240910_trump_harris,1299,3,TRUMP,446,483,She's been against [sic] that forever,,['non-quantitative fact'],['stance'],[],713,133,37,6,0.6255259467040674,0.6774193548387096,0.051893408134642355
20240910_trump_harris,1299,4,TRUMP,680,712,she was big on defund the police,,['non-quantitative fact'],['stance'],['justice'],713,133,32,7,0.9537166900420757,0.9985974754558204,0.04488078541374474
20240910_trump_harris,1303,0,TRUMP,14,170,"she went out in Minnesota and wanted to let criminals that killed people, that burned down Minneapolis, she went out and raised money to get 'em out of jail",,['non-quantitative fact'],['behavioral attribution'],['crime'],1475,279,156,29,0.009491525423728813,0.1152542372881356,0.10576271186440678
20240910_trump_harris,1303,1,TRUMP,224,299,she wants to do transgender operations on illegal aliens that are in prison,,['non-quantitative fact'],"['stance', 'conspiracy']","['immigration', 'crime', 'justice', 'LGBTQ+']",1475,279,75,13,0.151864406779661,0.20271186440677966,0.05084745762711865
20240910_trump_harris,1303,2,TRUMP,352,385,She wants to confiscate your guns,,['non-quantitative fact'],['stance'],['firearms / gun control'],1475,279,33,6,0.23864406779661018,0.26101694915254237,0.022372881355932205
20240910_trump_harris,1303,3,TRUMP,390,435,she will never allow fracking in Pennsylvania,,['non-quantitative fact'],['stance'],['energy'],1475,279,45,7,0.26440677966101694,0.29491525423728815,0.030508474576271188
20240910_trump_harris,1303,4,TRUMP,437,506,"If she won the election, fracking in Pennsylvania will end on day one",,['forecast'],['stance'],"['energy', 'domestic politics']",1475,279,69,13,0.29627118644067796,0.3430508474576271,0.04677966101694915
20240910_trump_harris,1303,5,TRUMP,712,736,the prices were going up,,['trend/change'],[],[],1475,279,24,5,0.48271186440677966,0.49898305084745764,0.016271186440677966
20240910_trump_harris,1303,6,TRUMP,975,1025,the prices of energy were quadrupling and doubling,,"['quantitative precise', 'trend/change']",[],['energy'],1475,279,50,8,0.6610169491525424,0.6949152542372882,0.03389830508474576
20240910_trump_harris,1303,7,TRUMP,1303,1364,where they need a whole desert to get some energy to come out,,['non-quantitative fact'],[],['energy'],1475,279,61,13,0.8833898305084745,0.9247457627118644,0.04135593220338983
20240910_trump_harris,1303,8,TRUMP,1406,1428,I'm a big fan of solar,,['non-quantitative fact'],['stance'],"['energy', 'environment']",1475,279,22,6,0.9532203389830508,0.9681355932203389,0.014915254237288136
20240910_trump_harris,1303,9,TRUMP,1434,1473,"they take 400, 500 acres of desert soil",,['quantitative approximate'],[],[],1475,279,39,8,0.9722033898305085,0.9986440677966102,0.026440677966101694
20240910_trump_harris,1305,0,TRUMP,42,95,"Peacefully and patriotically, I said during my speech",,['non-quantitative fact'],['speech attribution'],[],1063,188,53,8,0.03951081843838194,0.08936970837253057,0.04985888993414864
20240910_trump_harris,1305,1,TRUMP,145,180,nobody on the other side was killed,,['non-quantitative fact'],[],[],1063,188,35,7,0.13640639698965193,0.16933207902163688,0.03292568203198495
20240910_trump_harris,1305,2,TRUMP,182,240,Ashli Babbitt was shot by an out-of-control police officer,,['non-quantitative fact'],[],['justice'],1063,188,58,9,0.17121354656632173,0.2257761053621825,0.05456255879586077
20240910_trump_harris,1305,3,TRUMP,391,454,the people that are pouring into our country and killing people,,['non-quantitative fact'],[],"['immigration', 'crime']",1063,188,63,11,0.367826904985889,0.4270931326434619,0.059266227657572904
20240910_trump_harris,1305,4,TRUMP,934,975,they're coming in from all over the world,,['non-quantitative fact'],[],['immigration'],1063,188,41,8,0.878645343367827,0.9172154280338665,0.03857008466603951
20240910_trump_harris,1305,5,TRUMP,1008,1047,crime rates are down all over the world,,['trend/change'],[],['crime'],1063,188,39,8,0.9482596425211665,0.9849482596425212,0.036688617121354655
20240910_trump_harris,1306,0,TRUMP,192,246,they took over a big percentage of the city of Seattle,,['quantitative vague'],[],['immigration'],293,52,54,11,0.6552901023890785,0.8395904436860068,0.18430034129692832
20240910_trump_harris,1308,0,TRUMP,0,71,I had nothing to do with that other than they asked me to make a speech,,['non-quantitative fact'],['behavioral attribution'],[],813,162,71,16,0.0,0.08733087330873308,0.08733087330873308
20240910_trump_harris,1308,1,TRUMP,341,361,it wasn't done by me,,['non-quantitative fact'],['behavioral attribution'],[],813,162,20,5,0.4194341943419434,0.4440344403444034,0.024600246002460024
20240910_trump_harris,1308,2,TRUMP,363,384,It was done by others,,['non-quantitative fact'],['behavioral attribution'],[],813,162,21,5,0.44649446494464945,0.47232472324723246,0.025830258302583026
20240910_trump_harris,1308,3,TRUMP,520,600,her daughter has a tape of her saying she is fully responsible for what happened,,['non-quantitative fact'],"['speech attribution', 'epistemic']",[],813,162,80,15,0.6396063960639606,0.7380073800738007,0.0984009840098401
20240910_trump_harris,1308,4,TRUMP,726,759,I wasn't responsible for security,,['non-quantitative fact'],['behavioral attribution'],[],813,162,33,5,0.8929889298892989,0.933579335793358,0.04059040590405904
20240910_trump_harris,1308,5,TRUMP,761,789,Nancy Pelosi was responsible,,['non-quantitative fact'],['behavioral attribution'],[],813,162,28,4,0.9360393603936039,0.9704797047970479,0.03444034440344403
20240910_trump_harris,1309,0,HARRIS,0,35,I was at the Capitol on January 6th,,"['non-quantitative fact', 'temporal reference']",[],"['domestic politics', 'terrorism']",1548,284,35,8,0.0,0.02260981912144703,0.02260981912144703
20240910_trump_harris,1309,1,HARRIS,37,67,I was the Vice President-Elect,,['non-quantitative fact'],[],['domestic politics'],1548,284,30,5,0.023901808785529714,0.043281653746770024,0.01937984496124031
20240910_trump_harris,1309,2,HARRIS,69,97,I was also an acting senator,,['non-quantitative fact'],[],['domestic politics'],1548,284,28,6,0.044573643410852716,0.06266149870801034,0.01808785529715762
20240910_trump_harris,1309,3,HARRIS,129,251,"the President of the United States incited a violent mob to attack our nation's Capitol, to desecrate our nation's Capitol",,['non-quantitative fact'],['behavioral attribution'],['terrorism'],1548,284,122,20,0.08333333333333333,0.16214470284237725,0.07881136950904392
20240910_trump_harris,1309,4,HARRIS,266,322,140 law enforcement officers were injured. And some died,,"['quantitative precise', 'quantitative vague']",[],['justice'],1548,284,56,9,0.17183462532299743,0.20801033591731266,0.03617571059431524
20240910_trump_harris,1309,5,HARRIS,340,416,the former President has been indicted and impeached for exactly that reason,,['non-quantitative fact'],[],"['domestic politics', 'justice']",1548,284,76,12,0.21963824289405684,0.268733850129199,0.04909560723514212
20240910_trump_harris,1309,6,HARRIS,489,568,"where there was a mob of people carrying tiki torches, spewing antisemitic hate",,['non-quantitative fact'],[],['ethnicity/race'],1548,284,79,13,0.31589147286821706,0.3669250645994832,0.05103359173126615
20240910_trump_harris,1309,7,HARRIS,574,654,what did the President then at the time say? There were fine people on each side,"TODO: include ""what did""?",['non-quantitative fact'],['speech attribution'],[],1548,284,80,16,0.3708010335917313,0.42248062015503873,0.05167958656330749
20240910_trump_harris,1309,8,HARRIS,676,792,"when it came to the Proud Boys, a militia, the President said, the former President said, ""Stand back and stand by.""",,['non-quantitative fact'],['speech attribution'],['terrorism'],1548,284,116,21,0.43669250645994834,0.5116279069767442,0.07493540051679587
20240910_trump_harris,1309,9,HARRIS,1287,1429,"Donald Trump the candidate has said in this election there will be a bloodbath, if this--and the outcome of this election is not to his liking",,['non-quantitative fact'],['speech attribution'],['domestic politics'],1548,284,142,26,0.8313953488372093,0.9231266149870802,0.0917312661498708
20240910_trump_harris,1310,0,TRUMP,204,250,"that story has been as you would say, debunked",,['non-quantitative fact'],['epistemic'],[],1249,235,46,9,0.1633306645316253,0.200160128102482,0.03682946357085669
20240910_trump_harris,1310,1,TRUMP,387,428,It was debunked in almost every newspaper,,['non-quantitative fact'],['epistemic'],[],1249,235,41,7,0.3098478783026421,0.34267413931144913,0.03282626100880705
20240910_trump_harris,1310,2,TRUMP,573,648,we allowing these millions of people to come through on the southern border,,['quantitative approximate'],[],['immigration'],1249,235,75,13,0.45876701361088873,0.5188150520416333,0.0600480384307446
20240910_trump_harris,1310,3,TRUMP,1058,1139,they have the right to do it. They don't need bills. They have the right to do it,,['non-quantitative fact'],[],['domestic politics'],1249,235,81,18,0.8470776621297038,0.911929543634908,0.06485188150520416
20240910_trump_harris,1312,0,TRUMP,2,50,"Those people are killing many people, unlike J-6",,['non-quantitative fact'],['behavioral attribution'],"['domestic politics', 'terrorism', 'crime']",51,8,48,8,0.0392156862745098,0.9803921568627451,0.9411764705882353
20240910_trump_harris,1315,0,TRUMP,236,319,I got almost 75 million votes. The most votes any sitting president has ever gotten,,"['quantitative approximate', 'ranking']",[],['domestic politics'],912,171,83,15,0.25877192982456143,0.34978070175438597,0.09100877192982457
20240910_trump_harris,1315,1,TRUMP,332,394,"if I got 63, which was what I got in 2016, you can't be beaten",,"['quantitative precise', 'temporal reference']",[],[],912,171,62,15,0.36403508771929827,0.43201754385964913,0.06798245614035088
20240910_trump_harris,1315,2,TRUMP,676,710,they're trying to get them to vote,,['non-quantitative fact'],"['behavioral attribution', 'conspiracy']",['domestic politics'],912,171,34,7,0.7412280701754386,0.7785087719298246,0.03728070175438596
20240910_trump_harris,1315,3,TRUMP,805,911,these people are trying to get them to vote. And that's why they're allowing them to come into our country,,['non-quantitative fact'],"['behavioral attribution', 'conspiracy']","['domestic politics', 'immigration']",912,171,106,20,0.8826754385964912,0.9989035087719298,0.1162280701754386
20240910_trump_harris,1316,0,TRUMP,0,21,No judge looked at it,,['non-quantitative fact'],[],['justice'],22,5,21,5,0.0,0.9545454545454546,0.9545454545454546
20240910_trump_harris,1317,0,TRUMP,0,33,They said we didn't have standing,,['non-quantitative fact'],['speech attribution'],[],745,138,33,6,0.0,0.04429530201342282,0.04429530201342282
20240910_trump_harris,1317,1,TRUMP,59,92,They said we didn't have standing,,['non-quantitative fact'],['speech attribution'],[],745,138,33,6,0.07919463087248323,0.12348993288590604,0.04429530201342282
20240910_trump_harris,1318,0,HARRIS,170,297,a President of the United States who attempts as he did in the past to upend the will of the voters in a free and fair election,,['non-quantitative fact'],[],['domestic politics'],925,174,127,27,0.1837837837837838,0.3210810810810811,0.1372972972972973
20240910_trump_harris,1318,1,HARRIS,643,668,court cases you have lost,,['non-quantitative fact'],[],['justice'],925,174,25,5,0.6951351351351351,0.7221621621621621,0.02702702702702703
20240910_trump_harris,1318,2,HARRIS,678,712,you did in fact lose that election,,['non-quantitative fact'],[],['domestic politics'],925,174,34,7,0.7329729729729729,0.7697297297297298,0.036756756756756756
20240910_trump_harris,1319,0,TRUMP,592,626,I ended the Nord Stream 2 pipeline,,['non-quantitative fact'],['behavioral attribution'],"['energy', 'international relations']",1380,266,34,7,0.4289855072463768,0.45362318840579713,0.02463768115942029
20240910_trump_harris,1319,1,TRUMP,631,659,Biden put it back on day one,,['non-quantitative fact'],['behavioral attribution'],[],1380,266,28,7,0.4572463768115942,0.47753623188405797,0.020289855072463767
20240910_trump_harris,1319,2,TRUMP,664,735,he ended the XL pipeline. The XL pipeline in our country. He ended that,,['non-quantitative fact'],['behavioral attribution'],['energy'],1380,266,71,14,0.4811594202898551,0.532608695652174,0.05144927536231884
20240910_trump_harris,1319,3,TRUMP,741,859,he let the Russians build a pipeline going all over Europe and heading into Germany. The biggest pipeline in the world,,"['non-quantitative fact', 'ranking']",['behavioral attribution'],"['energy', 'international relations']",1380,266,118,21,0.5369565217391304,0.6224637681159421,0.08550724637681159
20240910_trump_harris,1319,4,TRUMP,1144,1160,she got no votes,,['non-quantitative fact'],[],['domestic politics'],1380,266,16,4,0.8289855072463768,0.8405797101449275,0.011594202898550725
20240910_trump_harris,1319,5,TRUMP,1162,1185,he got 14 million votes,,['quantitative precise'],[],['domestic politics'],1380,266,23,5,0.8420289855072464,0.8586956521739131,0.016666666666666666
20240910_trump_harris,1319,6,TRUMP,1239,1262,He got 14 million votes,,['quantitative precise'],[],['domestic politics'],1380,266,23,5,0.8978260869565218,0.9144927536231884,0.016666666666666666
20240910_trump_harris,1319,7,TRUMP,1267,1295,they threw him out of office,,['non-quantitative fact'],[],['domestic politics'],1380,266,28,6,0.9181159420289855,0.9384057971014492,0.020289855072463767
20240910_trump_harris,1320,0,TRUMP,4,27,he had 14 million votes,,['quantitative precise'],[],['domestic politics'],205,41,23,5,0.01951219512195122,0.13170731707317074,0.11219512195121951
20240910_trump_harris,1320,1,TRUMP,29,47,They threw 'im out,,['non-quantitative fact'],['behavioral attribution'],[],205,41,18,4,0.14146341463414633,0.22926829268292684,0.08780487804878048
20240910_trump_harris,1320,2,TRUMP,49,67,She got zero votes,,['quantitative precise'],[],['domestic politics'],205,41,18,4,0.23902439024390243,0.32682926829268294,0.08780487804878048
20240910_trump_harris,1322,0,HARRIS,40,209,"On Oct. 7, Hamas, a terrorist organization, slaughtered twelve hundred Israelis. Many of them young people who were simply attending a concert. Women were horribly raped",,"['quantitative precise', 'quantitative vague', 'temporal reference']",['behavioral attribution'],['terrorism'],1217,214,169,26,0.03286770747740345,0.17173377156943304,0.1388660640920296
20240910_trump_harris,1322,1,HARRIS,367,424,"innocent Palestinians have been killed. Children, mothers",,['non-quantitative fact'],[],['war/conflict'],1217,214,57,7,0.30156121610517667,0.3483976992604766,0.04683648315529992
20240910_trump_harris,1322,2,HARRIS,1006,1053,threat that Iran and its proxies pose to Israel,,['non-quantitative fact'],[],['war/conflict'],1217,214,47,9,0.8266228430566968,0.8652423993426458,0.038619556285949055
20240910_trump_harris,1323,0,TRUMP,151,211,"there was no threat of it either, by the way, for four years",,"['non-quantitative fact', 'trend/change']",[],[],1773,324,60,13,0.08516638465877044,0.11900733220530176,0.0338409475465313
20240910_trump_harris,1323,1,TRUMP,240,265,killed millions of people,,['quantitative approximate'],[],['war/conflict'],1773,324,25,4,0.1353637901861252,0.14946418499717992,0.01410039481105471
20240910_trump_harris,1323,2,TRUMP,399,415,she hates Israel,,['non-quantitative fact'],['stance'],['international relations'],1773,324,16,3,0.22504230118443316,0.23406655386350816,0.009024252679075015
20240910_trump_harris,1323,3,TRUMP,417,511,She wouldn't even meet with Netanyahu when he went to Congress to make a very important speech,,['non-quantitative fact'],['behavioral attribution'],['international relations'],1773,324,94,17,0.23519458544839256,0.2882120699379583,0.05301748448956571
20240910_trump_harris,1323,4,TRUMP,513,620,She refused to be there because she was at a sorority party of hers. She wanted to go to the sorority party,,['non-quantitative fact'],['behavioral attribution'],['personal life'],1773,324,107,22,0.2893401015228426,0.3496897913141568,0.06034968979131416
20240910_trump_harris,1323,5,TRUMP,622,638,She hates Israel,,['non-quantitative fact'],['stance'],['international relations'],1773,324,16,3,0.3508178228990412,0.3598420755781162,0.009024252679075015
20240910_trump_harris,1323,6,TRUMP,803,819,She hates Israel,,['non-quantitative fact'],['stance'],['international relations'],1773,324,16,3,0.45290468133107725,0.4619289340101523,0.009024252679075015
20240910_trump_harris,1323,7,TRUMP,853,882,she hates the Arab population,,['non-quantitative fact'],['stance'],['international relations'],1773,324,29,5,0.4811054709531867,0.49746192893401014,0.016356457980823462
20240910_trump_harris,1323,8,TRUMP,1011,1044,Iran was broke under Donald Trump,,['non-quantitative fact'],[],"['economy', 'international relations']",1773,324,33,6,0.5702199661590525,0.5888324873096447,0.018612521150592216
20240910_trump_harris,1323,9,TRUMP,1050,1122,Iran has $300 billion because they took off all the sanctions that I had,,"['quantitative precise', 'causation']",['behavioral attribution'],['international relations'],1773,324,72,14,0.5922165820642978,0.6328257191201354,0.04060913705583756
20240910_trump_harris,1323,10,TRUMP,1124,1209,Iran had no money for Hamas or Hezbollah or any of the 28 different spheres of terror,,['non-quantitative fact'],[],['terrorism'],1773,324,85,17,0.6339537507050197,0.6818950930626058,0.047941342357586014
20240910_trump_harris,1323,11,TRUMP,1353,1398,They had no money for terror. They were broke,,['non-quantitative fact'],[],['terrorism'],1773,324,45,9,0.7631133671742809,0.7884940778341794,0.025380710659898477
20240910_trump_harris,1323,12,TRUMP,1404,1425,they're a rich nation,,['non-quantitative fact'],[],['economy'],1773,324,21,4,0.7918781725888325,0.8037225042301185,0.011844331641285956
20240910_trump_harris,1324,0,HARRIS,39,111,I have my entire career and life supported Israel and the Israeli people,,['non-quantitative fact'],['stance'],['international relations'],1044,194,72,13,0.03735632183908046,0.10632183908045977,0.06896551724137931
20240910_trump_harris,1324,1,HARRIS,321,397,"he admires dictators, wants to be a dictator on day one according to himself",,['non-quantitative fact'],"['speech attribution', 'stance']",['domestic politics'],1044,194,76,14,0.3074712643678161,0.38026819923371646,0.07279693486590039
20240910_trump_harris,1324,2,HARRIS,421,499,he said of Putin that he can do whatever the hell he wants and go into Ukraine,,['non-quantitative fact'],['speech attribution'],['war/conflict'],1044,194,78,17,0.40325670498084293,0.4779693486590038,0.07471264367816093
20240910_trump_harris,1324,3,HARRIS,523,577,he said when Russia went into Ukraine it was brilliant,,['non-quantitative fact'],['speech attribution'],['war/conflict'],1044,194,54,10,0.5009578544061303,0.5526819923371648,0.05172413793103448
20240910_trump_harris,1324,4,HARRIS,596,638,he exchanged love letters with Kim Jong Un,,['non-quantitative fact'],['behavioral attribution'],['international relations'],1044,194,42,8,0.5708812260536399,0.6111111111111112,0.040229885057471264
20240910_trump_harris,1324,5,HARRIS,677,748,these dictators and autocrats are rooting for you to be president again,,['non-quantitative fact'],['stance'],['international relations'],1044,194,71,12,0.6484674329501916,0.7164750957854407,0.06800766283524905
20240910_trump_harris,1326,0,TRUMP,135,190,168 different countries sending people into our country,,['quantitative precise'],[],['immigration'],821,137,55,8,0.16443361753958588,0.23142509135200975,0.06699147381242387
20240910_trump_harris,1326,1,TRUMP,192,222,Their crime rates are way down,,['trend/change'],[],['crime'],821,137,30,6,0.23386114494518878,0.27040194884287455,0.03654080389768575
20240910_trump_harris,1326,2,TRUMP,224,278,"Putin endorsed her last week. Said, ""I hope she wins.""",,['non-quantitative fact'],"['speech attribution', 'stance']","['domestic politics', 'international relations']",821,137,54,10,0.2728380024360536,0.3386114494518879,0.06577344701583435
20240910_trump_harris,1326,3,TRUMP,553,750,"Biden go in and kill the Keystone pipeline and approve the single biggest deal that Russia's ever made, Nordstream 2, the biggest pipeline anywhere in the world going to Germany and all over Europe",,['non-quantitative fact'],['behavioral attribution'],"['energy', 'international relations']",821,137,197,34,0.6735688185140073,0.9135200974421437,0.23995127892813642
20240910_trump_harris,1328,0,TRUMP,69,123,people being killed by the millions. It's the millions,,['quantitative approximate'],[],['war/conflict'],2099,403,54,9,0.03287279656979514,0.058599333015721775,0.02572653644592663
20240910_trump_harris,1328,1,TRUMP,182,204,which are fake numbers,,['non-quantitative fact'],['conspiracy'],[],2099,403,22,4,0.08670795616960457,0.09718913768461172,0.010481181515007145
20240910_trump_harris,1328,2,TRUMP,212,244,we're in for 250 billion or more,,['quantitative precise'],[],[],2099,403,32,7,0.1010004764173416,0.11624583134826108,0.015245354930919485
20240910_trump_harris,1328,3,TRUMP,352,379,They're in for $150 billion,,['quantitative precise'],[],[],2099,403,27,5,0.16769890424011433,0.18056217246307765,0.012863268222963315
20240910_trump_harris,1328,4,TRUMP,466,530,"They paid billions and billions, hundreds of billions of dollars",,['quantitative precise'],[],[],2099,403,64,10,0.222010481181515,0.252501191043354,0.03049070986183897
20240910_trump_harris,1328,5,TRUMP,729,785,We're in for 250 to 275 billion. They're into 100 to 150,,['quantitative precise'],[],[],2099,403,56,12,0.34730824202000954,0.3739876131491186,0.0266793711291091
20240910_trump_harris,1328,6,TRUMP,1088,1142,He hasn't even made a phone call in two years to Putin,,['non-quantitative fact'],['behavioral attribution'],['international relations'],2099,403,54,12,0.5183420676512626,0.5440686040971892,0.02572653644592663
20240910_trump_harris,1328,7,TRUMP,1832,1855,millions of people dead,,['quantitative approximate'],[],['war/conflict'],2099,403,23,4,0.8727965697951405,0.883754168651739,0.01095759885659838
20240910_trump_harris,1328,8,TRUMP,1888,1916,it could lead to World War 3,,"['non-quantitative fact', 'forecast']",[],['war/conflict'],2099,403,28,7,0.8994759409242497,0.9128156264888042,0.01333968556455455
20240910_trump_harris,1329,0,TRUMP,0,32,They threw him out of a campaign,,['non-quantitative fact'],['behavioral attribution'],['domestic politics'],111,23,32,7,0.0,0.2882882882882883,0.2882882882882883
20240910_trump_harris,1333,0,HARRIS,337,399,I actually met with Zelenskyy a few days before Russia invaded,,['non-quantitative fact'],['behavioral attribution'],"['international relations', 'war/conflict']",1899,326,62,11,0.17746182201158506,0.21011058451816747,0.03264876250658241
20240910_trump_harris,1333,1,HARRIS,590,620,I met with President Zelenskyy,,['non-quantitative fact'],['behavioral attribution'],['international relations'],1899,326,30,5,0.31068983675618744,0.3264876250658241,0.01579778830963665
20240910_trump_harris,1333,2,HARRIS,622,661,I shared with him American intelligence,,['non-quantitative fact'],['behavioral attribution'],['defense/military'],1899,326,39,6,0.32754081095313325,0.34807793575566087,0.020537124802527645
20240910_trump_harris,1333,3,HARRIS,708,761,"I went to NATO's eastern flank, to Poland and Romania",,['non-quantitative fact'],['behavioral attribution'],['international relations'],1899,326,53,10,0.37282780410742494,0.4007372301211164,0.027909426013691417
20240910_trump_harris,1333,4,HARRIS,807,858,we brought 50 countries together to support Ukraine,,['quantitative precise'],['behavioral attribution'],"['international relations', 'war/conflict']",1899,326,51,8,0.42496050552922593,0.4518167456556082,0.026856240126382307
20240910_trump_harris,1333,5,HARRIS,924,1024,"the air defense, the ammunition, the artillery, the javelins, the Abrams tanks that we have provided",,['non-quantitative fact'],[],"['international relations', 'defense/military']",1899,326,100,16,0.48657187993680884,0.5392311743022643,0.0526592943654555
20240910_trump_harris,1333,6,HARRIS,1690,1745,"the 800,000 Polish Americans right here in Pennsylvania",,['quantitative precise'],[],['immigration'],1899,326,55,8,0.889942074776198,0.9189046866771985,0.028962611901000527
20240910_trump_harris,1336,0,TRUMP,49,80,"have lost 300,000 men and women",,['quantitative precise'],[],['war/conflict'],122,23,31,6,0.4016393442622951,0.6557377049180327,0.2540983606557377
20240910_trump_harris,1338,0,TRUMP,160,184,He's got nuclear weapons,,['non-quantitative fact'],[],['nuclear armament'],832,149,24,4,0.19230769230769232,0.22115384615384615,0.028846153846153848
20240910_trump_harris,1338,1,TRUMP,219,243,He's got nuclear weapons,,['non-quantitative fact'],[],['nuclear armament'],832,149,24,4,0.26322115384615385,0.2920673076923077,0.028846153846153848
20240910_trump_harris,1338,2,TRUMP,481,589,they sent her to negotiate peace before this war started. Three days later he went in and he started the war,,"['non-quantitative fact', 'temporal reference']",['behavioral attribution'],"['international relations', 'war/conflict']",832,149,108,21,0.578125,0.7079326923076923,0.12980769230769232
20240910_trump_harris,1338,3,TRUMP,726,830,They sent her in to negotiate with Zelenskyy and Putin. And she did and the war started three days later,,"['non-quantitative fact', 'temporal reference']",['behavioral attribution'],"['international relations', 'war/conflict']",832,149,104,20,0.8725961538461539,0.9975961538461539,0.125
20240910_trump_harris,1339,0,TRUMP,287,361,They sent her in to negotiate. As soon as they left Putin did the invasion,,['non-quantitative fact'],['behavioral attribution'],"['international relations', 'war/conflict']",362,69,74,15,0.7928176795580111,0.9972375690607734,0.20441988950276244
20240910_trump_harris,1340,0,HARRIS,186,223,I've now met with him over five times,,['quantitative approximate'],['behavioral attribution'],['international relations'],975,170,37,8,0.19076923076923077,0.2287179487179487,0.03794871794871795
20240910_trump_harris,1342,0,TRUMP,222,265,for years we were paying almost all of NATO,,['quantitative approximate'],['behavioral attribution'],['international relations'],454,86,43,9,0.4889867841409692,0.5837004405286343,0.0947136563876652
20240910_trump_harris,1344,0,HARRIS,23,90,I agreed with President Biden's decision to pull out of Afghanistan,,['non-quantitative fact'],['stance'],['war/conflict'],1617,280,67,11,0.01422387136672851,0.055658627087198514,0.04143475572047001
20240910_trump_harris,1344,1,HARRIS,92,123,Four presidents said they would,,['non-quantitative fact'],[],['domestic politics'],1617,280,31,5,0.05689548546691404,0.07606679035250463,0.0191713048855906
20240910_trump_harris,1344,2,HARRIS,196,254,the $300 million a day we were paying for that endless war,,['quantitative precise'],[],['war/conflict'],1617,280,58,12,0.12121212121212122,0.15708101422387136,0.035868893011750155
20240910_trump_harris,1344,3,HARRIS,273,427,there is not one member of the United States military who is in active duty in a combat zone in any war zone around the world--the first time this century,,"['non-quantitative fact', 'ranking']",[],['war/conflict'],1617,280,154,30,0.16883116883116883,0.26406926406926406,0.09523809523809523
20240910_trump_harris,1344,4,HARRIS,601,664,"his National Security Adviser said it was a weak, terrible deal",,['non-quantitative fact'],['speech attribution'],['defense/military'],1617,280,63,11,0.3716759431045145,0.4106369820655535,0.03896103896103896
20240910_trump_harris,1344,5,HARRIS,695,801,He bypassed the Afghan government. He negotiated directly with a terrorist organization called the Taliban,,['non-quantitative fact'],['behavioral attribution'],"['international relations', 'terrorism']",1617,280,106,15,0.4298082869511441,0.49536178107606677,0.0655534941249227
20240910_trump_harris,1344,6,HARRIS,803,894,"The negotiation involved the Taliban getting 5,000 terrorists, Taliban terrorists, released",,['quantitative precise'],[],['terrorism'],1617,280,91,11,0.4965986394557823,0.5528756957328386,0.05627705627705628
20240910_trump_harris,1344,7,HARRIS,928,987,the President at the time invited the Taliban to Camp David,,['non-quantitative fact'],['behavioral attribution'],"['international relations', 'terrorism']",1617,280,59,11,0.5739022881880025,0.6103896103896104,0.036487322201607914
20240910_trump_harris,1344,8,HARRIS,1160,1221,this former President as President invited them to Camp David,,['non-quantitative fact'],['behavioral attribution'],['international relations'],1617,280,61,10,0.717377860235003,0.7551020408163265,0.03772418058132344
20240910_trump_harris,1344,9,HARRIS,1414,1498,"he has consistently disparaged and demeaned members of our military, fallen soldiers",,['non-quantitative fact'],['behavioral attribution'],['defense/military'],1617,280,84,12,0.8744588744588745,0.9264069264069265,0.05194805194805195
20240910_trump_harris,1345,0,TRUMP,63,127,"the Taliban was killing our soldiers, a lot of 'em, with snipers",,['quantitative vague'],['behavioral attribution'],"['war/conflict', 'terrorism']",1292,240,64,12,0.048761609907120744,0.09829721362229102,0.04953560371517028
20240910_trump_harris,1345,1,TRUMP,173,206,the Taliban was doing the killing,,['non-quantitative fact'],['behavioral attribution'],['terrorism'],1292,240,33,6,0.13390092879256965,0.15944272445820434,0.025541795665634675
20240910_trump_harris,1345,2,TRUMP,371,440,Abdul is the head of the Taliban. He is still the head of the Taliban,,['non-quantitative fact'],[],['terrorism'],1292,240,69,15,0.2871517027863777,0.34055727554179566,0.053405572755417956
20240910_trump_harris,1345,3,TRUMP,645,679,for 18 months we had nobody killed,,"['non-quantitative fact', 'temporal reference']",[],['war/conflict'],1292,240,34,7,0.49922600619195046,0.5255417956656346,0.02631578947368421
20240910_trump_harris,1345,4,TRUMP,681,731,We did have an agreement negotiated by Mike Pompeo,,['non-quantitative fact'],[],['war/conflict'],1292,240,50,9,0.5270897832817337,0.5657894736842105,0.03869969040247678
20240910_trump_harris,1345,5,TRUMP,914,940,left many Americans behind,,['quantitative vague'],[],[],1292,240,26,4,0.7074303405572755,0.7275541795665634,0.020123839009287926
20240910_trump_harris,1345,6,TRUMP,986,1057,left $85 billion worth of brand new beautiful military equipment behind,,['quantitative precise'],[],['defense/military'],1292,240,71,11,0.7631578947368421,0.8181114551083591,0.05495356037151703
20240910_trump_harris,1349,0,HARRIS,101,203,who has consistently over the course of his career attempted to use race to divide the American people,,['non-quantitative fact'],['behavioral attribution'],['ethnicity/race'],1654,301,102,18,0.06106408706166868,0.12273276904474002,0.06166868198307134
20240910_trump_harris,1349,1,HARRIS,497,530,"he owned land, he owned buildings",,['non-quantitative fact'],['behavioral attribution'],"['housing', 'personal life']",1654,301,33,6,0.3004836759371221,0.32043530834340994,0.01995163240628779
20240910_trump_harris,1349,2,HARRIS,536,609,he was investigated because he refused to rent property to Black families,,['non-quantitative fact'],['behavioral attribution'],"['housing', 'ethnicity/race', 'justice']",1654,301,73,12,0.32406287787182586,0.3681983071342201,0.044135429262394194
20240910_trump_harris,1349,3,HARRIS,655,860,"who took out a full-page ad in The New York Times calling for the execution of five young Black and Latino boys who were innocent, the Central Park Five. Took out a full-page ad calling for their execution",,['non-quantitative fact'],"['speech attribution', 'behavioral attribution']","['ethnicity/race', 'justice']",1654,301,205,38,0.39600967351874244,0.5199516324062878,0.12394195888754535
20240910_trump_harris,1349,4,HARRIS,890,966,who spread birther lies about the first Black President of the United States,,['non-quantitative fact'],['behavioral attribution'],"['domestic politics', 'ethnicity/race']",1654,301,76,13,0.5380894800483675,0.5840386940749698,0.045949214026602174
20240910_trump_harris,1350,0,TRUMP,223,304,a lot of people including Mayor Bloomberg agreed with me on the Central Park Five,,"['quantitative vague', 'non-quantitative fact']",['stance'],"['crime', 'justice']",1108,197,81,15,0.20126353790613719,0.2743682310469314,0.07310469314079422
20240910_trump_harris,1350,1,TRUMP,306,348,"They admitted--they said, they pled guilty",,['non-quantitative fact'],"['speech attribution', 'behavioral attribution']",['justice'],1108,197,42,6,0.27617328519855594,0.3140794223826715,0.03790613718411552
20240910_trump_harris,1350,2,TRUMP,982,1016,The worst inflation we've ever had,,['ranking'],[],['economy'],1108,197,34,6,0.8862815884476535,0.9169675090252708,0.030685920577617327
20240910_trump_harris,1353,0,TRUMP,0,35,She has a plan to defund the police,,['non-quantitative fact'],['stance'],['justice'],88,16,35,8,0.0,0.3977272727272727,0.3977272727272727
20240910_trump_harris,1353,1,TRUMP,37,87,She has a flan--plan to confiscate everybody's gun,,['non-quantitative fact'],[],['firearms / gun control'],88,16,50,8,0.42045454545454547,0.9886363636363636,0.5681818181818182
20240910_trump_harris,1354,0,TRUMP,0,69,She has a plan to not allow fracking in Pennsylvania or anywhere else,,['non-quantitative fact'],['stance'],['energy'],115,21,69,13,0.0,0.6,0.6
20240910_trump_harris,1356,0,TRUMP,284,363,They wouldn't vote for it. They were unanimous. They wouldn't vote to change it,,['non-quantitative fact'],['stance'],['domestic politics'],1534,311,79,14,0.18513689700130379,0.23663624511082137,0.051499348109517604
20240910_trump_harris,1356,1,TRUMP,467,492,they wouldn't vote for it,,['non-quantitative fact'],['stance'],['domestic politics'],1534,311,25,5,0.3044328552803129,0.32073011734028684,0.016297262059973925
20240910_trump_harris,1358,0,HARRIS,20,116,"I absolutely support and over the last four years as Vice President, private health care options",,['non-quantitative fact'],['stance'],['health/medicine'],2361,437,96,16,0.00847098686997035,0.04913172384582804,0.04066073697585769
20240910_trump_harris,1358,1,HARRIS,403,437,Tim Walz and I are both gun owners,,['non-quantitative fact'],[],"['firearms / gun control', 'personal life']",2361,437,34,8,0.17069038542990259,0.18509106310885218,0.014400677678949597
20240910_trump_harris,1358,2,HARRIS,439,475,We're not taking anybody's guns away,,['non-quantitative fact'],['stance'],['firearms / gun control'],2361,437,36,6,0.1859381617958492,0.20118593816179586,0.015247776365946633
20240910_trump_harris,1358,3,HARRIS,636,734,"When Donald Trump was president, 60 times he tried to get rid of the Affordable Care Act. 60 times",,['quantitative precise'],['behavioral attribution'],['health/medicine'],2361,437,98,19,0.26937738246505716,0.3108852181279119,0.04150783566285472
20240910_trump_harris,1358,4,HARRIS,736,763,I was a Senator at the time,,['non-quantitative fact'],[],['domestic politics'],2361,437,27,7,0.3117323168149089,0.3231681490893689,0.011435832274459974
20240910_trump_harris,1358,5,HARRIS,939,979,"you don't like him, you said at the time",,['non-quantitative fact'],['speech attribution'],[],2361,437,40,9,0.397712833545108,0.4146548072850487,0.0169419737399407
20240910_trump_harris,1358,6,HARRIS,1229,1358,what the Affordable Care Act has done is eliminate the ability of insurance companies to deny people with pre-existing conditions,,['non-quantitative fact'],[],['health/medicine'],2361,437,129,20,0.5205421431596781,0.5751800084709868,0.054637865311308764
20240910_trump_harris,1358,7,HARRIS,1457,1582,"an insurance company could deny if a child had asthma, if someone was a breast cancer survivor, if a grandparent had diabetes",,['non-quantitative fact'],[],['health/medicine'],2361,437,125,22,0.6171113934773401,0.6700550614146548,0.0529436679373147
20240910_trump_harris,1358,8,HARRIS,1703,1808,we have allowed for the first time Medicare to negotiate drug prices on behalf of you the American people,,['non-quantitative fact'],[],['health/medicine'],2361,437,105,19,0.7213045319779754,0.7657772130453198,0.044472681067344345
20240910_trump_harris,1358,9,HARRIS,1810,1884,"Donald Trump said he was gonna allow Medicare to negotiate dr, drug prices",,['non-quantitative fact'],['speech attribution'],['health/medicine'],2361,437,74,13,0.7666243117323168,0.7979669631512071,0.031342651418890304
20240910_trump_harris,1358,10,HARRIS,1886,1898,He never did,,['non-quantitative fact'],['behavioral attribution'],[],2361,437,12,3,0.7988140618382041,0.8038966539601864,0.005082592121982211
20240910_trump_harris,1358,11,HARRIS,1900,1906,We did,,['non-quantitative fact'],['behavioral attribution'],[],2361,437,6,2,0.8047437526471835,0.8072850487081745,0.0025412960609911056
20240910_trump_harris,1358,12,HARRIS,1916,1965,we have capped the cost of insulin at $35 a month,,['quantitative precise'],['behavioral attribution'],['health/medicine'],2361,437,49,11,0.8115205421431597,0.832274459974587,0.02075391783142736
20240910_trump_harris,1358,13,HARRIS,1967,2077,"Since I've been Vice President we have capped the cost of prescription medication for seniors at $2,000 a year",,['quantitative precise'],['behavioral attribution'],['health/medicine'],2361,437,110,19,0.8331215586615841,0.879711986446421,0.046590427784836935
20240910_trump_harris,1360,0,TRUMP,32,74,John McCain fought Obamacare for ten years,,['non-quantitative fact'],['stance'],['health/medicine'],352,61,42,7,0.09090909090909091,0.21022727272727273,0.11931818181818182
20240910_trump_harris,1361,0,TRUMP,112,161,She wants everybody to be on government insurance,,['non-quantitative fact'],['stance'],['health/medicine'],231,39,49,8,0.48484848484848486,0.696969696969697,0.21212121212121213
20240910_trump_harris,1361,1,TRUMP,162,230,where you wait six months for an operation that you need immediately,,['quantitative precise'],[],['health/medicine'],231,39,68,12,0.7012987012987013,0.9956709956709957,0.2943722943722944
20240910_trump_harris,1362,0,HARRIS,6,65,the former President had said that climate change is a hoax,,['non-quantitative fact'],"['speech attribution', 'conspiracy']",['environment'],1320,231,59,11,0.004545454545454545,0.04924242424242424,0.0446969696969697
20240910_trump_harris,1362,1,HARRIS,200,267,who now is either being denied home insurance or is being jacked up,,['non-quantitative fact'],[],['housing'],1320,231,67,13,0.15151515151515152,0.20227272727272727,0.05075757575757576
20240910_trump_harris,1362,2,HARRIS,532,618,over the last four years we have invested a trillion dollars in a clean energy economy,,['quantitative precise'],[],"['economy', 'energy', 'environment']",1320,231,86,16,0.403030303030303,0.4681818181818182,0.06515151515151515
20240910_trump_harris,1362,3,HARRIS,625,671,we have also increased domestic gas production,,['trend/change'],['behavioral attribution'],"['energy', 'environment']",1320,231,46,7,0.4734848484848485,0.5083333333333333,0.03484848484848485
20240910_trump_harris,1362,4,HARRIS,692,776,"We have created over 800,000 new manufacturing jobs while I have been Vice President",,"['quantitative approximate', 'temporal reference']",['behavioral attribution'],['economy'],1320,231,84,14,0.5242424242424243,0.5878787878787879,0.06363636363636363
20240910_trump_harris,1362,5,HARRIS,778,873,We have invested in clean energy to the point that we are opening up factories around the world,,['non-quantitative fact'],['behavioral attribution'],"['energy', 'environment']",1320,231,95,18,0.5893939393939394,0.6613636363636364,0.07196969696969698
20240910_trump_harris,1362,6,HARRIS,875,934,Donald Trump said he was going to create manufacturing jobs,,['non-quantitative fact'],['speech attribution'],['economy'],1320,231,59,10,0.6628787878787878,0.7075757575757575,0.0446969696969697
20240910_trump_harris,1362,7,HARRIS,936,962,He lost manufacturing jobs,,['trend/change'],[],['economy'],1320,231,26,4,0.7090909090909091,0.7287878787878788,0.019696969696969695
20240910_trump_harris,1362,8,HARRIS,1274,1319,closing them like happened under Donald Trump,,['non-quantitative fact'],[],[],1320,231,45,7,0.9651515151515152,0.9992424242424243,0.03409090909090909
20240910_trump_harris,1363,0,TRUMP,61,112,"they lost 10,000 manufacturing jobs this last month",,"['quantitative precise', 'temporal reference']",[],['economy'],1296,228,51,8,0.0470679012345679,0.08641975308641975,0.03935185185185185
20240910_trump_harris,1363,1,TRUMP,147,219,They're building big auto plants in Mexico. In many cases owned by China,,['non-quantitative fact'],[],['automobiles'],1296,228,72,13,0.11342592592592593,0.16898148148148148,0.05555555555555555
20240910_trump_harris,1363,2,TRUMP,814,848,China paid him millions of dollars,,['quantitative approximate'],['conspiracy'],[],1296,228,34,6,0.6280864197530864,0.654320987654321,0.026234567901234566
20240910_trump_harris,1363,3,TRUMP,897,996,They get all this money from Ukraine. They get all this money from all of these different countries,,['non-quantitative fact'],[],['international relations'],1296,228,99,18,0.6921296296296297,0.7685185185185185,0.0763888888888889
20240910_trump_harris,1363,4,TRUMP,1094,1154,he get 3 1/2 million dollars from the mayor of Moscow's wife,,['quantitative precise'],['behavioral attribution'],['personal life'],1296,228,60,12,0.8441358024691358,0.8904320987654321,0.046296296296296294
20240910_trump_harris,1363,5,TRUMP,1180,1213,she pay him 3 1/2 million dollars,,['quantitative precise'],['behavioral attribution'],['personal life'],1296,228,33,7,0.9104938271604939,0.9359567901234568,0.02546296296296296
20240910_trump_harris,1366,0,TRUMP,586,675,"You believe in things like, we're not going to frack. We're not going to take fossil fuel",,['non-quantitative fact'],['stance'],['energy'],1958,372,89,17,0.2992849846782431,0.3447395301327886,0.045454545454545456
20240910_trump_harris,1366,1,TRUMP,779,865,Germany tried that and within one year they were back to building normal energy plants,,['non-quantitative fact'],[],['energy'],1958,372,86,15,0.3978549540347293,0.44177732379979573,0.043922369765066395
20240910_trump_harris,1366,2,TRUMP,1621,1689,She gave a lot of it away to the Taliban. She gave it to Afghanistan,,['quantitative vague'],['behavioral attribution'],"['international relations', 'terrorism']",1958,372,68,15,0.8278855975485189,0.8626149131767109,0.03472931562819203
20240910_trump_harris,1366,3,TRUMP,1764,1844,"allowing millions of people to come into our country, many of them are criminals",,"['quantitative approximate', 'quantitative vague']",[],"['immigration', 'crime']",1958,372,80,14,0.9009193054136875,0.9417773237997957,0.04085801838610827
